binomial_name	species_level	trait_motility	trait_gram_staining	trait_aerophilicity	trait_extreme_environment_tolerance	trait_biofilm_formation	trait_animal_pathogenicity	trait_biosafety_level	trait_health_association	trait_host_association	trait_plant_pathogenicity	trait_spore_formation	trait_cell_shape	agg_tier	agg_mean	agg_n_ordinal	agg_na_frac	agg_max	agg_min	agg_mode
Escherichia coli	extensive	extensive	extensive	extensive	extensive	extensive	extensive	extensive	extensive	extensive	limited	limited	extensive	extensive	1.6667	12	0.0000	extensive	limited	extensive
Staphylococcus aureus	extensive	limited	extensive	extensive	moderate	extensive	extensive	extensive	moderate	extensive	limited	limited	extensive	moderate	1.3333	12	0.0000	extensive	limited	extensive
Pseudomonas aeruginosa	extensive	extensive	extensive	extensive	extensive	extensive	extensive	extensive	limited	moderate	limited	limited	extensive	moderate	1.4167	12	0.0000	extensive	limited	extensive
Helicobacter pylori	extensive	extensive	extensive	extensive	moderate	moderate	limited	moderate	extensive	extensive	limited	limited	extensive	moderate	1.2500	12	0.0000	extensive	limited	extensive
Mycobacterium tuberculosis	extensive	limited	limited	extensive	moderate	moderate	moderate	extensive	limited	extensive	limited	limited	moderate	moderate	0.8333	12	0.0000	extensive	limited	limited
Bacillus subtilis	extensive	extensive	extensive	extensive	extensive	extensive	limited	extensive	extensive	limited	limited	extensive	extensive	extensive	1.5000	12	0.0000	extensive	limited	extensive
Streptococcus pneumoniae	extensive	limited	extensive	moderate	moderate	extensive	moderate	moderate	moderate	extensive	limited	limited	extensive	moderate	1.0833	12	0.0000	extensive	limited	moderate
Klebsiella pneumoniae	extensive	moderate	extensive	extensive	moderate	extensive	extensive	extensive	moderate	extensive	limited	limited	extensive	moderate	1.4167	12	0.0000	extensive	limited	extensive
Listeria monocytogenes	extensive	extensive	extensive	extensive	extensive	extensive	extensive	extensive	limited	extensive	limited	limited	extensive	extensive	1.5000	12	0.0000	extensive	limited	extensive
Haemophilus influenzae	extensive	moderate	extensive	extensive	moderate	moderate	limited	moderate	moderate	extensive	limited	limited	moderate	moderate	1.0000	12	0.0000	extensive	limited	moderate
Streptococcus pyogenes	extensive	limited	extensive	extensive	moderate	extensive	moderate	extensive	limited	extensive	limited	limited	extensive	moderate	1.1667	12	0.0000	extensive	limited	extensive
Lactobacillus acidophilus	extensive	limited	extensive	moderate	moderate	moderate	limited	moderate	extensive	moderate	limited	limited	extensive	moderate	0.9167	12	0.0000	extensive	limited	moderate
Bacillus thuringiensis	extensive	moderate	extensive	moderate	moderate	moderate	limited	moderate	limited	moderate	limited	extensive	extensive	moderate	1.0000	12	0.0000	extensive	limited	moderate
Salmonella enterica	extensive	extensive	extensive	extensive	moderate	extensive	extensive	extensive	limited	extensive	limited	limited	extensive	moderate	1.4167	12	0.0000	extensive	limited	extensive
Neisseria gonorrhoeae	extensive	limited	extensive	extensive	moderate	moderate	limited	extensive	limited	extensive	limited	limited	extensive	moderate	1.0000	12	0.0000	extensive	limited	limited
Vibrio cholerae	extensive	extensive	extensive	extensive	extensive	extensive	moderate	extensive	moderate	extensive	limited	NA	extensive	extensive	1.6364	11	0.0833	extensive	limited	extensive
Staphylococcus epidermidis	extensive	limited	extensive	extensive	moderate	extensive	limited	moderate	extensive	moderate	limited	limited	extensive	moderate	1.0833	12	0.0000	extensive	limited	extensive
Clostridium perfringens	extensive	extensive	extensive	extensive	moderate	moderate	extensive	extensive	moderate	extensive	limited	extensive	extensive	extensive	1.5833	12	0.0000	extensive	limited	extensive
Enterococcus faecium	extensive	limited	extensive	moderate	moderate	extensive	moderate	moderate	extensive	moderate	limited	limited	moderate	moderate	1.0000	12	0.0000	extensive	limited	moderate
Acinetobacter baumannii	extensive	moderate	extensive	extensive	moderate	extensive	moderate	extensive	limited	moderate	limited	limited	moderate	moderate	1.0833	12	0.0000	extensive	limited	moderate
Neisseria meningitidis	extensive	moderate	extensive	extensive	moderate	moderate	moderate	extensive	moderate	extensive	limited	limited	extensive	moderate	1.2500	12	0.0000	extensive	limited	moderate
Streptococcus mutans	extensive	limited	extensive	moderate	moderate	extensive	limited	moderate	moderate	moderate	limited	limited	extensive	moderate	0.9167	12	0.0000	extensive	limited	moderate
Proteus mirabilis	extensive	extensive	extensive	extensive	moderate	extensive	moderate	moderate	moderate	moderate	limited	limited	extensive	moderate	1.2500	12	0.0000	extensive	limited	extensive
Campylobacter jejuni	extensive	extensive	moderate	extensive	moderate	moderate	extensive	moderate	extensive	extensive	limited	limited	moderate	moderate	1.2500	12	0.0000	extensive	limited	extensive
Agrobacterium tumefaciens	extensive	extensive	extensive	extensive	moderate	extensive	limited	extensive	limited	extensive	extensive	limited	extensive	moderate	1.4167	12	0.0000	extensive	limited	extensive
Pseudomonas fluorescens	extensive	extensive	moderate	extensive	moderate	extensive	limited	moderate	limited	limited	limited	limited	extensive	moderate	0.9167	12	0.0000	extensive	limited	limited
Bacillus anthracis	extensive	moderate	extensive	moderate	moderate	moderate	extensive	extensive	limited	moderate	limited	extensive	extensive	moderate	1.2500	12	0.0000	extensive	limited	moderate
Serratia marcescens	extensive	extensive	extensive	extensive	moderate	extensive	moderate	moderate	limited	moderate	limited	limited	extensive	moderate	1.1667	12	0.0000	extensive	limited	extensive
Streptococcus thermophilus	extensive	limited	extensive	moderate	moderate	moderate	limited	limited	extensive	limited	limited	limited	moderate	moderate	0.6667	12	0.0000	extensive	limited	limited
Pseudomonas putida	extensive	extensive	moderate	extensive	moderate	moderate	limited	moderate	limited	limited	limited	limited	extensive	moderate	0.8333	12	0.0000	extensive	limited	limited
Bifidobacterium longum	extensive	limited	extensive	moderate	moderate	moderate	limited	moderate	extensive	extensive	limited	limited	moderate	moderate	0.9167	12	0.0000	extensive	limited	moderate
Legionella pneumophila	extensive	moderate	moderate	extensive	moderate	extensive	extensive	extensive	limited	extensive	limited	limited	moderate	moderate	1.1667	12	0.0000	extensive	limited	extensive
Lactococcus lactis	extensive	limited	extensive	moderate	moderate	moderate	limited	moderate	extensive	limited	limited	limited	moderate	moderate	0.7500	12	0.0000	extensive	limited	limited
Streptococcus agalactiae	extensive	moderate	extensive	moderate	moderate	extensive	extensive	moderate	limited	extensive	limited	limited	extensive	moderate	1.1667	12	0.0000	extensive	limited	extensive
Yersinia pestis	extensive	moderate	extensive	moderate	moderate	moderate	extensive	extensive	limited	extensive	limited	limited	extensive	moderate	1.1667	12	0.0000	extensive	limited	extensive
Enterobacter cloacae	extensive	extensive	extensive	moderate	moderate	moderate	moderate	moderate	moderate	moderate	limited	limited	moderate	moderate	1.0000	12	0.0000	extensive	limited	moderate
Pseudomonas syringae	extensive	extensive	moderate	moderate	moderate	moderate	limited	limited	limited	extensive	extensive	limited	moderate	moderate	0.9167	12	0.0000	extensive	limited	moderate
Bifidobacterium bifidum	extensive	limited	extensive	moderate	moderate	moderate	limited	moderate	extensive	moderate	limited	limited	moderate	moderate	0.8333	12	0.0000	extensive	limited	moderate
Clostridioides difficile	extensive	moderate	extensive	moderate	moderate	moderate	extensive	extensive	extensive	extensive	limited	extensive	moderate	moderate	1.4167	12	0.0000	extensive	limited	extensive
Moraxella catarrhalis	extensive	limited	extensive	extensive	moderate	moderate	limited	moderate	moderate	moderate	limited	NA	moderate	moderate	0.9091	11	0.0833	extensive	limited	moderate
Proteus vulgaris	extensive	extensive	extensive	extensive	moderate	moderate	moderate	moderate	limited	moderate	limited	limited	extensive	moderate	1.0833	12	0.0000	extensive	limited	moderate
Aeromonas hydrophila	extensive	extensive	extensive	extensive	moderate	extensive	extensive	moderate	moderate	moderate	limited	limited	extensive	moderate	1.3333	12	0.0000	extensive	limited	extensive
Yersinia enterocolitica	extensive	extensive	extensive	moderate	moderate	moderate	extensive	moderate	moderate	extensive	limited	limited	moderate	moderate	1.1667	12	0.0000	extensive	limited	moderate
Pasteurella multocida	extensive	moderate	extensive	extensive	moderate	moderate	extensive	moderate	limited	extensive	limited	limited	moderate	moderate	1.0833	12	0.0000	extensive	limited	moderate
Vibrio parahaemolyticus	extensive	extensive	extensive	extensive	moderate	extensive	moderate	moderate	limited	extensive	limited	limited	extensive	moderate	1.2500	12	0.0000	extensive	limited	extensive
Gardnerella vaginalis	extensive	moderate	extensive	moderate	moderate	extensive	limited	moderate	extensive	moderate	limited	limited	moderate	moderate	1.0000	12	0.0000	extensive	limited	moderate
Xanthomonas campestris	extensive	moderate	extensive	moderate	moderate	extensive	limited	moderate	limited	moderate	extensive	limited	moderate	moderate	1.0000	12	0.0000	extensive	limited	moderate
Bacillus amyloliquefaciens	extensive	moderate	extensive	extensive	moderate	extensive	limited	limited	moderate	limited	limited	moderate	extensive	moderate	1.0000	12	0.0000	extensive	limited	moderate
Shigella flexneri	extensive	moderate	extensive	extensive	moderate	moderate	moderate	extensive	limited	moderate	limited	limited	extensive	moderate	1.0833	12	0.0000	extensive	limited	moderate
Burkholderia cepacia	extensive	extensive	moderate	extensive	moderate	extensive	moderate	extensive	moderate	limited	limited	limited	moderate	moderate	1.0833	12	0.0000	extensive	limited	moderate
Corynebacterium diphtheriae	extensive	limited	extensive	extensive	moderate	moderate	limited	extensive	limited	moderate	limited	limited	moderate	moderate	0.8333	12	0.0000	extensive	limited	limited
Stenotrophomonas maltophilia	extensive	extensive	extensive	extensive	moderate	extensive	moderate	moderate	limited	moderate	limited	limited	moderate	moderate	1.0833	12	0.0000	extensive	limited	moderate
Klebsiella oxytoca	extensive	moderate	extensive	extensive	moderate	moderate	moderate	moderate	moderate	moderate	limited	limited	extensive	moderate	1.0833	12	0.0000	extensive	limited	moderate
Clostridium tetani	extensive	moderate	extensive	limited	moderate	limited	extensive	extensive	limited	moderate	limited	extensive	extensive	moderate	1.0833	12	0.0000	extensive	limited	extensive
Ralstonia solanacearum	extensive	extensive	moderate	moderate	moderate	extensive	limited	moderate	limited	extensive	extensive	limited	moderate	moderate	1.0833	12	0.0000	extensive	limited	moderate
Lactobacillus gasseri	extensive	moderate	moderate	moderate	moderate	moderate	limited	limited	extensive	moderate	limited	limited	moderate	moderate	0.7500	12	0.0000	extensive	limited	moderate
Bifidobacterium animalis	extensive	limited	moderate	moderate	moderate	moderate	limited	moderate	extensive	moderate	limited	limited	moderate	moderate	0.7500	12	0.0000	extensive	limited	moderate
Xylella fastidiosa	extensive	extensive	moderate	moderate	moderate	extensive	limited	extensive	limited	extensive	extensive	limited	moderate	moderate	1.1667	12	0.0000	extensive	limited	extensive
Micrococcus luteus	extensive	limited	extensive	extensive	moderate	moderate	limited	moderate	limited	limited	limited	limited	extensive	moderate	0.7500	12	0.0000	extensive	limited	limited
Corynebacterium glutamicum	extensive	limited	moderate	extensive	moderate	moderate	limited	limited	limited	limited	limited	limited	moderate	moderate	0.5000	12	0.0000	extensive	limited	limited
Shigella sonnei	extensive	moderate	extensive	moderate	moderate	moderate	moderate	moderate	moderate	moderate	limited	limited	extensive	moderate	1.0000	12	0.0000	extensive	limited	moderate
Streptococcus suis	extensive	limited	moderate	moderate	moderate	moderate	extensive	moderate	moderate	extensive	limited	limited	moderate	moderate	0.9167	12	0.0000	extensive	limited	moderate
Shigella dysenteriae	extensive	moderate	extensive	moderate	moderate	moderate	moderate	extensive	limited	moderate	limited	limited	extensive	moderate	1.0000	12	0.0000	extensive	limited	moderate
Burkholderia pseudomallei	extensive	extensive	moderate	extensive	extensive	extensive	extensive	extensive	limited	moderate	limited	limited	moderate	moderate	1.2500	12	0.0000	extensive	limited	extensive
Streptomyces coelicolor	extensive	moderate	moderate	extensive	moderate	moderate	limited	limited	limited	limited	limited	moderate	moderate	moderate	0.6667	12	0.0000	extensive	limited	moderate
Aggregatibacter actinomycetemcomitans	extensive	moderate	extensive	moderate	moderate	extensive	moderate	moderate	moderate	moderate	limited	limited	moderate	moderate	1.0000	12	0.0000	extensive	limited	moderate
Staphylococcus saprophyticus	extensive	limited	extensive	moderate	moderate	moderate	limited	moderate	limited	moderate	limited	limited	moderate	moderate	0.6667	12	0.0000	extensive	limited	moderate
Bordetella bronchiseptica	extensive	extensive	extensive	extensive	moderate	extensive	extensive	moderate	moderate	extensive	limited	limited	moderate	moderate	1.3333	12	0.0000	extensive	limited	extensive
Brucella melitensis	extensive	moderate	extensive	extensive	moderate	moderate	extensive	extensive	limited	extensive	limited	limited	moderate	moderate	1.1667	12	0.0000	extensive	limited	extensive
[Haemophilus] ducreyi	extensive	moderate	moderate	moderate	limited	moderate	limited	moderate	limited	moderate	NA	NA	moderate	moderate	0.7000	10	0.1667	moderate	limited	moderate
Deinococcus radiodurans	extensive	moderate	moderate	extensive	extensive	moderate	limited	extensive	limited	limited	limited	limited	extensive	moderate	0.9167	12	0.0000	extensive	limited	limited
Streptococcus mitis	extensive	limited	extensive	moderate	limited	moderate	limited	moderate	moderate	moderate	limited	limited	moderate	moderate	0.6667	12	0.0000	extensive	limited	moderate
Streptococcus salivarius	extensive	limited	extensive	moderate	limited	moderate	limited	limited	extensive	moderate	limited	limited	moderate	moderate	0.6667	12	0.0000	extensive	limited	limited
Vibrio harveyi	extensive	extensive	moderate	extensive	moderate	extensive	limited	limited	limited	moderate	limited	NA	moderate	moderate	0.9091	11	0.0833	extensive	limited	moderate
Xanthomonas oryzae	extensive	moderate	moderate	moderate	moderate	moderate	limited	moderate	limited	extensive	extensive	limited	moderate	moderate	0.9167	12	0.0000	extensive	limited	moderate
Erwinia amylovora	extensive	moderate	moderate	moderate	moderate	moderate	limited	moderate	limited	moderate	extensive	limited	moderate	moderate	0.8333	12	0.0000	extensive	limited	moderate
Azospirillum brasilense	extensive	extensive	moderate	extensive	moderate	moderate	limited	limited	limited	moderate	limited	limited	moderate	moderate	0.7500	12	0.0000	extensive	limited	moderate
Prevotella intermedia	extensive	moderate	moderate	moderate	moderate	moderate	moderate	moderate	moderate	moderate	limited	limited	moderate	moderate	0.8333	12	0.0000	moderate	limited	moderate
Leptospira interrogans	extensive	extensive	moderate	extensive	moderate	moderate	extensive	extensive	moderate	extensive	limited	NA	moderate	moderate	1.3636	11	0.0833	extensive	limited	extensive
Sinorhizobium meliloti	extensive	extensive	extensive	moderate	moderate	moderate	limited	moderate	limited	moderate	limited	limited	moderate	moderate	0.8333	12	0.0000	extensive	limited	moderate
Yersinia pseudotuberculosis	extensive	extensive	extensive	moderate	moderate	moderate	extensive	moderate	moderate	moderate	limited	limited	extensive	moderate	1.1667	12	0.0000	extensive	limited	moderate
Streptomyces griseus	extensive	moderate	moderate	extensive	moderate	moderate	limited	moderate	limited	limited	limited	moderate	moderate	moderate	0.7500	12	0.0000	extensive	limited	moderate
Bacteroides thetaiotaomicron	extensive	moderate	extensive	moderate	moderate	moderate	limited	moderate	extensive	moderate	limited	limited	moderate	moderate	0.9167	12	0.0000	extensive	limited	moderate
Faecalibacterium prausnitzii	extensive	limited	extensive	moderate	moderate	moderate	limited	limited	extensive	moderate	limited	limited	moderate	moderate	0.7500	12	0.0000	extensive	limited	limited
Thermotoga maritima	extensive	moderate	moderate	moderate	extensive	limited	limited	limited	limited	NA	limited	limited	moderate	moderate	0.5455	11	0.0833	extensive	limited	limited
Actinobacillus pleuropneumoniae	extensive	moderate	moderate	moderate	moderate	moderate	extensive	moderate	limited	extensive	limited	limited	moderate	moderate	0.9167	12	0.0000	extensive	limited	moderate
Cutibacterium acnes	extensive	moderate	extensive	moderate	moderate	moderate	limited	moderate	extensive	moderate	limited	limited	moderate	moderate	0.9167	12	0.0000	extensive	limited	moderate
Listeria innocua	extensive	moderate	extensive	moderate	moderate	moderate	limited	moderate	limited	moderate	limited	limited	moderate	moderate	0.7500	12	0.0000	extensive	limited	moderate
Campylobacter coli	extensive	extensive	moderate	extensive	moderate	moderate	moderate	moderate	moderate	moderate	limited	limited	moderate	moderate	1.0000	12	0.0000	extensive	limited	moderate
Staphylococcus haemolyticus	extensive	limited	moderate	moderate	moderate	moderate	limited	moderate	moderate	moderate	limited	limited	moderate	moderate	0.6667	12	0.0000	moderate	limited	moderate
Chromobacterium violaceum	extensive	extensive	extensive	extensive	moderate	moderate	moderate	moderate	limited	limited	limited	limited	moderate	moderate	0.9167	12	0.0000	extensive	limited	moderate
Eikenella corrodens	extensive	limited	extensive	moderate	limited	moderate	limited	moderate	moderate	moderate	limited	limited	moderate	moderate	0.6667	12	0.0000	extensive	limited	moderate
Bacillus velezensis	extensive	moderate	moderate	moderate	moderate	moderate	limited	limited	moderate	limited	limited	moderate	moderate	moderate	0.6667	12	0.0000	moderate	limited	moderate
Mannheimia haemolytica	extensive	moderate	extensive	extensive	moderate	moderate	extensive	moderate	limited	extensive	limited	limited	moderate	moderate	1.0833	12	0.0000	extensive	limited	moderate
Alcaligenes faecalis	extensive	moderate	moderate	moderate	moderate	moderate	limited	moderate	moderate	limited	limited	limited	moderate	moderate	0.6667	12	0.0000	moderate	limited	moderate
Vibrio anguillarum	extensive	moderate	moderate	moderate	moderate	moderate	extensive	limited	limited	moderate	limited	NA	moderate	moderate	0.8182	11	0.0833	extensive	limited	moderate
Pediococcus pentosaceus	extensive	limited	extensive	moderate	moderate	moderate	limited	limited	moderate	moderate	limited	limited	moderate	moderate	0.6667	12	0.0000	extensive	limited	moderate
Clostridium acetobutylicum	extensive	moderate	moderate	moderate	moderate	moderate	limited	moderate	limited	limited	limited	moderate	extensive	moderate	0.7500	12	0.0000	extensive	limited	moderate
Thermus aquaticus	extensive	moderate	moderate	extensive	extensive	limited	NA	limited	limited	limited	limited	limited	moderate	moderate	0.6364	11	0.0833	extensive	limited	limited
Treponema denticola	extensive	extensive	moderate	moderate	moderate	moderate	limited	limited	moderate	moderate	limited	limited	extensive	moderate	0.8333	12	0.0000	extensive	limited	moderate
Mycobacterium marinum	extensive	moderate	limited	moderate	moderate	moderate	extensive	moderate	limited	moderate	limited	limited	moderate	moderate	0.7500	12	0.0000	extensive	limited	moderate
Geobacillus stearothermophilus	extensive	moderate	extensive	extensive	extensive	moderate	limited	moderate	limited	limited	limited	extensive	extensive	moderate	1.0833	12	0.0000	extensive	limited	extensive
Tannerella forsythia	extensive	limited	moderate	moderate	moderate	moderate	limited	limited	moderate	moderate	limited	NA	moderate	moderate	0.6364	11	0.0833	moderate	limited	moderate
Burkholderia cenocepacia	extensive	extensive	moderate	moderate	moderate	extensive	moderate	moderate	moderate	moderate	limited	limited	moderate	moderate	1.0000	12	0.0000	extensive	limited	moderate
Lactobacillus crispatus	extensive	limited	extensive	moderate	moderate	moderate	limited	limited	extensive	moderate	limited	limited	moderate	moderate	0.7500	12	0.0000	extensive	limited	limited
Enterococcus hirae	extensive	limited	extensive	moderate	moderate	limited	moderate	limited	limited	moderate	limited	limited	moderate	moderate	0.5833	12	0.0000	extensive	limited	limited
Xanthomonas axonopodis	extensive	moderate	moderate	moderate	limited	moderate	limited	moderate	limited	moderate	extensive	limited	moderate	moderate	0.7500	12	0.0000	extensive	limited	moderate
Rhodopseudomonas palustris	extensive	extensive	moderate	extensive	moderate	moderate	limited	limited	limited	limited	limited	limited	moderate	moderate	0.6667	12	0.0000	extensive	limited	limited
Cronobacter sakazakii	extensive	moderate	extensive	extensive	moderate	extensive	moderate	moderate	limited	limited	limited	limited	moderate	moderate	0.9167	12	0.0000	extensive	limited	moderate
Myxococcus xanthus	extensive	extensive	moderate	moderate	moderate	extensive	limited	limited	limited	limited	limited	limited	extensive	moderate	0.7500	12	0.0000	extensive	limited	limited
Pantoea agglomerans	extensive	moderate	moderate	moderate	moderate	moderate	moderate	moderate	moderate	moderate	moderate	limited	moderate	moderate	0.9167	12	0.0000	moderate	limited	moderate
Rickettsia rickettsii	extensive	moderate	limited	moderate	moderate	limited	extensive	extensive	limited	extensive	limited	NA	moderate	moderate	0.9091	11	0.0833	extensive	limited	moderate
Acinetobacter lwoffii	extensive	moderate	moderate	moderate	moderate	moderate	limited	moderate	limited	limited	limited	limited	moderate	moderate	0.5833	12	0.0000	moderate	limited	moderate
Streptococcus equi	extensive	limited	extensive	moderate	moderate	moderate	extensive	moderate	limited	extensive	NA	limited	moderate	moderate	1.0000	11	0.0833	extensive	limited	moderate
Paenibacillus polymyxa	extensive	moderate	extensive	moderate	moderate	moderate	limited	moderate	moderate	limited	limited	moderate	moderate	moderate	0.8333	12	0.0000	extensive	limited	moderate
Streptomyces avermitilis	extensive	limited	moderate	moderate	moderate	moderate	limited	moderate	NA	limited	limited	limited	moderate	moderate	0.5455	11	0.0833	moderate	limited	moderate
Mycobacterium ulcerans	extensive	limited	limited	moderate	moderate	limited	limited	moderate	limited	moderate	limited	limited	moderate	limited	0.4167	12	0.0000	moderate	limited	limited
Fusobacterium necrophorum	extensive	moderate	extensive	moderate	moderate	moderate	extensive	moderate	moderate	moderate	limited	limited	moderate	moderate	1.0000	12	0.0000	extensive	limited	moderate
Lactobacillus johnsonii	extensive	moderate	moderate	moderate	moderate	moderate	limited	limited	extensive	moderate	limited	limited	moderate	moderate	0.7500	12	0.0000	extensive	limited	moderate
Bifidobacterium adolescentis	extensive	moderate	moderate	moderate	moderate	moderate	limited	moderate	extensive	moderate	limited	limited	moderate	moderate	0.8333	12	0.0000	extensive	limited	moderate
Staphylococcus hominis	extensive	limited	moderate	moderate	moderate	moderate	limited	moderate	moderate	moderate	limited	limited	moderate	moderate	0.6667	12	0.0000	moderate	limited	moderate
Providencia rettgeri	extensive	moderate	moderate	moderate	moderate	moderate	moderate	moderate	moderate	moderate	limited	limited	moderate	moderate	0.8333	12	0.0000	moderate	limited	moderate
Shewanella putrefaciens	extensive	extensive	moderate	extensive	moderate	moderate	limited	moderate	limited	limited	limited	limited	moderate	moderate	0.7500	12	0.0000	extensive	limited	moderate
Streptococcus gordonii	extensive	limited	extensive	moderate	moderate	moderate	limited	limited	moderate	moderate	limited	NA	moderate	moderate	0.7273	11	0.0833	extensive	limited	moderate
Burkholderia mallei	extensive	moderate	extensive	moderate	moderate	moderate	extensive	extensive	limited	extensive	limited	limited	moderate	moderate	1.0833	12	0.0000	extensive	limited	moderate
Streptomyces viridochromogenes	extensive	limited	moderate	moderate	limited	limited	limited	limited	limited	limited	limited	limited	moderate	limited	0.2500	12	0.0000	moderate	limited	limited
Streptococcus dysgalactiae	extensive	limited	extensive	moderate	moderate	moderate	extensive	moderate	limited	moderate	NA	limited	moderate	moderate	0.9091	11	0.0833	extensive	limited	moderate
Mycobacterium kansasii	extensive	limited	limited	extensive	moderate	moderate	moderate	moderate	limited	limited	NA	limited	moderate	moderate	0.6364	11	0.0833	extensive	limited	limited
Actinomyces naeslundii	extensive	moderate	moderate	moderate	moderate	moderate	moderate	moderate	moderate	moderate	NA	limited	moderate	moderate	0.9091	11	0.0833	moderate	limited	moderate
Streptomyces hygroscopicus	extensive	moderate	moderate	moderate	moderate	moderate	limited	limited	limited	limited	limited	limited	moderate	moderate	0.5000	12	0.0000	moderate	limited	moderate
Rhodococcus erythropolis	extensive	limited	moderate	moderate	moderate	limited	limited	limited	limited	limited	limited	limited	moderate	limited	0.3333	12	0.0000	moderate	limited	limited
Achromobacter xylosoxidans	extensive	moderate	moderate	extensive	moderate	moderate	moderate	moderate	limited	moderate	limited	limited	moderate	moderate	0.8333	12	0.0000	extensive	limited	moderate
Streptococcus uberis	extensive	limited	moderate	moderate	limited	moderate	moderate	limited	limited	moderate	NA	limited	moderate	moderate	0.5455	11	0.0833	moderate	limited	moderate
Citrobacter koseri	extensive	moderate	extensive	moderate	moderate	moderate	moderate	moderate	moderate	moderate	limited	limited	moderate	moderate	0.9167	12	0.0000	extensive	limited	moderate
Clostridium sporogenes	extensive	moderate	moderate	moderate	moderate	moderate	limited	moderate	moderate	limited	limited	moderate	moderate	moderate	0.7500	12	0.0000	moderate	limited	moderate
Actinomyces viscosus	extensive	moderate	moderate	moderate	moderate	moderate	moderate	moderate	moderate	moderate	limited	limited	moderate	moderate	0.8333	12	0.0000	moderate	limited	moderate
Shigella boydii	extensive	moderate	extensive	moderate	moderate	moderate	moderate	moderate	limited	moderate	limited	limited	extensive	moderate	0.9167	12	0.0000	extensive	limited	moderate
Providencia stuartii	extensive	moderate	extensive	moderate	moderate	moderate	moderate	moderate	limited	moderate	limited	limited	moderate	moderate	0.8333	12	0.0000	extensive	limited	moderate
Pectobacterium carotovorum	extensive	moderate	moderate	moderate	moderate	moderate	limited	moderate	limited	moderate	extensive	limited	moderate	moderate	0.8333	12	0.0000	extensive	limited	moderate
Erysipelothrix rhusiopathiae	extensive	moderate	extensive	extensive	moderate	moderate	extensive	moderate	limited	moderate	limited	limited	moderate	moderate	1.0000	12	0.0000	extensive	limited	moderate
Rickettsia prowazekii	extensive	moderate	moderate	moderate	moderate	limited	extensive	extensive	limited	extensive	limited	limited	moderate	moderate	0.9167	12	0.0000	extensive	limited	moderate
Desulfovibrio vulgaris	extensive	extensive	moderate	moderate	extensive	moderate	limited	moderate	limited	limited	limited	limited	extensive	moderate	0.8333	12	0.0000	extensive	limited	limited
Bordetella parapertussis	extensive	moderate	moderate	moderate	limited	moderate	moderate	moderate	limited	moderate	limited	limited	moderate	moderate	0.6667	12	0.0000	moderate	limited	moderate
Nocardia asteroides	extensive	moderate	moderate	moderate	moderate	moderate	moderate	moderate	limited	limited	limited	limited	moderate	moderate	0.6667	12	0.0000	moderate	limited	moderate
Halobacterium salinarum	extensive	extensive	limited	extensive	extensive	moderate	NA	moderate	NA	NA	NA	limited	moderate	moderate	1.1250	8	0.3333	extensive	limited	extensive
Aeromonas veronii	extensive	extensive	moderate	moderate	moderate	moderate	moderate	moderate	moderate	moderate	limited	limited	moderate	moderate	0.9167	12	0.0000	extensive	limited	moderate
Streptococcus iniae	extensive	moderate	moderate	moderate	moderate	moderate	moderate	limited	limited	moderate	limited	limited	moderate	moderate	0.6667	12	0.0000	moderate	limited	moderate
Pseudomonas chlororaphis	extensive	moderate	moderate	moderate	moderate	moderate	limited	limited	limited	limited	limited	limited	moderate	moderate	0.5000	12	0.0000	moderate	limited	moderate
Staphylococcus pseudintermedius	extensive	limited	moderate	moderate	moderate	moderate	extensive	moderate	moderate	moderate	limited	limited	moderate	moderate	0.8333	12	0.0000	extensive	limited	moderate
Prevotella nigrescens	extensive	moderate	moderate	moderate	limited	moderate	limited	limited	limited	moderate	limited	limited	moderate	moderate	0.5000	12	0.0000	moderate	limited	moderate
Desulfovibrio desulfuricans	extensive	extensive	moderate	moderate	moderate	moderate	limited	moderate	limited	limited	limited	limited	moderate	moderate	0.6667	12	0.0000	extensive	limited	moderate
Staphylococcus xylosus	extensive	limited	moderate	moderate	moderate	moderate	limited	moderate	moderate	moderate	limited	limited	moderate	moderate	0.6667	12	0.0000	moderate	limited	moderate
Haloferax volcanii	extensive	extensive	limited	moderate	extensive	moderate	NA	moderate	limited	limited	limited	limited	moderate	moderate	0.7273	11	0.0833	extensive	limited	limited
Lacticaseibacillus paracasei	extensive	limited	extensive	moderate	moderate	moderate	limited	moderate	extensive	moderate	limited	limited	moderate	moderate	0.8333	12	0.0000	extensive	limited	moderate
Propionibacterium freudenreichii	extensive	limited	moderate	moderate	moderate	moderate	limited	limited	extensive	limited	limited	limited	moderate	moderate	0.5833	12	0.0000	extensive	limited	limited
Mycobacterium intracellulare	extensive	limited	limited	moderate	moderate	moderate	moderate	moderate	limited	moderate	limited	limited	moderate	moderate	0.5833	12	0.0000	moderate	limited	moderate
Actinomyces oris	extensive	limited	moderate	moderate	limited	moderate	limited	moderate	moderate	moderate	limited	limited	moderate	moderate	0.5833	12	0.0000	moderate	limited	moderate
Plesiomonas shigelloides	extensive	moderate	moderate	moderate	moderate	moderate	moderate	moderate	limited	moderate	limited	limited	moderate	moderate	0.7500	12	0.0000	moderate	limited	moderate
Staphylococcus lugdunensis	extensive	limited	moderate	moderate	moderate	moderate	limited	moderate	moderate	moderate	NA	limited	moderate	moderate	0.7273	11	0.0833	moderate	limited	moderate
Nitrosomonas europaea	extensive	moderate	moderate	extensive	moderate	moderate	limited	limited	limited	limited	limited	limited	moderate	moderate	0.5833	12	0.0000	extensive	limited	limited
Mycoplasma mycoides	extensive	limited	limited	moderate	moderate	limited	extensive	moderate	limited	extensive	limited	limited	extensive	moderate	0.7500	12	0.0000	extensive	limited	limited
Bacteroides ovatus	extensive	limited	moderate	moderate	limited	moderate	limited	moderate	moderate	moderate	NA	limited	moderate	moderate	0.6364	11	0.0833	moderate	limited	moderate
Flavobacterium columnare	extensive	moderate	moderate	moderate	moderate	moderate	extensive	moderate	limited	moderate	limited	limited	moderate	moderate	0.8333	12	0.0000	extensive	limited	moderate
Pseudomonas alcaligenes	extensive	moderate	moderate	moderate	moderate	moderate	limited	moderate	limited	limited	limited	limited	moderate	moderate	0.5833	12	0.0000	moderate	limited	moderate
Photorhabdus luminescens	extensive	moderate	extensive	moderate	moderate	moderate	moderate	moderate	limited	moderate	limited	limited	moderate	moderate	0.8333	12	0.0000	extensive	limited	moderate
Corynebacterium pseudotuberculosis	extensive	limited	moderate	moderate	moderate	moderate	extensive	moderate	limited	moderate	limited	limited	moderate	moderate	0.7500	12	0.0000	extensive	limited	moderate
Photobacterium phosphoreum	extensive	moderate	moderate	extensive	moderate	moderate	limited	moderate	limited	limited	NA	limited	moderate	moderate	0.7273	11	0.0833	extensive	limited	moderate
Bacillus mycoides	extensive	moderate	extensive	moderate	moderate	limited	limited	limited	limited	limited	limited	moderate	extensive	moderate	0.6667	12	0.0000	extensive	limited	limited
Streptomyces venezuelae	extensive	moderate	moderate	moderate	moderate	moderate	limited	moderate	limited	limited	limited	moderate	moderate	moderate	0.6667	12	0.0000	moderate	limited	moderate
Corynebacterium pseudodiphtheriticum	extensive	moderate	moderate	moderate	moderate	moderate	moderate	moderate	moderate	moderate	limited	limited	moderate	moderate	0.8333	12	0.0000	moderate	limited	moderate
Rickettsia conorii	extensive	moderate	moderate	moderate	moderate	moderate	extensive	moderate	limited	moderate	limited	NA	moderate	moderate	0.9091	11	0.0833	extensive	limited	moderate
Methanosarcina barkeri	extensive	moderate	moderate	moderate	moderate	moderate	NA	moderate	limited	limited	limited	limited	moderate	moderate	0.6364	11	0.0833	moderate	limited	moderate
Bartonella quintana	extensive	moderate	moderate	moderate	moderate	moderate	moderate	moderate	moderate	extensive	limited	NA	moderate	moderate	1.0000	11	0.0833	extensive	limited	moderate
Streptomyces clavuligerus	extensive	limited	moderate	moderate	moderate	moderate	limited	limited	limited	limited	limited	limited	moderate	limited	0.4167	12	0.0000	moderate	limited	limited
Gluconobacter oxydans	extensive	moderate	moderate	extensive	moderate	moderate	limited	moderate	limited	limited	limited	limited	moderate	moderate	0.6667	12	0.0000	extensive	limited	moderate
Clostridium pasteurianum	extensive	moderate	moderate	moderate	moderate	limited	limited	limited	limited	NA	limited	moderate	moderate	moderate	0.5455	11	0.0833	moderate	limited	moderate
Clostridium septicum	extensive	moderate	extensive	moderate	moderate	limited	extensive	moderate	moderate	extensive	limited	moderate	moderate	moderate	1.0833	12	0.0000	extensive	limited	moderate
Corynebacterium minutissimum	extensive	limited	moderate	moderate	moderate	moderate	limited	moderate	moderate	moderate	NA	limited	moderate	moderate	0.7273	11	0.0833	moderate	limited	moderate
Staphylococcus warneri	extensive	limited	extensive	moderate	moderate	moderate	limited	moderate	moderate	limited	limited	limited	moderate	moderate	0.6667	12	0.0000	extensive	limited	moderate
Aeromonas caviae	extensive	moderate	moderate	moderate	moderate	moderate	moderate	moderate	moderate	moderate	limited	limited	moderate	moderate	0.8333	12	0.0000	moderate	limited	moderate
Enterococcus durans	extensive	limited	moderate	moderate	limited	limited	limited	limited	limited	limited	limited	limited	moderate	limited	0.2500	12	0.0000	moderate	limited	limited
Histophilus somni	extensive	moderate	moderate	moderate	moderate	moderate	extensive	moderate	moderate	extensive	NA	limited	moderate	moderate	1.0909	11	0.0833	extensive	limited	moderate
Streptococcus intermedius	extensive	limited	extensive	moderate	limited	moderate	moderate	moderate	moderate	moderate	limited	limited	moderate	moderate	0.7500	12	0.0000	extensive	limited	moderate
Limosilactobacillus fermentum	extensive	moderate	extensive	moderate	moderate	moderate	limited	moderate	extensive	moderate	limited	limited	moderate	moderate	0.9167	12	0.0000	extensive	limited	moderate
Staphylococcus capitis	extensive	limited	moderate	moderate	moderate	moderate	limited	moderate	limited	moderate	limited	limited	moderate	moderate	0.5833	12	0.0000	moderate	limited	moderate
Bacteroides uniformis	extensive	moderate	moderate	moderate	limited	moderate	limited	limited	moderate	moderate	limited	limited	moderate	moderate	0.5833	12	0.0000	moderate	limited	moderate
Weissella cibaria	extensive	moderate	moderate	moderate	limited	moderate	limited	limited	moderate	moderate	limited	limited	moderate	moderate	0.5833	12	0.0000	moderate	limited	moderate
Bacillus atrophaeus	extensive	moderate	extensive	moderate	extensive	moderate	limited	moderate	limited	limited	limited	extensive	extensive	moderate	1.0000	12	0.0000	extensive	limited	moderate
Brevundimonas diminuta	extensive	moderate	moderate	moderate	moderate	moderate	limited	moderate	limited	limited	limited	limited	moderate	moderate	0.5833	12	0.0000	moderate	limited	moderate
Corynebacterium jeikeium	extensive	limited	moderate	moderate	moderate	moderate	limited	moderate	limited	moderate	NA	limited	moderate	moderate	0.6364	11	0.0833	moderate	limited	moderate
Lysinibacillus sphaericus	extensive	moderate	moderate	moderate	moderate	moderate	moderate	moderate	limited	moderate	limited	moderate	moderate	moderate	0.8333	12	0.0000	moderate	limited	moderate
Streptococcus canis	extensive	limited	moderate	moderate	limited	moderate	moderate	limited	limited	moderate	limited	limited	moderate	moderate	0.5000	12	0.0000	moderate	limited	limited
Clostridium novyi	extensive	moderate	moderate	moderate	moderate	limited	moderate	moderate	limited	moderate	limited	moderate	moderate	moderate	0.7500	12	0.0000	moderate	limited	moderate
Mesorhizobium loti	extensive	moderate	moderate	moderate	moderate	moderate	limited	moderate	limited	moderate	limited	limited	moderate	moderate	0.6667	12	0.0000	moderate	limited	moderate
Parabacteroides distasonis	extensive	moderate	moderate	moderate	limited	moderate	moderate	moderate	moderate	moderate	limited	limited	moderate	moderate	0.7500	12	0.0000	moderate	limited	moderate
Bartonella bacilliformis	extensive	moderate	moderate	moderate	moderate	limited	limited	moderate	limited	moderate	NA	NA	moderate	moderate	0.7000	10	0.1667	moderate	limited	moderate
Comamonas testosteroni	extensive	moderate	moderate	moderate	moderate	moderate	limited	moderate	limited	limited	limited	limited	moderate	moderate	0.5833	12	0.0000	moderate	limited	moderate
Herbaspirillum seropedicae	extensive	moderate	moderate	extensive	moderate	moderate	limited	limited	limited	moderate	limited	limited	moderate	moderate	0.6667	12	0.0000	extensive	limited	moderate
Pseudomonas savastanoi	extensive	moderate	moderate	moderate	moderate	moderate	limited	limited	limited	moderate	extensive	limited	moderate	moderate	0.7500	12	0.0000	extensive	limited	moderate
Pseudomonas mendocina	extensive	moderate	moderate	moderate	moderate	moderate	limited	moderate	limited	limited	limited	limited	moderate	moderate	0.5833	12	0.0000	moderate	limited	moderate
Prevotella melaninogenica	extensive	limited	extensive	extensive	moderate	moderate	limited	moderate	moderate	moderate	limited	limited	moderate	moderate	0.8333	12	0.0000	extensive	limited	moderate
Rhodococcus rhodochrous	extensive	limited	moderate	moderate	moderate	moderate	limited	moderate	limited	limited	limited	limited	moderate	moderate	0.5000	12	0.0000	moderate	limited	limited
Flavobacterium psychrophilum	extensive	moderate	moderate	moderate	moderate	moderate	extensive	moderate	limited	moderate	limited	limited	moderate	moderate	0.8333	12	0.0000	extensive	limited	moderate
Burkholderia multivorans	extensive	moderate	moderate	moderate	moderate	moderate	moderate	moderate	limited	limited	limited	limited	moderate	moderate	0.6667	12	0.0000	moderate	limited	moderate
Eggerthella lenta	extensive	moderate	extensive	moderate	moderate	moderate	moderate	moderate	extensive	moderate	limited	limited	moderate	moderate	1.0000	12	0.0000	extensive	limited	moderate
Saccharopolyspora erythraea	extensive	limited	moderate	moderate	limited	limited	limited	limited	limited	limited	limited	limited	limited	limited	0.1667	12	0.0000	moderate	limited	limited
Staphylococcus carnosus	extensive	limited	moderate	moderate	limited	limited	limited	limited	limited	limited	limited	limited	moderate	limited	0.2500	12	0.0000	moderate	limited	limited
Bdellovibrio bacteriovorus	extensive	extensive	moderate	extensive	moderate	moderate	limited	moderate	moderate	extensive	limited	limited	extensive	moderate	1.0833	12	0.0000	extensive	limited	moderate
Burkholderia gladioli	extensive	moderate	moderate	moderate	moderate	moderate	limited	moderate	limited	moderate	moderate	limited	moderate	moderate	0.7500	12	0.0000	moderate	limited	moderate
Vibrio splendidus	moderate	moderate	moderate	moderate	moderate	moderate	limited	limited	limited	moderate	limited	NA	moderate	moderate	0.6364	11	0.0833	moderate	limited	moderate
Aliivibrio fischeri	extensive	extensive	moderate	extensive	moderate	moderate	limited	limited	limited	moderate	limited	limited	moderate	moderate	0.7500	12	0.0000	extensive	limited	moderate
Ralstonia pickettii	extensive	moderate	moderate	extensive	moderate	moderate	limited	moderate	limited	limited	limited	limited	moderate	moderate	0.6667	12	0.0000	extensive	limited	moderate
Enterococcus gallinarum	extensive	moderate	moderate	moderate	limited	moderate	limited	moderate	moderate	moderate	limited	limited	moderate	moderate	0.6667	12	0.0000	moderate	limited	moderate
Streptococcus gallolyticus	extensive	limited	extensive	moderate	limited	moderate	moderate	moderate	moderate	moderate	limited	limited	moderate	moderate	0.7500	12	0.0000	extensive	limited	moderate
Rhodococcus opacus	extensive	limited	moderate	moderate	moderate	limited	NA	limited	limited	limited	limited	limited	moderate	limited	0.3636	11	0.0833	moderate	limited	limited
Ruegeria pomeroyi	extensive	moderate	moderate	moderate	moderate	moderate	limited	limited	limited	limited	limited	NA	moderate	moderate	0.5455	11	0.0833	moderate	limited	moderate
Azospirillum lipoferum	extensive	moderate	moderate	extensive	moderate	moderate	limited	limited	limited	moderate	limited	limited	moderate	moderate	0.6667	12	0.0000	extensive	limited	moderate
Klebsiella variicola	extensive	moderate	moderate	moderate	moderate	moderate	moderate	moderate	moderate	moderate	limited	limited	moderate	moderate	0.8333	12	0.0000	moderate	limited	moderate
Bacillus safensis	extensive	limited	moderate	moderate	moderate	limited	limited	moderate	limited	NA	limited	limited	moderate	limited	0.4545	11	0.0833	moderate	limited	limited
Helicobacter hepaticus	extensive	moderate	moderate	moderate	moderate	moderate	moderate	moderate	moderate	moderate	limited	limited	moderate	moderate	0.8333	12	0.0000	moderate	limited	moderate
Neisseria sicca	extensive	limited	moderate	moderate	limited	limited	limited	limited	limited	limited	limited	limited	moderate	limited	0.2500	12	0.0000	moderate	limited	limited
Aeromonas sobria	extensive	moderate	moderate	moderate	moderate	moderate	moderate	moderate	limited	moderate	limited	limited	moderate	moderate	0.7500	12	0.0000	moderate	limited	moderate
Pantoea ananatis	extensive	moderate	moderate	moderate	moderate	moderate	limited	limited	limited	moderate	extensive	limited	moderate	moderate	0.7500	12	0.0000	extensive	limited	moderate
Streptococcus constellatus	extensive	limited	extensive	moderate	limited	moderate	moderate	moderate	moderate	moderate	NA	limited	moderate	moderate	0.8182	11	0.0833	extensive	limited	moderate
Pseudomonas fragi	moderate	moderate	moderate	moderate	moderate	moderate	limited	limited	limited	limited	limited	limited	moderate	moderate	0.5000	12	0.0000	moderate	limited	moderate
Sinorhizobium fredii	extensive	moderate	moderate	moderate	moderate	moderate	limited	moderate	limited	moderate	limited	limited	moderate	moderate	0.6667	12	0.0000	moderate	limited	moderate
Mycolicibacterium smegmatis	extensive	extensive	moderate	extensive	moderate	moderate	limited	moderate	moderate	limited	limited	limited	extensive	moderate	0.9167	12	0.0000	extensive	limited	moderate
Brachyspira hyodysenteriae	extensive	moderate	moderate	extensive	moderate	moderate	extensive	moderate	limited	moderate	limited	limited	moderate	moderate	0.9167	12	0.0000	extensive	limited	moderate
Enterococcus casseliflavus	extensive	moderate	moderate	moderate	moderate	moderate	limited	moderate	moderate	moderate	limited	limited	moderate	moderate	0.7500	12	0.0000	moderate	limited	moderate
Alicyclobacillus acidoterrestris	extensive	moderate	extensive	moderate	moderate	moderate	limited	moderate	limited	limited	limited	moderate	moderate	moderate	0.7500	12	0.0000	extensive	limited	moderate
Nocardia farcinica	extensive	moderate	moderate	moderate	moderate	moderate	moderate	moderate	limited	limited	limited	limited	moderate	moderate	0.6667	12	0.0000	moderate	limited	moderate
Burkholderia glumae	extensive	moderate	moderate	moderate	moderate	moderate	limited	limited	limited	moderate	extensive	limited	moderate	moderate	0.7500	12	0.0000	extensive	limited	moderate
Brevibacterium linens	extensive	moderate	extensive	extensive	moderate	moderate	limited	moderate	moderate	limited	limited	limited	moderate	moderate	0.8333	12	0.0000	extensive	limited	moderate
Campylobacter rectus	moderate	moderate	limited	moderate	limited	limited	limited	limited	limited	moderate	NA	NA	moderate	limited	0.4000	10	0.1667	moderate	limited	limited
Rhodococcus jostii	extensive	limited	moderate	moderate	moderate	moderate	limited	limited	limited	limited	limited	limited	moderate	limited	0.4167	12	0.0000	moderate	limited	limited
Leuconostoc citreum	extensive	limited	moderate	moderate	limited	limited	limited	limited	moderate	limited	limited	limited	moderate	limited	0.3333	12	0.0000	moderate	limited	limited
Listeria ivanovii	extensive	moderate	extensive	moderate	moderate	moderate	extensive	moderate	limited	moderate	limited	limited	moderate	moderate	0.9167	12	0.0000	extensive	limited	moderate
Bacillus mojavensis	extensive	moderate	moderate	moderate	moderate	moderate	limited	limited	limited	limited	limited	moderate	moderate	moderate	0.5833	12	0.0000	moderate	limited	moderate
Levilactobacillus brevis	extensive	moderate	extensive	moderate	moderate	moderate	limited	moderate	moderate	moderate	limited	limited	extensive	moderate	0.9167	12	0.0000	extensive	limited	moderate
Trueperella pyogenes	extensive	limited	extensive	moderate	moderate	moderate	extensive	moderate	limited	moderate	limited	limited	moderate	moderate	0.8333	12	0.0000	extensive	limited	moderate
Arthrobacter globiformis	extensive	moderate	extensive	moderate	moderate	moderate	limited	moderate	limited	limited	limited	limited	moderate	moderate	0.6667	12	0.0000	extensive	limited	moderate
Staphylococcus simulans	extensive	limited	moderate	moderate	moderate	moderate	moderate	limited	limited	moderate	limited	limited	moderate	moderate	0.5833	12	0.0000	moderate	limited	moderate
Delftia acidovorans	extensive	moderate	moderate	moderate	moderate	moderate	limited	moderate	limited	limited	limited	limited	moderate	moderate	0.5833	12	0.0000	moderate	limited	moderate
Acetobacter pasteurianus	extensive	moderate	moderate	extensive	moderate	moderate	limited	moderate	moderate	limited	limited	limited	moderate	moderate	0.7500	12	0.0000	extensive	limited	moderate
Weissella confusa	extensive	moderate	moderate	moderate	limited	limited	limited	limited	moderate	limited	limited	limited	moderate	limited	0.4167	12	0.0000	moderate	limited	limited
Lactobacillus jensenii	extensive	moderate	moderate	moderate	moderate	moderate	limited	limited	moderate	moderate	limited	limited	moderate	moderate	0.6667	12	0.0000	moderate	limited	moderate
Rhodococcus ruber	extensive	limited	moderate	moderate	moderate	limited	limited	limited	limited	limited	limited	limited	moderate	limited	0.3333	12	0.0000	moderate	limited	limited
Pseudomonas oleovorans	extensive	moderate	moderate	moderate	moderate	limited	limited	moderate	limited	limited	limited	limited	moderate	moderate	0.5000	12	0.0000	moderate	limited	moderate
Moraxella osloensis	extensive	moderate	moderate	moderate	limited	moderate	limited	moderate	limited	limited	limited	limited	moderate	moderate	0.5000	12	0.0000	moderate	limited	moderate
Corynebacterium striatum	extensive	moderate	moderate	moderate	moderate	moderate	limited	moderate	moderate	moderate	limited	limited	moderate	moderate	0.7500	12	0.0000	moderate	limited	moderate
Serratia plymuthica	extensive	moderate	moderate	moderate	moderate	moderate	limited	limited	limited	limited	moderate	limited	moderate	moderate	0.5833	12	0.0000	moderate	limited	moderate
Dichelobacter nodosus	extensive	moderate	moderate	moderate	moderate	moderate	extensive	moderate	limited	extensive	limited	limited	moderate	moderate	0.9167	12	0.0000	extensive	limited	moderate
Nocardia brasiliensis	extensive	moderate	moderate	moderate	moderate	moderate	moderate	moderate	limited	moderate	limited	limited	moderate	moderate	0.7500	12	0.0000	moderate	limited	moderate
Thiobacillus denitrificans	extensive	moderate	moderate	moderate	moderate	moderate	NA	limited	limited	limited	limited	limited	moderate	moderate	0.5455	11	0.0833	moderate	limited	moderate
Ideonella sakaiensis	extensive	limited	moderate	moderate	limited	limited	NA	limited	limited	limited	limited	limited	moderate	limited	0.2727	11	0.0833	moderate	limited	limited
Pectobacterium atrosepticum	extensive	extensive	moderate	moderate	moderate	moderate	limited	moderate	limited	moderate	extensive	limited	moderate	moderate	0.9167	12	0.0000	extensive	limited	moderate
Bacillus tequilensis	moderate	limited	moderate	limited	moderate	limited	limited	limited	limited	limited	limited	limited	moderate	limited	0.2500	12	0.0000	moderate	limited	limited
Corynebacterium xerosis	extensive	moderate	moderate	moderate	limited	limited	limited	limited	limited	limited	limited	limited	moderate	limited	0.3333	12	0.0000	moderate	limited	limited
Renibacterium salmoninarum	extensive	limited	moderate	moderate	moderate	moderate	extensive	moderate	limited	moderate	NA	NA	limited	moderate	0.8000	10	0.1667	extensive	limited	moderate
Vibrio mimicus	extensive	moderate	moderate	moderate	moderate	moderate	moderate	moderate	moderate	moderate	limited	NA	moderate	moderate	0.9091	11	0.0833	moderate	limited	moderate
Kocuria rhizophila	extensive	limited	moderate	moderate	moderate	moderate	limited	limited	limited	limited	limited	limited	moderate	limited	0.4167	12	0.0000	moderate	limited	limited
Dickeya dadantii	extensive	extensive	moderate	moderate	moderate	moderate	limited	limited	limited	moderate	extensive	NA	moderate	moderate	0.9091	11	0.0833	extensive	limited	moderate
Raoultella ornithinolytica	extensive	moderate	moderate	moderate	moderate	moderate	moderate	moderate	limited	limited	limited	limited	moderate	moderate	0.6667	12	0.0000	moderate	limited	moderate
Acinetobacter junii	extensive	moderate	moderate	moderate	moderate	limited	limited	limited	limited	limited	limited	limited	moderate	limited	0.4167	12	0.0000	moderate	limited	limited
Agrobacterium fabrum	extensive	moderate	moderate	moderate	moderate	moderate	limited	moderate	limited	moderate	moderate	limited	moderate	moderate	0.7500	12	0.0000	moderate	limited	moderate
Bacillus spizizenii	extensive	moderate	moderate	moderate	moderate	limited	limited	moderate	limited	limited	limited	moderate	moderate	moderate	0.5833	12	0.0000	moderate	limited	moderate
Staphylococcus hyicus	extensive	limited	moderate	moderate	moderate	moderate	extensive	limited	limited	moderate	limited	limited	moderate	moderate	0.6667	12	0.0000	extensive	limited	moderate
Amycolatopsis mediterranei	extensive	limited	moderate	moderate	moderate	limited	limited	limited	NA	limited	NA	limited	moderate	limited	0.4000	10	0.1667	moderate	limited	limited
Streptomyces peucetius	extensive	limited	moderate	moderate	moderate	moderate	limited	limited	limited	limited	limited	moderate	moderate	moderate	0.5000	12	0.0000	moderate	limited	limited
Sorangium cellulosum	extensive	moderate	moderate	moderate	moderate	moderate	NA	limited	limited	NA	limited	limited	moderate	moderate	0.6000	10	0.1667	moderate	limited	moderate
Brevibacillus brevis	extensive	moderate	extensive	moderate	moderate	moderate	limited	moderate	limited	limited	limited	moderate	moderate	moderate	0.7500	12	0.0000	extensive	limited	moderate
[Clostridium] leptum	extensive	limited	moderate	moderate	limited	limited	limited	limited	extensive	moderate	limited	limited	moderate	moderate	0.5000	12	0.0000	extensive	limited	limited
Finegoldia magna	extensive	limited	extensive	moderate	moderate	moderate	limited	moderate	moderate	moderate	limited	limited	moderate	moderate	0.7500	12	0.0000	extensive	limited	moderate
Clostridium ljungdahlii	extensive	moderate	moderate	moderate	moderate	moderate	limited	moderate	limited	limited	limited	limited	moderate	moderate	0.5833	12	0.0000	moderate	limited	moderate
Janthinobacterium lividum	extensive	extensive	extensive	moderate	moderate	extensive	limited	moderate	moderate	limited	limited	limited	moderate	moderate	0.9167	12	0.0000	extensive	limited	moderate
Rickettsia parkeri	extensive	moderate	moderate	moderate	moderate	limited	moderate	moderate	limited	moderate	limited	NA	moderate	moderate	0.7273	11	0.0833	moderate	limited	moderate
Pantoea stewartii	extensive	moderate	moderate	moderate	moderate	moderate	limited	moderate	limited	moderate	extensive	limited	moderate	moderate	0.8333	12	0.0000	extensive	limited	moderate
Corynebacterium ulcerans	extensive	moderate	moderate	moderate	moderate	moderate	moderate	moderate	moderate	moderate	NA	limited	moderate	moderate	0.9091	11	0.0833	moderate	limited	moderate
Stigmatella aurantiaca	extensive	moderate	moderate	moderate	limited	moderate	NA	limited	NA	NA	limited	NA	moderate	moderate	0.6250	8	0.3333	moderate	limited	moderate
Oxalobacter formigenes	extensive	moderate	moderate	moderate	limited	limited	limited	limited	extensive	moderate	limited	NA	moderate	moderate	0.6364	11	0.0833	extensive	limited	moderate
Bilophila wadsworthia	extensive	moderate	moderate	moderate	moderate	moderate	moderate	moderate	moderate	moderate	NA	limited	moderate	moderate	0.9091	11	0.0833	moderate	limited	moderate
Clostridium kluyveri	extensive	limited	moderate	limited	limited	limited	limited	limited	limited	limited	NA	limited	moderate	limited	0.1818	11	0.0833	moderate	limited	limited
Carnobacterium maltaromaticum	extensive	moderate	moderate	moderate	moderate	moderate	limited	limited	moderate	limited	limited	limited	moderate	moderate	0.5833	12	0.0000	moderate	limited	moderate
Nocardia africana	moderate	NA	moderate	limited	limited	NA	limited	limited	NA	NA	NA	NA	moderate	limited	0.3333	6	0.5000	moderate	limited	limited
Lysinibacillus fusiformis	extensive	moderate	moderate	moderate	moderate	limited	limited	limited	limited	limited	limited	moderate	moderate	moderate	0.5000	12	0.0000	moderate	limited	moderate
Serratia proteamaculans	extensive	moderate	moderate	moderate	moderate	moderate	limited	limited	limited	limited	limited	limited	moderate	moderate	0.5000	12	0.0000	moderate	limited	moderate
Salmonella bongori	extensive	moderate	moderate	moderate	moderate	moderate	limited	limited	limited	limited	limited	limited	moderate	moderate	0.5000	12	0.0000	moderate	limited	moderate
Campylobacter concisus	moderate	moderate	moderate	moderate	limited	moderate	limited	limited	moderate	moderate	NA	limited	moderate	moderate	0.6364	11	0.0833	moderate	limited	moderate
Enterococcus mundtii	extensive	limited	moderate	moderate	moderate	moderate	limited	limited	moderate	moderate	limited	limited	moderate	moderate	0.5833	12	0.0000	moderate	limited	moderate
Elizabethkingia meningoseptica	extensive	moderate	extensive	extensive	moderate	moderate	moderate	moderate	limited	moderate	limited	limited	moderate	moderate	0.9167	12	0.0000	extensive	limited	moderate
Bradyrhizobium elkanii	extensive	moderate	moderate	extensive	moderate	moderate	limited	moderate	limited	moderate	limited	limited	moderate	moderate	0.7500	12	0.0000	extensive	limited	moderate
Burkholderia vietnamiensis	extensive	moderate	moderate	moderate	moderate	moderate	moderate	moderate	limited	limited	limited	limited	moderate	moderate	0.6667	12	0.0000	moderate	limited	moderate
Corynebacterium urealyticum	extensive	limited	moderate	moderate	moderate	moderate	moderate	moderate	moderate	moderate	limited	limited	moderate	moderate	0.7500	12	0.0000	moderate	limited	moderate
Neisseria lactamica	extensive	moderate	extensive	moderate	moderate	moderate	limited	moderate	moderate	moderate	limited	NA	moderate	moderate	0.9091	11	0.0833	extensive	limited	moderate
Xanthomonas albilineans	extensive	limited	moderate	moderate	limited	limited	limited	moderate	limited	moderate	extensive	limited	moderate	moderate	0.5833	12	0.0000	extensive	limited	limited
Avibacterium paragallinarum	extensive	moderate	moderate	moderate	limited	moderate	extensive	moderate	limited	moderate	NA	limited	moderate	moderate	0.8182	11	0.0833	extensive	limited	moderate
Burkholderia ambifaria	extensive	moderate	moderate	moderate	moderate	moderate	limited	moderate	moderate	moderate	limited	limited	moderate	moderate	0.7500	12	0.0000	moderate	limited	moderate
Geobacillus thermodenitrificans	extensive	moderate	moderate	moderate	moderate	limited	limited	moderate	limited	limited	limited	moderate	moderate	moderate	0.5833	12	0.0000	moderate	limited	moderate
Rothia mucilaginosa	extensive	limited	extensive	moderate	limited	moderate	limited	moderate	moderate	limited	limited	limited	moderate	moderate	0.5833	12	0.0000	extensive	limited	limited
Streptomyces noursei	extensive	limited	moderate	moderate	limited	limited	limited	limited	limited	limited	limited	limited	moderate	limited	0.2500	12	0.0000	moderate	limited	limited
Citrobacter amalonaticus	extensive	moderate	moderate	moderate	moderate	moderate	limited	moderate	limited	limited	limited	limited	moderate	moderate	0.5833	12	0.0000	moderate	limited	moderate
Elizabethkingia anophelis	extensive	moderate	moderate	moderate	moderate	moderate	moderate	moderate	limited	moderate	limited	limited	moderate	moderate	0.7500	12	0.0000	moderate	limited	moderate
Acinetobacter pittii	extensive	moderate	moderate	moderate	moderate	moderate	moderate	moderate	moderate	moderate	limited	limited	moderate	moderate	0.8333	12	0.0000	moderate	limited	moderate
Rhizobium phaseoli	extensive	moderate	moderate	moderate	moderate	moderate	limited	moderate	limited	extensive	limited	limited	moderate	moderate	0.7500	12	0.0000	extensive	limited	moderate
Xenorhabdus nematophila	extensive	moderate	moderate	moderate	moderate	moderate	moderate	moderate	moderate	moderate	limited	limited	moderate	moderate	0.8333	12	0.0000	moderate	limited	moderate
Pseudomonas plecoglossicida	moderate	limited	moderate	NA	limited	limited	moderate	limited	limited	moderate	limited	limited	moderate	limited	0.3636	11	0.0833	moderate	limited	limited
Aerococcus urinae	extensive	limited	moderate	moderate	limited	moderate	limited	limited	moderate	moderate	NA	limited	moderate	moderate	0.5455	11	0.0833	moderate	limited	moderate
Leuconostoc carnosum	extensive	limited	moderate	moderate	moderate	limited	limited	limited	limited	NA	limited	NA	moderate	limited	0.4000	10	0.1667	moderate	limited	limited
Proteus penneri	extensive	moderate	moderate	moderate	limited	moderate	moderate	moderate	limited	limited	limited	limited	moderate	moderate	0.5833	12	0.0000	moderate	limited	moderate
Halomonas elongata	extensive	moderate	moderate	moderate	extensive	limited	limited	limited	limited	limited	limited	limited	moderate	moderate	0.5000	12	0.0000	extensive	limited	limited
Ligilactobacillus salivarius	extensive	moderate	extensive	moderate	moderate	moderate	limited	moderate	extensive	extensive	limited	limited	moderate	moderate	1.0000	12	0.0000	extensive	limited	moderate
Lactobacillus kefiranofaciens	extensive	limited	moderate	moderate	limited	limited	limited	limited	moderate	limited	limited	limited	moderate	limited	0.3333	12	0.0000	moderate	limited	limited
Chitinophaga pinensis	moderate	limited	moderate	limited	limited	limited	NA	limited	limited	NA	NA	NA	moderate	limited	0.2500	8	0.3333	moderate	limited	limited
Leclercia adecarboxylata	extensive	moderate	moderate	moderate	moderate	limited	limited	moderate	limited	moderate	limited	limited	moderate	moderate	0.5833	12	0.0000	moderate	limited	moderate
Streptococcus parasanguinis	extensive	limited	extensive	moderate	limited	moderate	limited	limited	extensive	moderate	limited	limited	moderate	moderate	0.6667	12	0.0000	extensive	limited	limited
Porphyromonas endodontalis	moderate	limited	moderate	moderate	limited	moderate	limited	moderate	limited	moderate	NA	limited	moderate	moderate	0.5455	11	0.0833	moderate	limited	moderate
Alteromonas macleodii	extensive	moderate	moderate	moderate	moderate	moderate	limited	limited	limited	limited	limited	limited	moderate	moderate	0.5000	12	0.0000	moderate	limited	moderate
Pseudomonas viridiflava	extensive	moderate	moderate	moderate	moderate	moderate	limited	moderate	limited	moderate	moderate	limited	moderate	moderate	0.7500	12	0.0000	moderate	limited	moderate
Klebsiella granulomatis	extensive	limited	moderate	limited	limited	limited	limited	limited	limited	moderate	NA	limited	moderate	limited	0.2727	11	0.0833	moderate	limited	limited
Caulobacter vibrioides	extensive	extensive	moderate	moderate	moderate	extensive	limited	limited	limited	limited	limited	limited	extensive	moderate	0.7500	12	0.0000	extensive	limited	limited
Enterobacter ludwigii	extensive	moderate	moderate	moderate	limited	limited	limited	moderate	limited	limited	limited	limited	moderate	limited	0.4167	12	0.0000	moderate	limited	limited
Rickettsia bellii	extensive	moderate	moderate	moderate	moderate	limited	limited	limited	limited	moderate	limited	NA	moderate	moderate	0.5455	11	0.0833	moderate	limited	moderate
Streptomyces lydicus	extensive	limited	moderate	moderate	limited	moderate	limited	limited	limited	limited	limited	limited	moderate	limited	0.3333	12	0.0000	moderate	limited	limited
Bifidobacterium pseudocatenulatum	extensive	limited	moderate	moderate	moderate	moderate	limited	moderate	extensive	moderate	limited	limited	moderate	moderate	0.7500	12	0.0000	extensive	limited	moderate
Streptomyces albidoflavus	extensive	moderate	moderate	moderate	moderate	moderate	limited	limited	limited	limited	limited	limited	moderate	moderate	0.5000	12	0.0000	moderate	limited	moderate
Streptomyces ambofaciens	extensive	moderate	moderate	moderate	limited	moderate	limited	limited	limited	limited	limited	moderate	moderate	moderate	0.5000	12	0.0000	moderate	limited	moderate
Citrobacter braakii	extensive	moderate	moderate	moderate	moderate	moderate	moderate	moderate	limited	moderate	limited	limited	moderate	moderate	0.7500	12	0.0000	moderate	limited	moderate
Shewanella baltica	moderate	moderate	moderate	moderate	moderate	limited	limited	limited	limited	limited	limited	NA	moderate	limited	0.4545	11	0.0833	moderate	limited	limited
Eubacterium limosum	moderate	moderate	moderate	moderate	moderate	limited	limited	limited	moderate	limited	limited	limited	moderate	moderate	0.5000	12	0.0000	moderate	limited	moderate
Streptomyces rochei	extensive	limited	moderate	moderate	moderate	limited	limited	limited	limited	limited	limited	limited	moderate	limited	0.3333	12	0.0000	moderate	limited	limited
Paenibacillus mucilaginosus	extensive	moderate	moderate	moderate	moderate	moderate	limited	limited	limited	limited	limited	moderate	moderate	moderate	0.5833	12	0.0000	moderate	limited	moderate
Leptospira borgpetersenii	extensive	moderate	moderate	moderate	moderate	moderate	extensive	moderate	limited	moderate	limited	NA	moderate	moderate	0.9091	11	0.0833	extensive	limited	moderate
Acinetobacter radioresistens	extensive	moderate	moderate	moderate	moderate	moderate	limited	moderate	limited	limited	limited	limited	moderate	moderate	0.5833	12	0.0000	moderate	limited	moderate
Raoultella planticola	extensive	moderate	moderate	moderate	moderate	moderate	moderate	moderate	limited	limited	limited	limited	moderate	moderate	0.6667	12	0.0000	moderate	limited	moderate
Sphingobium yanoikuyae	extensive	moderate	moderate	moderate	moderate	limited	limited	limited	limited	limited	limited	limited	moderate	limited	0.4167	12	0.0000	moderate	limited	limited
Bacteroides caccae	extensive	moderate	moderate	moderate	limited	moderate	limited	moderate	moderate	moderate	limited	limited	moderate	moderate	0.6667	12	0.0000	moderate	limited	moderate
Xanthomonas euvesicatoria	extensive	extensive	extensive	moderate	moderate	moderate	limited	moderate	limited	moderate	extensive	limited	moderate	moderate	1.0000	12	0.0000	extensive	limited	moderate
Thermotoga neapolitana	extensive	moderate	moderate	moderate	moderate	limited	limited	limited	limited	NA	NA	limited	moderate	moderate	0.5000	10	0.1667	moderate	limited	moderate
Staphylococcus schleiferi	extensive	limited	moderate	moderate	moderate	moderate	moderate	moderate	moderate	moderate	limited	limited	moderate	moderate	0.7500	12	0.0000	moderate	limited	moderate
Bifidobacterium dentium	extensive	limited	moderate	moderate	limited	moderate	limited	limited	moderate	moderate	limited	limited	moderate	moderate	0.5000	12	0.0000	moderate	limited	limited
Leuconostoc pseudomesenteroides	extensive	limited	moderate	moderate	moderate	moderate	limited	moderate	moderate	limited	limited	limited	moderate	moderate	0.5833	12	0.0000	moderate	limited	moderate
Rickettsia akari	extensive	limited	moderate	moderate	limited	limited	moderate	moderate	limited	moderate	limited	NA	moderate	moderate	0.5455	11	0.0833	moderate	limited	moderate
Kocuria rosea	extensive	limited	moderate	moderate	moderate	limited	limited	limited	limited	limited	limited	limited	moderate	limited	0.3333	12	0.0000	moderate	limited	limited
Staphylococcus equorum	extensive	limited	moderate	moderate	moderate	limited	limited	limited	limited	limited	limited	limited	moderate	limited	0.3333	12	0.0000	moderate	limited	limited
Pseudomonas tolaasii	extensive	moderate	moderate	moderate	moderate	limited	limited	limited	limited	moderate	moderate	limited	moderate	moderate	0.5833	12	0.0000	moderate	limited	moderate
Pseudomonas koreensis	moderate	moderate	moderate	moderate	moderate	moderate	limited	limited	limited	limited	limited	limited	moderate	moderate	0.5000	12	0.0000	moderate	limited	moderate
Legionella longbeachae	extensive	moderate	moderate	moderate	moderate	moderate	limited	moderate	limited	moderate	NA	limited	moderate	moderate	0.7273	11	0.0833	moderate	limited	moderate
Bordetella avium	extensive	moderate	moderate	moderate	limited	limited	moderate	limited	limited	moderate	NA	NA	moderate	moderate	0.6000	10	0.1667	moderate	limited	moderate
Mycobacteroides abscessus	extensive	moderate	limited	moderate	moderate	moderate	moderate	moderate	limited	moderate	limited	limited	moderate	moderate	0.6667	12	0.0000	moderate	limited	moderate
Priestia megaterium	extensive	moderate	extensive	extensive	moderate	moderate	limited	moderate	limited	limited	limited	moderate	extensive	moderate	0.9167	12	0.0000	extensive	limited	moderate
Microbacterium testaceum	moderate	limited	moderate	limited	limited	limited	limited	limited	limited	limited	limited	limited	moderate	limited	0.1667	12	0.0000	moderate	limited	limited
Komagataeibacter xylinus	extensive	limited	moderate	moderate	moderate	extensive	limited	limited	limited	limited	limited	limited	moderate	moderate	0.5000	12	0.0000	extensive	limited	limited
Serratia fonticola	moderate	limited	moderate	NA	limited	limited	limited	limited	limited	NA	limited	limited	moderate	limited	0.2000	10	0.1667	moderate	limited	limited
Amycolatopsis orientalis	extensive	limited	moderate	moderate	limited	limited	limited	limited	NA	limited	limited	limited	moderate	limited	0.2727	11	0.0833	moderate	limited	limited
Pseudoalteromonas piscicida	moderate	limited	moderate	limited	limited	limited	NA	limited	limited	NA	limited	NA	limited	limited	0.1111	9	0.2500	moderate	limited	limited
Pseudomonas luteola	moderate	moderate	moderate	moderate	moderate	limited	limited	moderate	limited	limited	limited	limited	moderate	moderate	0.5000	12	0.0000	moderate	limited	moderate
Methylomonas methanica	moderate	moderate	moderate	moderate	limited	limited	limited	limited	limited	limited	NA	limited	moderate	limited	0.3636	11	0.0833	moderate	limited	limited
Pantoea dispersa	moderate	limited	moderate	limited	limited	limited	limited	limited	limited	moderate	limited	limited	moderate	limited	0.2500	12	0.0000	moderate	limited	limited
Filifactor alocis	extensive	limited	moderate	moderate	moderate	moderate	limited	limited	moderate	moderate	NA	limited	moderate	moderate	0.6364	11	0.0833	moderate	limited	moderate
Pectobacterium parmentieri	extensive	moderate	moderate	moderate	moderate	moderate	limited	moderate	limited	moderate	moderate	limited	moderate	moderate	0.7500	12	0.0000	moderate	limited	moderate
Salinispora tropica	extensive	limited	moderate	limited	limited	limited	NA	limited	limited	NA	limited	limited	moderate	limited	0.2000	10	0.1667	moderate	limited	limited
Paenarthrobacter aurescens	moderate	limited	moderate	moderate	limited	limited	limited	limited	limited	limited	limited	limited	moderate	limited	0.2500	12	0.0000	moderate	limited	limited
Mesorhizobium ciceri	moderate	moderate	moderate	moderate	moderate	moderate	limited	limited	limited	moderate	limited	limited	moderate	moderate	0.5833	12	0.0000	moderate	limited	moderate
Dickeya solani	extensive	moderate	moderate	moderate	moderate	moderate	limited	moderate	limited	moderate	extensive	limited	moderate	moderate	0.8333	12	0.0000	extensive	limited	moderate
Neisseria subflava	extensive	moderate	moderate	moderate	limited	limited	limited	limited	moderate	moderate	limited	NA	moderate	moderate	0.5455	11	0.0833	moderate	limited	moderate
Xanthomonas fragariae	extensive	moderate	moderate	moderate	moderate	moderate	limited	moderate	limited	moderate	extensive	limited	moderate	moderate	0.8333	12	0.0000	extensive	limited	moderate
Staphylococcus chromogenes	extensive	limited	moderate	limited	limited	limited	limited	limited	limited	moderate	NA	limited	moderate	limited	0.2727	11	0.0833	moderate	limited	limited
Bacillus toyonensis	extensive	limited	moderate	limited	limited	limited	limited	limited	limited	NA	limited	limited	moderate	limited	0.1818	11	0.0833	moderate	limited	limited
Mycobacterium scrofulaceum	extensive	limited	limited	moderate	moderate	limited	limited	moderate	limited	limited	limited	limited	limited	limited	0.2500	12	0.0000	moderate	limited	limited
Pandoraea pnomenusa	moderate	moderate	moderate	moderate	limited	limited	limited	limited	limited	limited	limited	limited	moderate	limited	0.3333	12	0.0000	moderate	limited	limited
Pseudomonas veronii	extensive	moderate	moderate	moderate	moderate	moderate	limited	limited	limited	limited	limited	limited	moderate	moderate	0.5000	12	0.0000	moderate	limited	moderate
Streptomyces scabiei	extensive	moderate	moderate	moderate	moderate	moderate	limited	moderate	limited	moderate	extensive	limited	moderate	moderate	0.8333	12	0.0000	extensive	limited	moderate
Paenibacillus alvei	extensive	moderate	extensive	moderate	moderate	moderate	limited	limited	limited	moderate	limited	moderate	moderate	moderate	0.7500	12	0.0000	extensive	limited	moderate
Staphylococcus caprae	extensive	limited	moderate	moderate	moderate	moderate	moderate	moderate	moderate	moderate	limited	limited	moderate	moderate	0.7500	12	0.0000	moderate	limited	moderate
Prevotella oris	extensive	moderate	moderate	moderate	limited	moderate	limited	limited	limited	moderate	NA	limited	moderate	moderate	0.5455	11	0.0833	moderate	limited	moderate
Streptomyces kanamyceticus	extensive	limited	moderate	moderate	limited	limited	limited	limited	limited	limited	limited	limited	moderate	limited	0.2500	12	0.0000	moderate	limited	limited
Bifidobacterium thermophilum	moderate	limited	moderate	limited	limited	limited	limited	limited	limited	limited	limited	limited	moderate	limited	0.1667	12	0.0000	moderate	limited	limited
Capnocytophaga ochracea	extensive	moderate	moderate	moderate	limited	moderate	limited	moderate	limited	moderate	NA	limited	moderate	moderate	0.6364	11	0.0833	moderate	limited	moderate
Neisseria mucosa	extensive	moderate	moderate	moderate	limited	limited	limited	limited	limited	moderate	limited	NA	moderate	limited	0.4545	11	0.0833	moderate	limited	limited
Pseudomonas oryzihabitans	extensive	moderate	moderate	moderate	moderate	moderate	limited	limited	limited	limited	limited	limited	moderate	moderate	0.5000	12	0.0000	moderate	limited	moderate
Pseudomonas marginalis	extensive	moderate	moderate	moderate	moderate	limited	limited	limited	limited	moderate	moderate	limited	moderate	moderate	0.5833	12	0.0000	moderate	limited	moderate
Arthrobacter psychrolactophilus	moderate	limited	moderate	limited	moderate	limited	limited	limited	limited	limited	limited	limited	moderate	limited	0.2500	12	0.0000	moderate	limited	limited
Mycobacterium simiae	extensive	limited	limited	moderate	moderate	limited	limited	moderate	limited	moderate	NA	limited	moderate	limited	0.4545	11	0.0833	moderate	limited	limited
Streptomyces nodosus	extensive	moderate	moderate	moderate	moderate	moderate	limited	limited	limited	limited	limited	moderate	moderate	moderate	0.5833	12	0.0000	moderate	limited	moderate
Pseudomonas brassicacearum	extensive	moderate	moderate	moderate	moderate	moderate	limited	limited	limited	limited	moderate	limited	moderate	moderate	0.5833	12	0.0000	moderate	limited	moderate
Bacillus vallismortis	extensive	moderate	moderate	moderate	moderate	limited	limited	limited	limited	limited	limited	moderate	moderate	moderate	0.5000	12	0.0000	moderate	limited	moderate
Nitrobacter winogradskyi	extensive	limited	moderate	moderate	limited	limited	NA	limited	limited	limited	limited	limited	moderate	limited	0.2727	11	0.0833	moderate	limited	limited
Deinococcus geothermalis	extensive	moderate	moderate	moderate	extensive	limited	NA	limited	limited	NA	limited	limited	moderate	moderate	0.6000	10	0.1667	extensive	limited	limited
Edwardsiella piscicida	extensive	moderate	moderate	moderate	moderate	moderate	moderate	moderate	moderate	moderate	limited	NA	moderate	moderate	0.9091	11	0.0833	moderate	limited	moderate
[Clostridium] innocuum	extensive	moderate	moderate	moderate	limited	moderate	moderate	moderate	moderate	moderate	limited	limited	moderate	moderate	0.7500	12	0.0000	moderate	limited	moderate
Pseudomonas monteilii	extensive	moderate	moderate	moderate	moderate	limited	limited	limited	limited	limited	limited	limited	moderate	limited	0.4167	12	0.0000	moderate	limited	limited
Hydrogenovibrio crunogenus	moderate	limited	limited	moderate	limited	limited	limited	limited	limited	limited	NA	limited	moderate	limited	0.1818	11	0.0833	moderate	limited	limited
Staphylococcus pasteuri	moderate	limited	moderate	moderate	moderate	limited	limited	limited	limited	limited	limited	limited	limited	limited	0.2500	12	0.0000	moderate	limited	limited
Serratia rubidaea	extensive	moderate	moderate	moderate	moderate	moderate	limited	limited	limited	limited	limited	limited	moderate	moderate	0.5000	12	0.0000	moderate	limited	moderate
Acinetobacter nosocomialis	extensive	moderate	moderate	moderate	moderate	moderate	limited	moderate	limited	moderate	limited	limited	moderate	moderate	0.6667	12	0.0000	moderate	limited	moderate
Stenotrophomonas rhizophila	moderate	moderate	moderate	moderate	moderate	moderate	limited	limited	limited	limited	limited	limited	moderate	moderate	0.5000	12	0.0000	moderate	limited	moderate
Listeria welshimeri	extensive	moderate	extensive	moderate	moderate	moderate	limited	moderate	limited	limited	limited	limited	moderate	moderate	0.6667	12	0.0000	extensive	limited	moderate
Xanthomonas perforans	extensive	moderate	moderate	moderate	moderate	moderate	limited	moderate	limited	moderate	extensive	limited	moderate	moderate	0.8333	12	0.0000	extensive	limited	moderate
Priestia flexa	moderate	NA	NA	NA	limited	NA	NA	limited	limited	NA	NA	NA	NA	limited	0.0000	3	0.7500	limited	limited	limited
Rickettsia sibirica	extensive	moderate	moderate	moderate	moderate	limited	moderate	moderate	limited	moderate	limited	limited	moderate	moderate	0.6667	12	0.0000	moderate	limited	moderate
Novosphingobium aromaticivorans	extensive	moderate	moderate	moderate	moderate	moderate	limited	moderate	limited	limited	limited	limited	moderate	moderate	0.5833	12	0.0000	moderate	limited	moderate
Helicobacter heilmannii	moderate	moderate	limited	moderate	limited	limited	moderate	limited	limited	moderate	NA	NA	moderate	moderate	0.5000	10	0.1667	moderate	limited	moderate
Lactiplantibacillus pentosus	extensive	limited	extensive	moderate	moderate	moderate	limited	limited	moderate	moderate	limited	limited	moderate	moderate	0.6667	12	0.0000	extensive	limited	moderate
Corynebacterium amycolatum	extensive	limited	moderate	moderate	moderate	moderate	limited	moderate	moderate	moderate	limited	limited	moderate	moderate	0.6667	12	0.0000	moderate	limited	moderate
Xanthomonas phaseoli	moderate	moderate	moderate	moderate	limited	moderate	limited	moderate	limited	moderate	moderate	limited	moderate	moderate	0.6667	12	0.0000	moderate	limited	moderate
Pseudomonas nitroreducens	moderate	limited	moderate	moderate	limited	limited	limited	limited	limited	limited	limited	limited	moderate	limited	0.2500	12	0.0000	moderate	limited	limited
Cellvibrio japonicus	extensive	moderate	moderate	moderate	moderate	limited	limited	limited	limited	limited	limited	limited	moderate	limited	0.4167	12	0.0000	moderate	limited	limited
Latilactobacillus sakei	extensive	moderate	extensive	moderate	moderate	moderate	limited	moderate	moderate	moderate	limited	limited	moderate	moderate	0.8333	12	0.0000	extensive	limited	moderate
Streptomyces alboniger	extensive	limited	moderate	moderate	limited	limited	limited	limited	limited	limited	limited	limited	moderate	limited	0.2500	12	0.0000	moderate	limited	limited
Bartonella vinsonii	extensive	moderate	moderate	moderate	moderate	limited	moderate	limited	moderate	moderate	limited	NA	moderate	moderate	0.7273	11	0.0833	moderate	limited	moderate
Geobacillus thermoleovorans	extensive	moderate	moderate	moderate	extensive	moderate	limited	moderate	limited	limited	limited	moderate	moderate	moderate	0.7500	12	0.0000	extensive	limited	moderate
Lentilactobacillus buchneri	extensive	moderate	extensive	moderate	moderate	moderate	limited	moderate	limited	limited	limited	limited	moderate	moderate	0.6667	12	0.0000	extensive	limited	moderate
Raoultella terrigena	extensive	moderate	moderate	moderate	limited	limited	limited	limited	limited	limited	limited	limited	moderate	limited	0.3333	12	0.0000	moderate	limited	limited
Kocuria flava	moderate	NA	moderate	limited	limited	limited	NA	limited	limited	NA	NA	limited	moderate	limited	0.2500	8	0.3333	moderate	limited	limited
Streptococcus parauberis	extensive	limited	moderate	limited	limited	limited	moderate	limited	limited	moderate	NA	limited	moderate	limited	0.3636	11	0.0833	moderate	limited	limited
Dickeya zeae	extensive	moderate	moderate	moderate	moderate	moderate	limited	limited	limited	moderate	extensive	limited	moderate	moderate	0.7500	12	0.0000	extensive	limited	moderate
Glaesserella parasuis	extensive	moderate	moderate	moderate	moderate	moderate	extensive	moderate	moderate	extensive	NA	NA	moderate	moderate	1.2000	10	0.1667	extensive	moderate	moderate
Campylobacter upsaliensis	extensive	moderate	moderate	moderate	moderate	moderate	moderate	moderate	moderate	moderate	limited	limited	moderate	moderate	0.8333	12	0.0000	moderate	limited	moderate
Pseudomonas citronellolis	moderate	limited	moderate	moderate	moderate	limited	limited	limited	limited	limited	limited	limited	moderate	limited	0.3333	12	0.0000	moderate	limited	limited
Comamonas thiooxydans	moderate	limited	limited	NA	limited	NA	NA	limited	limited	limited	limited	NA	limited	limited	0.0000	8	0.3333	limited	limited	limited
Listeria seeligeri	extensive	moderate	moderate	moderate	moderate	moderate	limited	moderate	limited	limited	limited	limited	moderate	moderate	0.5833	12	0.0000	moderate	limited	moderate
Streptomyces tendae	extensive	limited	limited	moderate	limited	limited	limited	limited	limited	limited	limited	limited	moderate	limited	0.1667	12	0.0000	moderate	limited	limited
Actinomadura madurae	extensive	limited	moderate	limited	limited	limited	limited	limited	limited	limited	NA	NA	moderate	limited	0.2000	10	0.1667	moderate	limited	limited
Brevibacterium casei	moderate	limited	moderate	moderate	limited	limited	limited	limited	limited	NA	limited	limited	moderate	limited	0.2727	11	0.0833	moderate	limited	limited
Brevibacillus reuszeri	moderate	limited	moderate	limited	limited	limited	NA	limited	limited	NA	limited	limited	limited	limited	0.1000	10	0.1667	moderate	limited	limited
Bacteroides xylanisolvens	extensive	limited	moderate	moderate	limited	limited	limited	moderate	moderate	moderate	NA	limited	moderate	moderate	0.5455	11	0.0833	moderate	limited	moderate
Borreliella burgdorferi	extensive	extensive	limited	moderate	moderate	moderate	extensive	moderate	extensive	extensive	limited	limited	extensive	moderate	1.1667	12	0.0000	extensive	limited	extensive
Photobacterium profundum	extensive	extensive	moderate	extensive	extensive	moderate	limited	moderate	limited	limited	NA	limited	moderate	moderate	0.9091	11	0.0833	extensive	limited	moderate
Photobacterium kishitanii	moderate	moderate	moderate	moderate	limited	limited	limited	limited	limited	moderate	NA	NA	moderate	moderate	0.5000	10	0.1667	moderate	limited	moderate
Clostridium tertium	extensive	moderate	moderate	moderate	moderate	limited	limited	moderate	limited	moderate	NA	limited	moderate	moderate	0.6364	11	0.0833	moderate	limited	moderate
Pseudomonas paraeruginosa	extensive	extensive	moderate	limited	limited	limited	limited	limited	limited	NA	NA	limited	extensive	moderate	0.5000	10	0.1667	extensive	limited	limited
Fusobacterium varium	moderate	moderate	moderate	moderate	limited	limited	limited	limited	limited	moderate	limited	limited	moderate	limited	0.4167	12	0.0000	moderate	limited	limited
Ensifer adhaerens	extensive	moderate	moderate	moderate	limited	limited	limited	limited	limited	limited	limited	NA	moderate	limited	0.3636	11	0.0833	moderate	limited	limited
Rickettsia massiliae	extensive	moderate	moderate	moderate	moderate	limited	moderate	moderate	limited	moderate	limited	NA	moderate	moderate	0.7273	11	0.0833	moderate	limited	moderate
Planococcus rifietoensis	NA	NA	NA	limited	limited	NA	NA	NA	NA	NA	NA	NA	NA	NA	nan	2	0.8333			
Rubrivivax gelatinosus	extensive	moderate	moderate	extensive	moderate	moderate	limited	limited	limited	limited	limited	limited	moderate	moderate	0.5833	12	0.0000	extensive	limited	limited
Burkholderia contaminans	extensive	moderate	moderate	moderate	moderate	moderate	limited	moderate	limited	limited	limited	limited	moderate	moderate	0.5833	12	0.0000	moderate	limited	moderate
Bacillus paramycoides	extensive	moderate	moderate	moderate	moderate	limited	limited	limited	limited	NA	limited	limited	moderate	limited	0.4545	11	0.0833	moderate	limited	limited
Alteromonas naphthalenivorans	moderate	NA	moderate	NA	limited	limited	limited	limited	limited	NA	limited	NA	limited	limited	0.1250	8	0.3333	moderate	limited	limited
Bacillus halotolerans	moderate	NA	moderate	limited	moderate	NA	NA	limited	limited	NA	limited	limited	moderate	limited	0.3750	8	0.3333	moderate	limited	limited
Streptomyces platensis	extensive	limited	moderate	moderate	limited	limited	limited	limited	limited	limited	limited	limited	moderate	limited	0.2500	12	0.0000	moderate	limited	limited
Streptomyces parvulus	extensive	limited	moderate	moderate	limited	limited	limited	limited	limited	limited	limited	limited	moderate	limited	0.2500	12	0.0000	moderate	limited	limited
Caulobacter flavus	moderate	NA	NA	NA	limited	NA	NA	limited	limited	NA	NA	NA	NA	limited	0.0000	3	0.7500	limited	limited	limited
Bartonella apis	moderate	NA	NA	limited	limited	NA	NA	limited	NA	limited	NA	NA	NA	limited	0.0000	4	0.6667	limited	limited	limited
Vibrio furnissii	extensive	moderate	moderate	moderate	moderate	moderate	limited	limited	limited	moderate	limited	NA	moderate	moderate	0.6364	11	0.0833	moderate	limited	moderate
Capnocytophaga gingivalis	extensive	moderate	moderate	moderate	limited	moderate	limited	limited	limited	moderate	NA	limited	moderate	moderate	0.5455	11	0.0833	moderate	limited	moderate
Macrococcus caseolyticus	extensive	limited	moderate	moderate	moderate	limited	limited	limited	limited	moderate	limited	limited	moderate	limited	0.4167	12	0.0000	moderate	limited	limited
Nitrosomonas eutropha	moderate	limited	moderate	moderate	limited	limited	limited	limited	limited	limited	NA	NA	moderate	limited	0.3000	10	0.1667	moderate	limited	limited
Prevotella denticola	extensive	moderate	moderate	moderate	limited	moderate	limited	moderate	limited	moderate	limited	limited	moderate	moderate	0.5833	12	0.0000	moderate	limited	moderate
Sagittula stellata	moderate	NA	limited	NA	limited	limited	NA	limited	limited	NA	NA	NA	NA	limited	0.0000	5	0.5833	limited	limited	limited
Nitratireductor indicus	moderate	NA	NA	NA	limited	limited	NA	limited	NA	NA	NA	NA	NA	limited	0.0000	3	0.7500	limited	limited	limited
Weissella paramesenteroides	extensive	limited	moderate	moderate	limited	limited	limited	limited	limited	limited	limited	limited	moderate	limited	0.2500	12	0.0000	moderate	limited	limited
Delftia tsuruhatensis	extensive	moderate	moderate	moderate	limited	moderate	limited	limited	limited	limited	limited	limited	moderate	limited	0.4167	12	0.0000	moderate	limited	limited
Xenorhabdus khoisanae	moderate	limited	moderate	moderate	limited	limited	limited	limited	limited	moderate	limited	limited	moderate	limited	0.3333	12	0.0000	moderate	limited	limited
Fusobacterium ulcerans	NA	NA	moderate	limited	limited	limited	limited	limited	limited	NA	NA	limited	limited	limited	0.1111	9	0.2500	moderate	limited	limited
Celeribacter baekdonensis	moderate	NA	NA	limited	limited	limited	NA	limited	limited	NA	NA	NA	limited	limited	0.0000	6	0.5000	limited	limited	limited
Bacillus sonorensis	moderate	NA	moderate	NA	moderate	NA	NA	limited	limited	NA	limited	NA	limited	limited	0.3333	6	0.5000	moderate	limited	limited
Proteus hauseri	moderate	moderate	limited	NA	NA	limited	NA	limited	limited	NA	NA	NA	NA	limited	0.2000	5	0.5833	moderate	limited	limited
Chryseobacterium joostei	limited	limited	moderate	limited	limited	limited	limited	limited	limited	NA	limited	limited	moderate	limited	0.1818	11	0.0833	moderate	limited	limited
Streptococcus infantarius	extensive	limited	moderate	moderate	limited	limited	limited	limited	moderate	moderate	limited	limited	moderate	limited	0.4167	12	0.0000	moderate	limited	limited
Nocardia nova	extensive	moderate	moderate	moderate	moderate	moderate	moderate	moderate	limited	limited	limited	limited	moderate	moderate	0.6667	12	0.0000	moderate	limited	moderate
Burkholderia pyrrocinia	extensive	limited	moderate	moderate	limited	limited	limited	limited	limited	limited	limited	limited	moderate	limited	0.2500	12	0.0000	moderate	limited	limited
Shewanella loihica	moderate	moderate	moderate	moderate	moderate	moderate	NA	limited	limited	limited	limited	NA	moderate	moderate	0.6000	10	0.1667	moderate	limited	moderate
Helicobacter mustelae	extensive	moderate	moderate	moderate	moderate	limited	moderate	limited	moderate	moderate	NA	limited	moderate	moderate	0.7273	11	0.0833	moderate	limited	moderate
Mycobacterium malmoense	extensive	limited	limited	moderate	moderate	moderate	limited	moderate	limited	moderate	NA	limited	moderate	moderate	0.5455	11	0.0833	moderate	limited	moderate
Achromobacter denitrificans	extensive	limited	moderate	moderate	limited	limited	limited	limited	limited	limited	limited	limited	moderate	limited	0.2500	12	0.0000	moderate	limited	limited
Anaeromyxobacter dehalogenans	extensive	moderate	moderate	moderate	moderate	moderate	limited	limited	limited	limited	limited	limited	moderate	moderate	0.5000	12	0.0000	moderate	limited	moderate
Staphylococcus arlettae	extensive	limited	moderate	moderate	moderate	limited	limited	limited	limited	moderate	limited	limited	moderate	limited	0.4167	12	0.0000	moderate	limited	limited
Erwinia tracheiphila	extensive	moderate	moderate	moderate	moderate	moderate	limited	limited	limited	moderate	extensive	limited	moderate	moderate	0.7500	12	0.0000	extensive	limited	moderate
Enterobacter cancerogenus	extensive	moderate	moderate	moderate	moderate	limited	limited	moderate	limited	limited	limited	limited	moderate	moderate	0.5000	12	0.0000	moderate	limited	moderate
Streptomyces tsukubensis	extensive	limited	moderate	limited	limited	limited	limited	limited	limited	limited	limited	limited	moderate	limited	0.1667	12	0.0000	moderate	limited	limited
Campylobacter gracilis	moderate	moderate	moderate	moderate	limited	limited	limited	limited	limited	limited	NA	NA	moderate	limited	0.4000	10	0.1667	moderate	limited	limited
Actinomadura darangshiensis	NA	NA	NA	NA	limited	NA	NA	limited	NA	NA	NA	NA	NA	NA	nan	2	0.8333			
Shewanella frigidimarina	extensive	moderate	moderate	extensive	moderate	moderate	limited	limited	limited	limited	limited	NA	moderate	moderate	0.6364	11	0.0833	extensive	limited	moderate
Kribbella pittospori	NA	NA	NA	limited	limited	limited	NA	limited	NA	NA	limited	NA	NA	limited	0.0000	5	0.5833	limited	limited	limited
Xenorhabdus bovienii	extensive	moderate	moderate	moderate	moderate	moderate	moderate	limited	limited	moderate	limited	limited	moderate	moderate	0.6667	12	0.0000	moderate	limited	moderate
Nocardia cyriacigeorgica	extensive	limited	moderate	moderate	moderate	moderate	moderate	moderate	limited	limited	limited	limited	moderate	moderate	0.5833	12	0.0000	moderate	limited	moderate
Gordonia lacunae	moderate	NA	NA	NA	limited	NA	NA	limited	NA	NA	NA	NA	NA	NA	nan	2	0.8333			
Enterobacter kobei	extensive	moderate	moderate	moderate	limited	limited	limited	moderate	limited	limited	limited	limited	moderate	limited	0.4167	12	0.0000	moderate	limited	limited
Helicobacter bilis	extensive	moderate	moderate	moderate	moderate	limited	moderate	moderate	moderate	moderate	limited	NA	moderate	moderate	0.8182	11	0.0833	moderate	limited	moderate
Klebsiella michiganensis	extensive	moderate	moderate	moderate	limited	moderate	limited	limited	limited	limited	limited	limited	moderate	limited	0.4167	12	0.0000	moderate	limited	limited
Brucella ceti	extensive	moderate	moderate	moderate	limited	limited	moderate	moderate	limited	extensive	NA	NA	moderate	moderate	0.8000	10	0.1667	extensive	limited	moderate
Streptomyces glaucescens	moderate	limited	moderate	moderate	limited	limited	limited	limited	limited	limited	limited	limited	moderate	limited	0.2500	12	0.0000	moderate	limited	limited
Corynebacterium efficiens	moderate	limited	moderate	moderate	limited	limited	limited	limited	NA	NA	limited	limited	moderate	limited	0.3000	10	0.1667	moderate	limited	limited
Mycobacterium szulgai	extensive	limited	limited	moderate	moderate	limited	moderate	moderate	limited	limited	limited	limited	moderate	limited	0.4167	12	0.0000	moderate	limited	limited
Pseudomonas fulva	moderate	limited	moderate	limited	limited	limited	limited	limited	limited	limited	limited	limited	moderate	limited	0.1667	12	0.0000	moderate	limited	limited
Leptospira kirschneri	extensive	moderate	moderate	moderate	moderate	moderate	moderate	moderate	limited	moderate	NA	NA	moderate	moderate	0.9000	10	0.1667	moderate	limited	moderate
Staphylococcus auricularis	extensive	limited	moderate	moderate	limited	moderate	limited	limited	limited	moderate	NA	limited	moderate	limited	0.4545	11	0.0833	moderate	limited	limited
Mycobacterium genavense	moderate	limited	limited	limited	limited	limited	moderate	moderate	limited	moderate	limited	limited	limited	limited	0.2500	12	0.0000	moderate	limited	limited
Brevibacillus borstelensis	moderate	limited	moderate	moderate	moderate	limited	limited	limited	limited	limited	limited	limited	moderate	limited	0.3333	12	0.0000	moderate	limited	limited
Dickeya chrysanthemi	extensive	moderate	moderate	moderate	moderate	moderate	limited	moderate	limited	limited	extensive	limited	moderate	moderate	0.7500	12	0.0000	extensive	limited	moderate
Streptococcus cristatus	extensive	limited	moderate	moderate	limited	moderate	limited	limited	limited	moderate	limited	limited	moderate	limited	0.4167	12	0.0000	moderate	limited	limited
Enterobacter bugandensis	extensive	moderate	moderate	moderate	moderate	moderate	limited	moderate	limited	limited	limited	limited	moderate	moderate	0.5833	12	0.0000	moderate	limited	moderate
Clostridium carboxidivorans	moderate	NA	moderate	moderate	limited	limited	NA	limited	limited	limited	NA	limited	moderate	limited	0.3333	9	0.2500	moderate	limited	limited
Corynebacterium renale	extensive	limited	moderate	moderate	moderate	limited	moderate	moderate	moderate	moderate	limited	limited	moderate	moderate	0.6667	12	0.0000	moderate	limited	moderate
Streptomyces violaceoruber	extensive	moderate	moderate	moderate	moderate	limited	limited	limited	limited	limited	limited	limited	moderate	limited	0.4167	12	0.0000	moderate	limited	limited
Parabacteroides merdae	extensive	limited	moderate	moderate	limited	limited	limited	limited	moderate	moderate	limited	limited	moderate	limited	0.4167	12	0.0000	moderate	limited	limited
Knoellia sinensis	limited	limited	limited	NA	limited	limited	NA	limited	limited	NA	NA	NA	limited	limited	0.0000	7	0.4167	limited	limited	limited
Clostridium haemolyticum	extensive	moderate	moderate	moderate	moderate	limited	moderate	moderate	limited	moderate	limited	moderate	moderate	moderate	0.7500	12	0.0000	moderate	limited	moderate
Pseudomonas simiae	moderate	NA	NA	NA	limited	NA	NA	limited	limited	NA	limited	limited	limited	limited	0.0000	6	0.5000	limited	limited	limited
Neisseria flavescens	extensive	limited	moderate	moderate	limited	limited	limited	limited	limited	limited	NA	NA	moderate	limited	0.3000	10	0.1667	moderate	limited	limited
Corynebacterium tuberculostearicum	moderate	limited	moderate	limited	limited	limited	limited	limited	limited	limited	limited	limited	moderate	limited	0.1667	12	0.0000	moderate	limited	limited
Aeromonas media	moderate	moderate	moderate	moderate	moderate	limited	limited	limited	limited	moderate	limited	NA	moderate	moderate	0.5455	11	0.0833	moderate	limited	moderate
Serratia symbiotica	extensive	limited	moderate	moderate	moderate	limited	limited	limited	limited	moderate	limited	limited	moderate	limited	0.4167	12	0.0000	moderate	limited	limited
[Mycoplasma] mobile	extensive	extensive	limited	moderate	moderate	limited	limited	limited	limited	moderate	limited	limited	moderate	moderate	0.5000	12	0.0000	extensive	limited	limited
Rhodococcus pyridinivorans	extensive	limited	moderate	moderate	moderate	limited	limited	limited	limited	limited	limited	limited	moderate	limited	0.3333	12	0.0000	moderate	limited	limited
Enterococcus raffinosus	extensive	limited	moderate	limited	limited	limited	limited	limited	limited	limited	NA	limited	moderate	limited	0.1818	11	0.0833	moderate	limited	limited
Fusobacterium mortiferum	extensive	moderate	moderate	moderate	limited	moderate	limited	moderate	limited	moderate	limited	limited	moderate	moderate	0.5833	12	0.0000	moderate	limited	moderate
Kocuria varians	extensive	limited	moderate	moderate	limited	limited	limited	limited	limited	limited	limited	limited	moderate	limited	0.2500	12	0.0000	moderate	limited	limited
Rickettsia aeschlimannii	extensive	limited	limited	moderate	moderate	limited	moderate	moderate	limited	moderate	limited	NA	moderate	moderate	0.5455	11	0.0833	moderate	limited	moderate
Bacillus smithii	extensive	moderate	moderate	moderate	moderate	limited	limited	limited	limited	limited	limited	moderate	moderate	moderate	0.5000	12	0.0000	moderate	limited	moderate
Gordonia terrae	extensive	limited	moderate	moderate	limited	limited	limited	limited	limited	limited	limited	limited	moderate	limited	0.2500	12	0.0000	moderate	limited	limited
Corynebacterium kutscheri	moderate	limited	moderate	limited	moderate	limited	moderate	limited	limited	limited	NA	limited	moderate	limited	0.3636	11	0.0833	moderate	limited	limited
Aliivibrio salmonicida	extensive	moderate	moderate	moderate	moderate	moderate	moderate	moderate	limited	moderate	limited	NA	moderate	moderate	0.8182	11	0.0833	moderate	limited	moderate
Xanthomonas hortorum	extensive	moderate	moderate	moderate	moderate	moderate	limited	moderate	limited	moderate	extensive	limited	moderate	moderate	0.8333	12	0.0000	extensive	limited	moderate
Clostridium drakei	moderate	NA	moderate	limited	limited	limited	NA	limited	limited	NA	NA	limited	limited	limited	0.1250	8	0.3333	moderate	limited	limited
Myxococcus fulvus	extensive	moderate	moderate	moderate	limited	moderate	limited	limited	limited	limited	limited	moderate	moderate	moderate	0.5000	12	0.0000	moderate	limited	moderate
Pseudomonas synxantha	extensive	moderate	moderate	moderate	moderate	moderate	limited	limited	limited	limited	limited	NA	moderate	moderate	0.5455	11	0.0833	moderate	limited	moderate
Microbacterium oxydans	extensive	limited	moderate	moderate	moderate	limited	limited	limited	limited	limited	limited	limited	moderate	limited	0.3333	12	0.0000	moderate	limited	limited
Streptomyces violaceusniger	extensive	limited	moderate	moderate	limited	limited	limited	limited	limited	limited	limited	limited	moderate	limited	0.2500	12	0.0000	moderate	limited	limited
Staphylococcus gallinarum	moderate	limited	moderate	limited	limited	limited	limited	limited	limited	NA	NA	limited	moderate	limited	0.2000	10	0.1667	moderate	limited	limited
Microbacterium paraoxydans	moderate	limited	moderate	NA	limited	limited	limited	limited	limited	NA	limited	limited	limited	limited	0.1000	10	0.1667	moderate	limited	limited
Serratia entomophila	moderate	moderate	moderate	moderate	moderate	moderate	limited	limited	limited	moderate	limited	limited	moderate	moderate	0.5833	12	0.0000	moderate	limited	moderate
Mycoplasmoides gallisepticum	extensive	limited	limited	moderate	moderate	moderate	extensive	moderate	moderate	extensive	NA	NA	limited	moderate	0.9000	10	0.1667	extensive	limited	moderate
Streptomyces griseoflavus	extensive	limited	moderate	moderate	limited	limited	limited	limited	limited	limited	limited	limited	moderate	limited	0.2500	12	0.0000	moderate	limited	limited
Prevotella histicola	moderate	limited	moderate	moderate	limited	limited	limited	limited	moderate	moderate	limited	NA	moderate	limited	0.4545	11	0.0833	moderate	limited	limited
Rickettsia monacensis	extensive	limited	moderate	moderate	moderate	limited	limited	moderate	limited	moderate	NA	limited	moderate	moderate	0.5455	11	0.0833	moderate	limited	moderate
Citrobacter youngae	extensive	NA	moderate	moderate	limited	limited	limited	limited	limited	limited	limited	limited	moderate	limited	0.2727	11	0.0833	moderate	limited	limited
Vibrio metschnikovii	extensive	moderate	moderate	moderate	moderate	limited	limited	limited	limited	limited	limited	NA	moderate	limited	0.4545	11	0.0833	moderate	limited	limited
Bordetella petrii	extensive	moderate	moderate	moderate	moderate	moderate	limited	limited	limited	limited	limited	NA	moderate	moderate	0.5455	11	0.0833	moderate	limited	moderate
Paenibacillus dendritiformis	extensive	extensive	moderate	moderate	moderate	moderate	limited	limited	limited	limited	limited	moderate	extensive	moderate	0.7500	12	0.0000	extensive	limited	moderate
Pseudomonas mandelii	moderate	moderate	moderate	moderate	moderate	limited	limited	limited	limited	limited	limited	limited	moderate	limited	0.4167	12	0.0000	moderate	limited	limited
Kluyvera cryocrescens	extensive	moderate	moderate	moderate	limited	limited	limited	limited	limited	limited	limited	limited	moderate	limited	0.3333	12	0.0000	moderate	limited	limited
Streptomyces chromofuscus	moderate	limited	moderate	moderate	limited	limited	limited	limited	limited	limited	limited	limited	moderate	limited	0.2500	12	0.0000	moderate	limited	limited
Alistipes finegoldii	extensive	limited	moderate	moderate	limited	limited	limited	limited	moderate	limited	NA	NA	moderate	limited	0.4000	10	0.1667	moderate	limited	limited
Corynebacterium accolens	extensive	limited	moderate	moderate	moderate	moderate	limited	moderate	moderate	moderate	limited	limited	moderate	moderate	0.6667	12	0.0000	moderate	limited	moderate
Streptomyces diastatochromogenes	extensive	limited	moderate	moderate	limited	limited	limited	limited	limited	limited	limited	limited	moderate	limited	0.2500	12	0.0000	moderate	limited	limited
Frateuria aurantia	moderate	moderate	moderate	moderate	limited	limited	NA	limited	limited	limited	limited	limited	limited	limited	0.2727	11	0.0833	moderate	limited	limited
Brevibacillus agri	moderate	limited	moderate	moderate	limited	limited	limited	limited	limited	limited	NA	moderate	moderate	limited	0.3636	11	0.0833	moderate	limited	limited
Aeromonas jandaei	moderate	moderate	moderate	moderate	moderate	moderate	moderate	limited	limited	moderate	limited	limited	moderate	moderate	0.6667	12	0.0000	moderate	limited	moderate
Acidiphilium cryptum	moderate	moderate	moderate	moderate	moderate	limited	NA	limited	limited	limited	limited	limited	moderate	limited	0.4545	11	0.0833	moderate	limited	limited
Corynebacterium kroppenstedtii	moderate	limited	moderate	moderate	moderate	limited	limited	limited	moderate	limited	NA	limited	moderate	limited	0.4545	11	0.0833	moderate	limited	limited
Serratia ficaria	NA	NA	NA	NA	limited	limited	NA	limited	limited	NA	limited	NA	NA	limited	0.0000	5	0.5833	limited	limited	limited
Bacteroides cellulosilyticus	extensive	limited	moderate	moderate	limited	limited	limited	limited	moderate	moderate	limited	NA	moderate	limited	0.4545	11	0.0833	moderate	limited	limited
Eubacterium ventriosum	moderate	limited	moderate	moderate	limited	limited	limited	limited	moderate	limited	limited	limited	limited	limited	0.2500	12	0.0000	moderate	limited	limited
Kytococcus sedentarius	moderate	limited	moderate	moderate	moderate	limited	limited	limited	limited	limited	NA	limited	moderate	limited	0.3636	11	0.0833	moderate	limited	limited
Pseudomonas fuscovaginae	extensive	moderate	moderate	moderate	moderate	limited	limited	limited	limited	moderate	moderate	limited	moderate	moderate	0.5833	12	0.0000	moderate	limited	moderate
Vibrio proteolyticus	extensive	moderate	moderate	moderate	moderate	limited	limited	limited	limited	NA	NA	NA	moderate	moderate	0.5556	9	0.2500	moderate	limited	moderate
Streptomyces viridosporus	extensive	limited	moderate	moderate	moderate	limited	limited	limited	limited	limited	limited	limited	moderate	limited	0.3333	12	0.0000	moderate	limited	limited
Campylobacter showae	moderate	moderate	moderate	moderate	limited	limited	limited	limited	limited	limited	limited	limited	moderate	limited	0.3333	12	0.0000	moderate	limited	limited
Streptococcus infantis	moderate	limited	limited	limited	limited	limited	NA	limited	limited	NA	NA	NA	limited	limited	0.0000	8	0.3333	limited	limited	limited
Streptomyces anulatus	extensive	limited	moderate	moderate	limited	limited	limited	limited	limited	limited	limited	limited	moderate	limited	0.2500	12	0.0000	moderate	limited	limited
Pseudomonas mosselii	extensive	moderate	moderate	moderate	moderate	limited	limited	limited	limited	limited	limited	limited	moderate	limited	0.4167	12	0.0000	moderate	limited	limited
Xanthomonas vasicola	extensive	moderate	moderate	moderate	limited	moderate	limited	moderate	limited	moderate	extensive	limited	moderate	moderate	0.7500	12	0.0000	extensive	limited	moderate
Moritella viscosa	extensive	moderate	moderate	moderate	moderate	limited	moderate	limited	limited	moderate	NA	NA	moderate	moderate	0.7000	10	0.1667	moderate	limited	moderate
Staphylococcus argenteus	extensive	limited	moderate	moderate	moderate	moderate	moderate	moderate	moderate	moderate	limited	limited	moderate	moderate	0.7500	12	0.0000	moderate	limited	moderate
Rhodococcus qingshengii	extensive	limited	moderate	moderate	moderate	limited	limited	limited	limited	limited	limited	NA	moderate	limited	0.3636	11	0.0833	moderate	limited	limited
Vibrio tapetis	moderate	moderate	moderate	moderate	moderate	moderate	moderate	limited	limited	moderate	NA	NA	moderate	moderate	0.8000	10	0.1667	moderate	limited	moderate
Methanothermus fervidus	extensive	limited	limited	limited	extensive	limited	NA	limited	limited	limited	limited	limited	extensive	limited	0.3636	11	0.0833	extensive	limited	limited
Pseudoalteromonas atlantica	moderate	moderate	moderate	limited	limited	limited	limited	limited	limited	limited	limited	NA	moderate	limited	0.2727	11	0.0833	moderate	limited	limited
Actinoplanes missouriensis	extensive	limited	moderate	limited	limited	limited	limited	limited	limited	NA	limited	limited	moderate	limited	0.1818	11	0.0833	moderate	limited	limited
Streptococcus macedonicus	moderate	limited	moderate	limited	limited	limited	limited	limited	limited	NA	limited	limited	moderate	limited	0.1818	11	0.0833	moderate	limited	limited
Pantoea vagans	moderate	moderate	moderate	moderate	limited	moderate	limited	limited	limited	moderate	limited	limited	moderate	moderate	0.5000	12	0.0000	moderate	limited	moderate
Streptomyces chartreusis	extensive	limited	limited	moderate	moderate	limited	limited	limited	limited	limited	limited	limited	moderate	limited	0.2500	12	0.0000	moderate	limited	limited
Pseudomonas rhodesiae	moderate	moderate	moderate	moderate	limited	limited	limited	limited	limited	NA	limited	limited	moderate	limited	0.3636	11	0.0833	moderate	limited	limited
Bibersteinia trehalosi	extensive	moderate	moderate	moderate	moderate	limited	moderate	limited	limited	moderate	limited	limited	moderate	moderate	0.5833	12	0.0000	moderate	limited	moderate
Burkholderia dolosa	extensive	moderate	moderate	moderate	moderate	moderate	limited	moderate	limited	limited	limited	limited	moderate	moderate	0.5833	12	0.0000	moderate	limited	moderate
Pseudoalteromonas tunicata	extensive	moderate	moderate	moderate	moderate	moderate	limited	limited	limited	limited	limited	limited	moderate	moderate	0.5000	12	0.0000	moderate	limited	moderate
Xylophilus ampelinus	extensive	moderate	moderate	moderate	moderate	limited	limited	moderate	limited	moderate	extensive	limited	limited	moderate	0.6667	12	0.0000	extensive	limited	moderate
Micrococcus yunnanensis	moderate	limited	NA	limited	limited	limited	limited	limited	NA	NA	limited	limited	moderate	limited	0.1111	9	0.2500	moderate	limited	limited
Pseudomonas alcaliphila	moderate	limited	limited	NA	limited	limited	limited	limited	limited	limited	limited	limited	moderate	limited	0.0909	11	0.0833	moderate	limited	limited
Lelliottia amnigena	moderate	limited	moderate	limited	limited	limited	limited	limited	limited	limited	limited	limited	moderate	limited	0.1667	12	0.0000	moderate	limited	limited
Photorhabdus temperata	extensive	moderate	moderate	moderate	moderate	moderate	limited	limited	limited	moderate	limited	limited	moderate	moderate	0.5833	12	0.0000	moderate	limited	moderate
Brevibacillus parabrevis	moderate	limited	moderate	limited	moderate	limited	limited	limited	limited	limited	limited	limited	moderate	limited	0.2500	12	0.0000	moderate	limited	limited
Aeromonas dhakensis	extensive	moderate	moderate	moderate	moderate	moderate	moderate	moderate	moderate	moderate	limited	limited	moderate	moderate	0.8333	12	0.0000	moderate	limited	moderate
Paraburkholderia phytofirmans	extensive	moderate	moderate	moderate	moderate	moderate	limited	moderate	moderate	moderate	limited	limited	moderate	moderate	0.7500	12	0.0000	moderate	limited	moderate
Streptomyces collinus	moderate	limited	moderate	moderate	limited	limited	limited	limited	limited	limited	limited	limited	moderate	limited	0.2500	12	0.0000	moderate	limited	limited
Dorea longicatena	moderate	NA	moderate	moderate	limited	limited	limited	limited	moderate	limited	NA	limited	moderate	limited	0.4000	10	0.1667	moderate	limited	limited
Actinomyces radicidentis	extensive	limited	moderate	moderate	limited	limited	limited	limited	limited	moderate	NA	limited	moderate	limited	0.3636	11	0.0833	moderate	limited	limited
Streptomyces halstedii	extensive	limited	moderate	limited	limited	limited	limited	limited	NA	limited	moderate	limited	moderate	limited	0.2727	11	0.0833	moderate	limited	limited
Dickeya dianthicola	extensive	moderate	moderate	moderate	moderate	moderate	limited	limited	limited	moderate	extensive	limited	moderate	moderate	0.7500	12	0.0000	extensive	limited	moderate
Corynebacterium aurimucosum	extensive	limited	moderate	moderate	limited	limited	limited	moderate	limited	limited	NA	limited	moderate	limited	0.3636	11	0.0833	moderate	limited	limited
Erythrobacter litoralis	moderate	moderate	moderate	moderate	moderate	limited	limited	limited	limited	limited	NA	NA	moderate	moderate	0.5000	10	0.1667	moderate	limited	moderate
Burkholderia stabilis	extensive	moderate	moderate	moderate	moderate	moderate	limited	moderate	limited	limited	limited	limited	moderate	moderate	0.5833	12	0.0000	moderate	limited	moderate
Chromobacterium subtsugae	extensive	moderate	moderate	moderate	moderate	moderate	limited	limited	limited	limited	limited	limited	moderate	moderate	0.5000	12	0.0000	moderate	limited	moderate
Mesorhizobium huakuii	extensive	moderate	moderate	moderate	limited	moderate	limited	limited	limited	moderate	limited	limited	moderate	moderate	0.5000	12	0.0000	moderate	limited	moderate
Streptomyces spectabilis	extensive	limited	moderate	moderate	limited	limited	limited	limited	limited	limited	limited	limited	moderate	limited	0.2500	12	0.0000	moderate	limited	limited
Dorea formicigenerans	moderate	limited	moderate	moderate	limited	limited	limited	limited	moderate	NA	NA	limited	limited	limited	0.3000	10	0.1667	moderate	limited	limited
Micrococcus lylae	extensive	limited	moderate	moderate	limited	limited	limited	limited	limited	limited	limited	limited	moderate	limited	0.2500	12	0.0000	moderate	limited	limited
Streptomyces cyaneus	extensive	limited	moderate	moderate	limited	limited	limited	limited	limited	limited	limited	limited	moderate	limited	0.2500	12	0.0000	moderate	limited	limited
Burkholderia plantarii	extensive	moderate	moderate	moderate	moderate	moderate	limited	limited	limited	limited	moderate	limited	moderate	moderate	0.5833	12	0.0000	moderate	limited	moderate
Psychrobacter cryohalolentis	extensive	moderate	moderate	moderate	extensive	limited	limited	limited	limited	limited	limited	limited	moderate	moderate	0.5000	12	0.0000	extensive	limited	limited
Methylocella silvestris	moderate	moderate	moderate	moderate	moderate	limited	limited	limited	limited	limited	limited	limited	moderate	limited	0.4167	12	0.0000	moderate	limited	limited
Myroides odoratimimus	extensive	moderate	moderate	moderate	moderate	moderate	limited	moderate	limited	limited	limited	limited	moderate	moderate	0.5833	12	0.0000	moderate	limited	moderate
Kosakonia cowanii	extensive	moderate	moderate	moderate	moderate	limited	limited	limited	limited	moderate	limited	limited	moderate	moderate	0.5000	12	0.0000	moderate	limited	moderate
Streptococcus lutetiensis	extensive	limited	moderate	limited	limited	limited	limited	limited	limited	limited	limited	limited	moderate	limited	0.1667	12	0.0000	moderate	limited	limited
Clostridium saccharobutylicum	extensive	moderate	moderate	moderate	moderate	moderate	limited	moderate	limited	limited	limited	moderate	moderate	moderate	0.6667	12	0.0000	moderate	limited	moderate
Thermoanaerobacter brockii	extensive	moderate	moderate	moderate	moderate	limited	limited	limited	limited	limited	NA	moderate	moderate	moderate	0.5455	11	0.0833	moderate	limited	moderate
Neisseria perflava	moderate	NA	moderate	NA	limited	limited	NA	limited	limited	NA	NA	NA	limited	limited	0.1667	6	0.5000	moderate	limited	limited
Erwinia rhapontici	moderate	moderate	moderate	moderate	limited	limited	limited	limited	limited	moderate	moderate	limited	moderate	moderate	0.5000	12	0.0000	moderate	limited	moderate
Brucella pinnipedialis	extensive	limited	moderate	moderate	moderate	limited	moderate	moderate	limited	moderate	limited	NA	moderate	moderate	0.6364	11	0.0833	moderate	limited	moderate
Lactococcus raffinolactis	moderate	limited	moderate	limited	limited	limited	NA	limited	limited	NA	limited	limited	moderate	limited	0.2000	10	0.1667	moderate	limited	limited
Cutibacterium granulosum	moderate	limited	moderate	limited	limited	limited	limited	limited	limited	limited	limited	limited	limited	limited	0.0833	12	0.0000	moderate	limited	limited
Bartonella tribocorum	extensive	moderate	moderate	moderate	moderate	moderate	moderate	limited	moderate	moderate	limited	NA	moderate	moderate	0.8182	11	0.0833	moderate	limited	moderate
Streptomyces exfoliatus	extensive	limited	moderate	moderate	limited	limited	limited	limited	limited	NA	limited	limited	moderate	limited	0.2727	11	0.0833	moderate	limited	limited
Frankia casuarinae	extensive	limited	moderate	moderate	moderate	moderate	limited	limited	limited	moderate	limited	moderate	moderate	moderate	0.5833	12	0.0000	moderate	limited	moderate
Acidithiobacillus ferrivorans	extensive	moderate	moderate	moderate	moderate	moderate	limited	moderate	limited	limited	limited	limited	moderate	moderate	0.5833	12	0.0000	moderate	limited	moderate
Aeromonas schubertii	moderate	moderate	moderate	moderate	moderate	moderate	moderate	limited	limited	moderate	limited	limited	moderate	moderate	0.6667	12	0.0000	moderate	limited	moderate
Shewanella xiamenensis	moderate	moderate	moderate	moderate	moderate	moderate	limited	limited	limited	NA	NA	NA	moderate	moderate	0.6667	9	0.2500	moderate	limited	moderate
Pseudomonas jessenii	extensive	moderate	moderate	moderate	moderate	limited	limited	limited	limited	limited	limited	limited	moderate	limited	0.4167	12	0.0000	moderate	limited	limited
Shewanella decolorationis	moderate	moderate	moderate	moderate	moderate	moderate	limited	limited	limited	NA	limited	NA	moderate	moderate	0.6000	10	0.1667	moderate	limited	moderate
Yersinia kristensenii	extensive	moderate	moderate	moderate	limited	limited	limited	limited	limited	limited	limited	limited	moderate	limited	0.3333	12	0.0000	moderate	limited	limited
Streptomyces albogriseolus	extensive	limited	moderate	moderate	limited	limited	limited	limited	limited	limited	limited	limited	moderate	limited	0.2500	12	0.0000	moderate	limited	limited
Pseudomonas amygdali	extensive	moderate	moderate	moderate	moderate	limited	limited	limited	limited	moderate	moderate	limited	moderate	moderate	0.5833	12	0.0000	moderate	limited	moderate
Providencia vermicola	NA	NA	NA	NA	NA	NA	NA	limited	limited	NA	NA	NA	limited	limited	0.0000	3	0.7500	limited	limited	limited
Streptomyces acidiscabies	moderate	moderate	moderate	moderate	moderate	moderate	limited	limited	limited	moderate	extensive	limited	moderate	moderate	0.7500	12	0.0000	extensive	limited	moderate
Corynebacterium macginleyi	extensive	limited	moderate	moderate	limited	limited	limited	limited	moderate	limited	limited	limited	moderate	limited	0.3333	12	0.0000	moderate	limited	limited
Bacillus infantis	NA	NA	NA	NA	limited	NA	NA	NA	NA	NA	NA	NA	NA	NA	nan	1	0.9167			
Bartonella grahamii	extensive	moderate	moderate	moderate	limited	limited	moderate	moderate	moderate	extensive	limited	NA	moderate	moderate	0.8182	11	0.0833	extensive	limited	moderate
Sphingobium chlorophenolicum	extensive	limited	moderate	moderate	limited	limited	limited	limited	limited	limited	limited	limited	moderate	limited	0.2500	12	0.0000	moderate	limited	limited
Granulicatella elegans	moderate	NA	moderate	limited	limited	limited	limited	limited	limited	limited	NA	NA	limited	limited	0.1111	9	0.2500	moderate	limited	limited
Bacillus tropicus	moderate	NA	moderate	NA	NA	NA	limited	limited	limited	NA	limited	NA	limited	limited	0.1667	6	0.5000	moderate	limited	limited
Pseudomonas frederiksbergensis	moderate	limited	limited	limited	limited	limited	NA	limited	limited	limited	limited	limited	limited	limited	0.0000	11	0.0833	limited	limited	limited
Legionella anisa	extensive	moderate	moderate	moderate	moderate	moderate	limited	moderate	limited	limited	limited	limited	moderate	moderate	0.5833	12	0.0000	moderate	limited	moderate
Streptomyces pilosus	extensive	limited	moderate	moderate	limited	limited	limited	limited	limited	limited	limited	limited	moderate	limited	0.2500	12	0.0000	moderate	limited	limited
Bartonella elizabethae	moderate	moderate	moderate	moderate	moderate	limited	moderate	moderate	limited	moderate	NA	NA	moderate	moderate	0.8000	10	0.1667	moderate	limited	moderate
Psychrobacter arcticus	extensive	moderate	moderate	moderate	moderate	limited	limited	limited	limited	NA	limited	limited	moderate	limited	0.4545	11	0.0833	moderate	limited	limited
Bacillus aerophilus	moderate	limited	moderate	NA	limited	limited	NA	limited	limited	NA	NA	limited	moderate	limited	0.2500	8	0.3333	moderate	limited	limited
Elizabethkingia miricola	extensive	moderate	moderate	moderate	limited	moderate	moderate	limited	limited	limited	limited	limited	moderate	moderate	0.5000	12	0.0000	moderate	limited	moderate
Citrobacter farmeri	moderate	limited	moderate	limited	limited	limited	limited	limited	limited	limited	limited	limited	moderate	limited	0.1667	12	0.0000	moderate	limited	limited
Bacillus wiedmannii	extensive	NA	moderate	moderate	moderate	limited	limited	limited	limited	NA	limited	limited	moderate	limited	0.4000	10	0.1667	moderate	limited	limited
Pseudomonas taetrolens	moderate	limited	moderate	moderate	limited	limited	limited	limited	limited	limited	limited	limited	limited	limited	0.1667	12	0.0000	moderate	limited	limited
Komagataeibacter rhaeticus	extensive	limited	moderate	moderate	limited	moderate	limited	limited	limited	limited	limited	limited	moderate	limited	0.3333	12	0.0000	moderate	limited	limited
Brevibacillus choshinensis	extensive	limited	moderate	moderate	limited	limited	limited	limited	NA	NA	limited	limited	moderate	limited	0.3000	10	0.1667	moderate	limited	limited
Burkholderia lata	moderate	moderate	moderate	moderate	limited	limited	limited	moderate	limited	limited	NA	NA	moderate	moderate	0.5000	10	0.1667	moderate	limited	moderate
Paenibacillus peoriae	extensive	moderate	moderate	moderate	moderate	moderate	limited	limited	limited	limited	limited	moderate	moderate	moderate	0.5833	12	0.0000	moderate	limited	moderate
Pseudomonas graminis	moderate	NA	moderate	limited	limited	NA	limited	limited	limited	limited	moderate	limited	moderate	limited	0.3000	10	0.1667	moderate	limited	limited
Lactococcus piscium	moderate	limited	limited	limited	limited	limited	NA	limited	limited	limited	limited	NA	limited	limited	0.0000	10	0.1667	limited	limited	limited
Campylobacter ureolyticus	moderate	moderate	moderate	moderate	limited	limited	moderate	limited	moderate	moderate	NA	limited	moderate	moderate	0.6364	11	0.0833	moderate	limited	moderate
Citrobacter werkmanii	extensive	moderate	moderate	moderate	limited	limited	limited	limited	limited	limited	limited	limited	moderate	limited	0.3333	12	0.0000	moderate	limited	limited
Pseudomonas extremaustralis	extensive	moderate	moderate	moderate	extensive	moderate	limited	limited	limited	limited	limited	limited	moderate	moderate	0.5833	12	0.0000	extensive	limited	limited
Parageobacillus thermoglucosidasius	extensive	moderate	moderate	moderate	moderate	moderate	limited	moderate	limited	limited	limited	moderate	moderate	moderate	0.6667	12	0.0000	moderate	limited	moderate
Corynebacterium variabile	moderate	limited	moderate	limited	limited	limited	limited	limited	limited	NA	limited	limited	limited	limited	0.0909	11	0.0833	moderate	limited	limited
Pectobacterium brasiliense	extensive	moderate	moderate	moderate	moderate	moderate	limited	moderate	limited	moderate	extensive	limited	moderate	moderate	0.8333	12	0.0000	extensive	limited	moderate
Streptomyces griseorubens	extensive	limited	moderate	moderate	limited	limited	limited	limited	limited	limited	limited	limited	moderate	limited	0.2500	12	0.0000	moderate	limited	limited
Bacillus albus	limited	limited	moderate	limited	limited	limited	limited	limited	limited	NA	limited	NA	moderate	limited	0.2000	10	0.1667	moderate	limited	limited
Pseudomonas lundensis	extensive	moderate	moderate	moderate	moderate	limited	limited	limited	limited	limited	limited	limited	moderate	limited	0.4167	12	0.0000	moderate	limited	limited
Scardovia wiggsiae	moderate	limited	moderate	limited	limited	moderate	limited	limited	moderate	limited	NA	NA	limited	limited	0.3000	10	0.1667	moderate	limited	limited
Streptomyces microflavus	moderate	limited	moderate	moderate	limited	limited	limited	limited	limited	limited	limited	limited	moderate	limited	0.2500	12	0.0000	moderate	limited	limited
Bacillus haynesii	moderate	NA	moderate	limited	limited	limited	NA	limited	limited	NA	NA	limited	moderate	limited	0.2500	8	0.3333	moderate	limited	limited
Vibrio mediterranei	moderate	moderate	moderate	moderate	moderate	limited	limited	limited	limited	NA	limited	NA	moderate	moderate	0.5000	10	0.1667	moderate	limited	moderate
Mycobacterium celatum	extensive	limited	limited	moderate	limited	limited	limited	moderate	limited	moderate	NA	limited	moderate	limited	0.3636	11	0.0833	moderate	limited	limited
Streptomyces rubiginosus	extensive	limited	moderate	limited	limited	limited	limited	limited	limited	limited	limited	limited	moderate	limited	0.1667	12	0.0000	moderate	limited	limited
Rothia aeria	extensive	limited	moderate	moderate	limited	limited	limited	limited	moderate	limited	limited	NA	moderate	limited	0.3636	11	0.0833	moderate	limited	limited
Pseudoalteromonas luteoviolacea	extensive	moderate	moderate	moderate	moderate	moderate	limited	limited	limited	limited	limited	limited	moderate	moderate	0.5000	12	0.0000	moderate	limited	moderate
Staphylococcus delphini	extensive	limited	moderate	moderate	moderate	limited	moderate	limited	limited	moderate	limited	limited	moderate	moderate	0.5000	12	0.0000	moderate	limited	limited
Achromobacter piechaudii	moderate	moderate	moderate	moderate	limited	moderate	limited	limited	limited	limited	limited	limited	moderate	limited	0.4167	12	0.0000	moderate	limited	limited
Mycobacterium lentiflavum	moderate	limited	limited	moderate	limited	limited	limited	moderate	limited	moderate	NA	limited	limited	limited	0.2727	11	0.0833	moderate	limited	limited
Paenibacillus elgii	moderate	limited	moderate	moderate	moderate	limited	limited	limited	limited	limited	limited	limited	moderate	limited	0.3333	12	0.0000	moderate	limited	limited
Cupriavidus pauculus	moderate	moderate	moderate	moderate	moderate	moderate	limited	limited	limited	limited	limited	limited	moderate	moderate	0.5000	12	0.0000	moderate	limited	moderate
Streptomyces griseochromogenes	extensive	limited	moderate	moderate	limited	limited	limited	limited	limited	limited	limited	limited	moderate	limited	0.2500	12	0.0000	moderate	limited	limited
Rhizobium gallicum	extensive	moderate	moderate	moderate	moderate	moderate	limited	moderate	limited	moderate	limited	limited	moderate	moderate	0.6667	12	0.0000	moderate	limited	moderate
Achromobacter spanius	moderate	limited	limited	limited	NA	limited	limited	limited	limited	limited	NA	NA	limited	limited	0.0000	9	0.2500	limited	limited	limited
Kluyvera intermedia	moderate	limited	moderate	limited	limited	limited	limited	limited	limited	NA	NA	limited	limited	limited	0.1000	10	0.1667	moderate	limited	limited
Lysinibacillus xylanilyticus	moderate	limited	moderate	moderate	limited	limited	limited	limited	NA	limited	limited	limited	moderate	limited	0.2727	11	0.0833	moderate	limited	limited
Micromonospora aurantiaca	moderate	limited	moderate	limited	limited	limited	limited	limited	limited	limited	limited	limited	moderate	limited	0.1667	12	0.0000	moderate	limited	limited
Herminiimonas arsenicoxydans	moderate	limited	moderate	moderate	moderate	limited	NA	limited	limited	NA	NA	NA	moderate	moderate	0.5000	8	0.3333	moderate	limited	limited
Gluconobacter frateurii	moderate	limited	moderate	moderate	limited	limited	limited	limited	limited	limited	limited	limited	moderate	limited	0.2500	12	0.0000	moderate	limited	limited
Pseudomonas moraviensis	moderate	limited	moderate	moderate	limited	limited	limited	limited	limited	limited	limited	limited	moderate	limited	0.2500	12	0.0000	moderate	limited	limited
Staphylococcus saccharolyticus	moderate	limited	moderate	moderate	limited	limited	limited	limited	limited	limited	NA	limited	moderate	limited	0.2727	11	0.0833	moderate	limited	limited
Bacillus cabrialesii	moderate	NA	moderate	limited	limited	NA	NA	limited	limited	NA	limited	NA	moderate	limited	0.2857	7	0.4167	moderate	limited	limited
Pseudomonas migulae	moderate	moderate	moderate	moderate	moderate	limited	limited	limited	limited	limited	limited	limited	moderate	limited	0.4167	12	0.0000	moderate	limited	limited
Citrobacter sedlakii	extensive	moderate	moderate	moderate	limited	limited	limited	limited	limited	limited	limited	limited	moderate	limited	0.3333	12	0.0000	moderate	limited	limited
Deinococcus deserti	extensive	moderate	moderate	moderate	extensive	NA	NA	limited	NA	limited	NA	NA	moderate	moderate	0.8571	7	0.4167	extensive	limited	moderate
Streptomyces bikiniensis	extensive	limited	moderate	moderate	limited	NA	limited	limited	limited	limited	limited	limited	moderate	limited	0.2727	11	0.0833	moderate	limited	limited
Kitasatospora setae	moderate	NA	moderate	NA	limited	NA	limited	limited	NA	NA	NA	limited	moderate	limited	0.3333	6	0.5000	moderate	limited	limited
Actinomadura pelletieri	extensive	limited	moderate	moderate	limited	limited	limited	limited	limited	NA	limited	NA	moderate	limited	0.3000	10	0.1667	moderate	limited	limited
Polynucleobacter necessarius	extensive	moderate	moderate	moderate	moderate	limited	limited	limited	moderate	limited	limited	limited	moderate	moderate	0.5000	12	0.0000	moderate	limited	moderate
Acinetobacter oleivorans	moderate	limited	moderate	limited	limited	limited	limited	limited	limited	limited	limited	limited	moderate	limited	0.1667	12	0.0000	moderate	limited	limited
Erwinia billingiae	moderate	limited	moderate	limited	limited	limited	NA	limited	limited	limited	limited	limited	limited	limited	0.0909	11	0.0833	moderate	limited	limited
Streptococcus phocae	extensive	limited	moderate	moderate	limited	limited	moderate	limited	limited	moderate	NA	NA	moderate	moderate	0.5000	10	0.1667	moderate	limited	limited
Staphylococcus pettenkoferi	moderate	limited	moderate	moderate	limited	moderate	limited	moderate	limited	limited	NA	limited	moderate	limited	0.4545	11	0.0833	moderate	limited	limited
Clostridium cochlearium	moderate	limited	moderate	limited	limited	limited	limited	limited	limited	limited	limited	limited	limited	limited	0.0833	12	0.0000	moderate	limited	limited
Shewanella sediminis	moderate	NA	moderate	moderate	limited	limited	NA	limited	NA	NA	limited	limited	moderate	limited	0.3750	8	0.3333	moderate	limited	limited
Yokenella regensburgei	extensive	moderate	moderate	moderate	limited	limited	limited	limited	limited	limited	NA	limited	limited	limited	0.2727	11	0.0833	moderate	limited	limited
Rhodococcus aetherivorans	extensive	limited	moderate	moderate	moderate	limited	limited	limited	limited	NA	limited	limited	moderate	limited	0.3636	11	0.0833	moderate	limited	limited
Rhodococcus wratislaviensis	moderate	limited	moderate	limited	limited	limited	limited	limited	limited	limited	limited	NA	limited	limited	0.0909	11	0.0833	moderate	limited	limited
Burkholderia ubonensis	extensive	moderate	moderate	moderate	moderate	moderate	limited	moderate	limited	limited	limited	limited	moderate	moderate	0.5833	12	0.0000	moderate	limited	moderate
Mammaliicoccus sciuri	extensive	limited	moderate	moderate	limited	moderate	limited	limited	limited	moderate	limited	limited	moderate	limited	0.4167	12	0.0000	moderate	limited	limited
Serratia grimesii	moderate	moderate	NA	NA	limited	NA	limited	limited	limited	limited	limited	limited	moderate	limited	0.2222	9	0.2500	moderate	limited	limited
Sphingomonas melonis	moderate	moderate	moderate	moderate	limited	limited	limited	limited	limited	NA	limited	limited	moderate	limited	0.3636	11	0.0833	moderate	limited	limited
Microbacterium esteraromaticum	moderate	NA	moderate	limited	limited	limited	limited	limited	limited	NA	limited	limited	moderate	limited	0.2000	10	0.1667	moderate	limited	limited
Bradyrhizobium yuanmingense	extensive	moderate	moderate	moderate	moderate	moderate	limited	moderate	limited	moderate	limited	limited	moderate	moderate	0.6667	12	0.0000	moderate	limited	moderate
Erwinia persicina	moderate	moderate	moderate	limited	limited	limited	NA	limited	limited	limited	limited	limited	moderate	limited	0.2727	11	0.0833	moderate	limited	limited
Streptomyces thermocarboxydus	extensive	limited	moderate	moderate	limited	limited	limited	limited	limited	NA	limited	limited	moderate	limited	0.2727	11	0.0833	moderate	limited	limited
Rhodococcus globerulus	moderate	limited	moderate	limited	limited	limited	limited	limited	limited	NA	limited	limited	moderate	limited	0.1818	11	0.0833	moderate	limited	limited
Streptomyces hydrogenans	extensive	limited	moderate	moderate	limited	limited	limited	limited	limited	limited	limited	limited	moderate	limited	0.2500	12	0.0000	moderate	limited	limited
Streptomyces coelicoflavus	extensive	limited	moderate	moderate	limited	limited	limited	limited	limited	limited	limited	limited	moderate	limited	0.2500	12	0.0000	moderate	limited	limited
Alcaligenes aquatilis	moderate	limited	moderate	moderate	moderate	limited	limited	limited	NA	NA	limited	limited	moderate	limited	0.4000	10	0.1667	moderate	limited	limited
Streptomyces aureus	moderate	limited	limited	limited	limited	limited	limited	limited	NA	limited	limited	limited	moderate	limited	0.0909	11	0.0833	moderate	limited	limited
Bacillus paranthracis	extensive	NA	moderate	moderate	moderate	limited	limited	limited	limited	limited	limited	NA	moderate	limited	0.4000	10	0.1667	moderate	limited	limited
Helicobacter acinonychis	moderate	limited	moderate	moderate	limited	limited	moderate	limited	limited	moderate	NA	NA	moderate	moderate	0.5000	10	0.1667	moderate	limited	limited
Acinetobacter soli	moderate	moderate	moderate	moderate	limited	limited	limited	limited	limited	limited	limited	limited	moderate	limited	0.3333	12	0.0000	moderate	limited	limited
Gordonia rubripertincta	extensive	limited	moderate	moderate	moderate	limited	limited	limited	limited	limited	limited	limited	moderate	limited	0.3333	12	0.0000	moderate	limited	limited
Sphingobium herbicidovorans	moderate	moderate	moderate	moderate	limited	limited	NA	limited	NA	NA	limited	limited	moderate	limited	0.4444	9	0.2500	moderate	limited	limited
Streptococcus pasteurianus	extensive	limited	moderate	moderate	limited	limited	limited	limited	limited	moderate	limited	limited	moderate	limited	0.3333	12	0.0000	moderate	limited	limited
Pseudomonas psychrophila	moderate	limited	moderate	moderate	moderate	limited	limited	limited	limited	limited	limited	limited	moderate	limited	0.3333	12	0.0000	moderate	limited	limited
Staphylococcus felis	moderate	limited	moderate	limited	limited	limited	limited	limited	limited	moderate	NA	limited	limited	limited	0.1818	11	0.0833	moderate	limited	limited
Bordetella trematum	moderate	NA	NA	limited	limited	limited	NA	limited	limited	limited	limited	NA	limited	limited	0.0000	8	0.3333	limited	limited	limited
Campylobacter hominis	moderate	limited	limited	limited	limited	limited	limited	limited	limited	limited	NA	NA	moderate	limited	0.1000	10	0.1667	moderate	limited	limited
Empedobacter brevis	moderate	moderate	moderate	moderate	limited	limited	limited	limited	limited	limited	limited	limited	moderate	limited	0.3333	12	0.0000	moderate	limited	limited
Pseudomonas psychrotolerans	moderate	NA	moderate	moderate	moderate	limited	limited	limited	limited	NA	limited	limited	moderate	limited	0.4000	10	0.1667	moderate	limited	limited
Pseudomonas libanensis	moderate	limited	limited	limited	limited	NA	limited	limited	limited	limited	limited	limited	limited	limited	0.0000	11	0.0833	limited	limited	limited
Arachnia propionica	moderate	limited	moderate	moderate	limited	limited	limited	limited	limited	NA	limited	limited	moderate	limited	0.2727	11	0.0833	moderate	limited	limited
Streptomyces chattanoogensis	extensive	limited	moderate	moderate	limited	limited	limited	limited	limited	limited	limited	limited	moderate	limited	0.2500	12	0.0000	moderate	limited	limited
Sporolactobacillus inulinus	moderate	limited	limited	limited	limited	limited	limited	limited	limited	limited	limited	limited	limited	limited	0.0000	12	0.0000	limited	limited	limited
Paenibacillus curdlanolyticus	extensive	moderate	moderate	moderate	moderate	moderate	limited	limited	limited	limited	limited	moderate	moderate	moderate	0.5833	12	0.0000	moderate	limited	moderate
Weissella hellenica	moderate	limited	moderate	limited	limited	limited	NA	limited	limited	limited	limited	limited	moderate	limited	0.1818	11	0.0833	moderate	limited	limited
Oligella urethralis	extensive	limited	moderate	limited	limited	limited	limited	limited	limited	limited	NA	limited	moderate	limited	0.1818	11	0.0833	moderate	limited	limited
Streptomyces ipomoeae	moderate	limited	moderate	limited	limited	limited	limited	limited	limited	NA	NA	limited	limited	limited	0.1000	10	0.1667	moderate	limited	limited
Bergeyella zoohelcum	extensive	moderate	moderate	moderate	limited	limited	moderate	moderate	moderate	moderate	NA	limited	moderate	moderate	0.7273	11	0.0833	moderate	limited	moderate
Blautia hydrogenotrophica	moderate	NA	moderate	moderate	limited	limited	limited	limited	moderate	moderate	limited	NA	moderate	moderate	0.5000	10	0.1667	moderate	limited	moderate
Paenibacillus terrae	moderate	limited	moderate	limited	moderate	limited	limited	limited	limited	limited	limited	limited	moderate	limited	0.2500	12	0.0000	moderate	limited	limited
Streptomyces turgidiscabies	moderate	moderate	moderate	moderate	limited	moderate	limited	limited	limited	moderate	moderate	limited	moderate	moderate	0.5833	12	0.0000	moderate	limited	moderate
Shewanella halifaxensis	moderate	moderate	moderate	moderate	moderate	limited	limited	limited	limited	limited	limited	NA	moderate	limited	0.4545	11	0.0833	moderate	limited	limited
Providencia rustigianii	moderate	moderate	moderate	limited	limited	limited	limited	limited	limited	limited	NA	limited	moderate	limited	0.2727	11	0.0833	moderate	limited	limited
Herbaspirillum rubrisubalbicans	moderate	moderate	moderate	moderate	limited	moderate	limited	limited	limited	moderate	moderate	limited	moderate	moderate	0.5833	12	0.0000	moderate	limited	moderate
Bacillus xiamenensis	limited	NA	moderate	NA	limited	limited	NA	limited	limited	NA	limited	NA	limited	limited	0.1429	7	0.4167	moderate	limited	limited
Lysinibacillus macroides	moderate	limited	moderate	limited	limited	limited	limited	limited	limited	limited	limited	limited	moderate	limited	0.1667	12	0.0000	moderate	limited	limited
Streptomyces olivochromogenes	extensive	limited	moderate	moderate	limited	limited	limited	limited	limited	limited	limited	limited	moderate	limited	0.2500	12	0.0000	moderate	limited	limited
Streptococcus porcinus	moderate	limited	moderate	limited	limited	limited	limited	limited	limited	moderate	NA	limited	moderate	limited	0.2727	11	0.0833	moderate	limited	limited
Paeniclostridium sordellii	extensive	moderate	extensive	moderate	moderate	limited	extensive	moderate	limited	moderate	NA	moderate	moderate	moderate	1.0000	11	0.0833	extensive	limited	moderate
Acidovorax facilis	moderate	moderate	moderate	limited	limited	limited	NA	limited	limited	NA	limited	NA	moderate	limited	0.3333	9	0.2500	moderate	limited	limited
Mesorhizobium amorphae	moderate	moderate	moderate	moderate	limited	moderate	limited	limited	limited	moderate	limited	limited	moderate	moderate	0.5000	12	0.0000	moderate	limited	moderate
Actinomyces graevenitzii	moderate	limited	moderate	moderate	limited	limited	limited	limited	limited	limited	limited	limited	moderate	limited	0.2500	12	0.0000	moderate	limited	limited
Mycobacterium gastri	extensive	limited	limited	limited	limited	limited	limited	limited	limited	limited	limited	limited	limited	limited	0.0000	12	0.0000	limited	limited	limited
Burkholderia anthina	extensive	moderate	moderate	moderate	limited	limited	limited	limited	limited	limited	limited	limited	moderate	limited	0.3333	12	0.0000	moderate	limited	limited
Aeromonas bestiarum	moderate	moderate	moderate	moderate	moderate	limited	moderate	limited	limited	moderate	limited	limited	moderate	moderate	0.5833	12	0.0000	moderate	limited	moderate
Staphylococcus kloosii	moderate	limited	moderate	limited	limited	NA	limited	limited	limited	NA	NA	limited	limited	limited	0.1111	9	0.2500	moderate	limited	limited
Nocardia transvalensis	extensive	moderate	moderate	moderate	moderate	limited	moderate	moderate	limited	limited	limited	limited	moderate	moderate	0.5833	12	0.0000	moderate	limited	moderate
Corynebacterium durum	moderate	limited	moderate	NA	limited	NA	NA	limited	limited	limited	NA	limited	moderate	limited	0.2500	8	0.3333	moderate	limited	limited
Streptomyces mutabilis	extensive	limited	moderate	moderate	limited	limited	limited	limited	limited	limited	limited	limited	moderate	limited	0.2500	12	0.0000	moderate	limited	limited
Kocuria marina	extensive	limited	moderate	moderate	moderate	limited	limited	limited	limited	limited	limited	limited	moderate	limited	0.3333	12	0.0000	moderate	limited	limited
Corynebacterium glucuronolyticum	extensive	limited	moderate	moderate	limited	limited	limited	moderate	limited	moderate	limited	limited	moderate	limited	0.4167	12	0.0000	moderate	limited	limited
Methanocorpusculum labreanum	limited	limited	NA	limited	limited	NA	NA	limited	limited	NA	NA	limited	NA	limited	0.0000	6	0.5000	limited	limited	limited
Geobacillus subterraneus	extensive	moderate	moderate	moderate	moderate	limited	limited	limited	limited	NA	NA	moderate	moderate	moderate	0.6000	10	0.1667	moderate	limited	moderate
Desulfobacter postgatei	moderate	limited	NA	NA	limited	limited	NA	limited	NA	limited	NA	NA	NA	limited	0.0000	5	0.5833	limited	limited	limited
Streptomyces atratus	extensive	limited	moderate	moderate	limited	limited	limited	limited	limited	limited	limited	limited	moderate	limited	0.2500	12	0.0000	moderate	limited	limited
Pseudomonas donghuensis	extensive	moderate	moderate	moderate	moderate	moderate	limited	limited	limited	limited	limited	limited	moderate	moderate	0.5000	12	0.0000	moderate	limited	moderate
Vibrio crassostreae	moderate	NA	NA	NA	limited	NA	NA	limited	NA	moderate	NA	NA	limited	limited	0.2500	4	0.6667	moderate	limited	limited
Streptomyces azureus	extensive	limited	moderate	moderate	limited	limited	limited	limited	limited	limited	limited	NA	moderate	limited	0.2727	11	0.0833	moderate	limited	limited
Streptomyces pratensis	moderate	limited	limited	limited	limited	limited	limited	limited	NA	NA	limited	limited	moderate	limited	0.1000	10	0.1667	moderate	limited	limited
Pseudomonas brenneri	moderate	NA	limited	limited	limited	NA	limited	limited	limited	limited	limited	limited	moderate	limited	0.1000	10	0.1667	moderate	limited	limited
Streptomyces violaceus	extensive	limited	moderate	moderate	limited	limited	limited	limited	limited	limited	limited	limited	moderate	limited	0.2500	12	0.0000	moderate	limited	limited
Rickettsia rhipicephali	moderate	limited	limited	limited	limited	limited	limited	limited	limited	moderate	limited	NA	moderate	limited	0.1818	11	0.0833	moderate	limited	limited
Streptomyces canus	extensive	limited	limited	moderate	limited	limited	limited	limited	limited	limited	limited	limited	moderate	limited	0.1667	12	0.0000	moderate	limited	limited
Corynebacterium simulans	moderate	limited	moderate	limited	limited	limited	limited	limited	limited	limited	NA	limited	limited	limited	0.0909	11	0.0833	moderate	limited	limited
Paenibacillus barengoltzii	limited	NA	moderate	limited	limited	NA	NA	limited	limited	NA	limited	limited	moderate	limited	0.2500	8	0.3333	moderate	limited	limited
Collimonas fungivorans	extensive	moderate	moderate	moderate	moderate	limited	limited	limited	limited	limited	limited	NA	moderate	limited	0.4545	11	0.0833	moderate	limited	limited
Gluconobacter cerinus	moderate	NA	moderate	NA	limited	NA	NA	limited	NA	NA	NA	limited	limited	limited	0.2000	5	0.5833	moderate	limited	limited
Pseudomonas thivervalensis	moderate	NA	limited	limited	limited	limited	NA	limited	limited	limited	limited	limited	moderate	limited	0.1000	10	0.1667	moderate	limited	limited
Bradyrhizobium liaoningense	extensive	moderate	moderate	moderate	moderate	moderate	limited	moderate	limited	moderate	limited	limited	moderate	moderate	0.6667	12	0.0000	moderate	limited	moderate
Pannonibacter phragmitetus	moderate	moderate	moderate	moderate	limited	limited	limited	limited	limited	NA	NA	NA	moderate	limited	0.4444	9	0.2500	moderate	limited	limited
Stenotrophomonas pavanii	moderate	limited	moderate	limited	limited	limited	limited	limited	limited	NA	limited	limited	limited	limited	0.0909	11	0.0833	moderate	limited	limited
Streptomyces variabilis	moderate	limited	limited	limited	limited	NA	limited	limited	NA	NA	limited	limited	moderate	limited	0.1111	9	0.2500	moderate	limited	limited
Acidovorax temperans	moderate	limited	limited	NA	limited	limited	limited	limited	limited	limited	limited	NA	limited	limited	0.0000	10	0.1667	limited	limited	limited
Rickettsia canadensis	extensive	moderate	moderate	limited	limited	limited	limited	limited	limited	limited	NA	limited	moderate	limited	0.2727	11	0.0833	moderate	limited	limited
Yersinia entomophaga	extensive	moderate	moderate	limited	moderate	limited	limited	limited	limited	moderate	limited	NA	moderate	limited	0.4545	11	0.0833	moderate	limited	limited
Streptomyces laurentii	extensive	moderate	moderate	moderate	moderate	limited	limited	limited	limited	limited	limited	limited	moderate	limited	0.4167	12	0.0000	moderate	limited	limited
Desulfatibacillum alkenivorans	extensive	moderate	moderate	moderate	moderate	limited	NA	limited	limited	limited	limited	limited	moderate	limited	0.4545	11	0.0833	moderate	limited	limited
Rickettsia montanensis	extensive	moderate	moderate	moderate	moderate	limited	moderate	moderate	limited	moderate	limited	NA	moderate	moderate	0.7273	11	0.0833	moderate	limited	moderate
Treponema primitia	moderate	moderate	NA	moderate	limited	NA	NA	limited	limited	NA	NA	NA	moderate	moderate	0.5000	6	0.5000	moderate	limited	moderate
Clostridium scatologenes	extensive	NA	moderate	limited	limited	limited	limited	limited	limited	limited	limited	limited	limited	limited	0.0909	11	0.0833	moderate	limited	limited
Gluconacetobacter liquefaciens	moderate	moderate	moderate	moderate	limited	moderate	limited	limited	limited	limited	limited	limited	moderate	limited	0.4167	12	0.0000	moderate	limited	limited
Streptomyces cellulosae	moderate	limited	moderate	moderate	limited	limited	limited	limited	limited	limited	limited	limited	moderate	limited	0.2500	12	0.0000	moderate	limited	limited
Bartonella taylorii	extensive	moderate	moderate	moderate	limited	limited	moderate	limited	limited	moderate	NA	NA	moderate	moderate	0.6000	10	0.1667	moderate	limited	moderate
Kribbella flavida	moderate	NA	moderate	limited	limited	limited	NA	limited	limited	limited	NA	limited	limited	limited	0.1111	9	0.2500	moderate	limited	limited
Persephonella marina	extensive	moderate	moderate	extensive	extensive	limited	NA	limited	NA	limited	limited	limited	moderate	moderate	0.7000	10	0.1667	extensive	limited	limited
Streptomyces cyaneofuscatus	moderate	limited	moderate	limited	limited	limited	limited	limited	limited	NA	limited	limited	moderate	limited	0.1818	11	0.0833	moderate	limited	limited
Solibacillus silvestris	moderate	limited	moderate	limited	limited	NA	NA	limited	limited	NA	NA	limited	moderate	limited	0.2500	8	0.3333	moderate	limited	limited
Streptomyces formicae	extensive	limited	moderate	moderate	moderate	moderate	limited	limited	NA	limited	limited	limited	moderate	limited	0.4545	11	0.0833	moderate	limited	limited
Streptococcus pluranimalium	extensive	limited	moderate	limited	limited	limited	limited	limited	limited	moderate	NA	limited	moderate	limited	0.2727	11	0.0833	moderate	limited	limited
Novosphingobium pentaromativorans	moderate	moderate	moderate	moderate	limited	limited	limited	limited	limited	limited	limited	limited	moderate	limited	0.3333	12	0.0000	moderate	limited	limited
Streptomyces badius	extensive	limited	moderate	moderate	limited	limited	limited	limited	limited	limited	limited	limited	moderate	limited	0.2500	12	0.0000	moderate	limited	limited
Rhizobium sullae	extensive	moderate	moderate	moderate	limited	limited	limited	limited	NA	moderate	limited	limited	moderate	limited	0.4545	11	0.0833	moderate	limited	limited
Bacillus proteolyticus	moderate	limited	moderate	limited	limited	limited	NA	limited	NA	limited	limited	NA	moderate	limited	0.2222	9	0.2500	moderate	limited	limited
Streptomyces phaeochromogenes	extensive	limited	moderate	moderate	limited	limited	limited	limited	limited	NA	limited	limited	moderate	limited	0.2727	11	0.0833	moderate	limited	limited
Pseudoalteromonas carrageenovora	moderate	moderate	moderate	moderate	limited	limited	limited	limited	limited	limited	limited	NA	moderate	limited	0.3636	11	0.0833	moderate	limited	limited
Sphingobium indicum	moderate	limited	moderate	limited	limited	limited	limited	limited	limited	NA	limited	NA	limited	limited	0.1000	10	0.1667	moderate	limited	limited
Limosilactobacillus mucosae	extensive	limited	moderate	limited	limited	limited	limited	limited	moderate	moderate	limited	limited	moderate	limited	0.3333	12	0.0000	moderate	limited	limited
Microbacterium liquefaciens	moderate	limited	moderate	limited	limited	limited	limited	limited	limited	limited	limited	limited	moderate	limited	0.1667	12	0.0000	moderate	limited	limited
Citrobacter portucalensis	moderate	limited	moderate	limited	limited	limited	limited	limited	limited	limited	limited	limited	moderate	limited	0.1667	12	0.0000	moderate	limited	limited
Streptomyces violascens	moderate	limited	moderate	limited	limited	limited	limited	limited	NA	limited	limited	limited	moderate	limited	0.1818	11	0.0833	moderate	limited	limited
Pseudomonas palleroniana	moderate	NA	limited	NA	limited	NA	limited	limited	limited	NA	limited	limited	limited	limited	0.0000	8	0.3333	limited	limited	limited
Streptomyces alboflavus	extensive	limited	moderate	moderate	limited	limited	limited	limited	limited	limited	limited	limited	moderate	limited	0.2500	12	0.0000	moderate	limited	limited
Ureibacillus thermosphaericus	moderate	moderate	moderate	moderate	moderate	limited	limited	limited	limited	limited	NA	moderate	moderate	moderate	0.5455	11	0.0833	moderate	limited	moderate
Rhodopseudomonas faecalis	moderate	limited	NA	NA	limited	limited	limited	limited	NA	limited	limited	limited	moderate	limited	0.1111	9	0.2500	moderate	limited	limited
Kurthia gibsonii	moderate	limited	NA	limited	limited	limited	limited	limited	limited	NA	limited	limited	moderate	limited	0.1000	10	0.1667	moderate	limited	limited
Thermosipho africanus	moderate	moderate	limited	moderate	moderate	limited	NA	limited	limited	limited	NA	limited	moderate	limited	0.4000	10	0.1667	moderate	limited	limited
Obesumbacterium proteus	NA	NA	NA	NA	limited	limited	NA	limited	NA	NA	NA	NA	NA	limited	0.0000	3	0.7500	limited	limited	limited
Streptomyces tanashiensis	extensive	limited	moderate	limited	limited	limited	limited	limited	limited	NA	limited	limited	moderate	limited	0.1818	11	0.0833	moderate	limited	limited
Stutzerimonas stutzeri	extensive	extensive	extensive	extensive	moderate	moderate	limited	moderate	limited	limited	limited	limited	extensive	moderate	0.9167	12	0.0000	extensive	limited	limited
Bacillus zhangzhouensis	limited	NA	moderate	NA	limited	NA	NA	limited	NA	NA	limited	NA	limited	limited	0.2000	5	0.5833	moderate	limited	limited
Vibrio tasmaniensis	moderate	moderate	moderate	moderate	moderate	moderate	limited	limited	limited	moderate	NA	NA	moderate	moderate	0.7000	10	0.1667	moderate	limited	moderate
Staphylococcus agnetis	moderate	limited	moderate	moderate	limited	limited	moderate	limited	limited	moderate	limited	limited	moderate	limited	0.4167	12	0.0000	moderate	limited	limited
Gordonia amicalis	moderate	limited	moderate	limited	limited	limited	NA	limited	limited	limited	limited	limited	limited	limited	0.0909	11	0.0833	moderate	limited	limited
Sphingobium xenophagum	moderate	limited	moderate	moderate	limited	NA	limited	limited	limited	limited	limited	limited	moderate	limited	0.2727	11	0.0833	moderate	limited	limited
Rhodococcus rhodnii	moderate	limited	moderate	moderate	limited	limited	limited	limited	limited	limited	limited	limited	moderate	limited	0.2500	12	0.0000	moderate	limited	limited
Pseudomonas umsongensis	moderate	NA	limited	NA	limited	limited	limited	limited	limited	limited	limited	limited	limited	limited	0.0000	10	0.1667	limited	limited	limited
Haloarcula japonica	extensive	moderate	NA	moderate	moderate	limited	NA	limited	limited	limited	NA	NA	moderate	moderate	0.5000	8	0.3333	moderate	limited	moderate
Pseudomonas asplenii	extensive	limited	limited	limited	limited	limited	limited	limited	limited	limited	limited	limited	limited	limited	0.0000	12	0.0000	limited	limited	limited
Streptomyces aurantiacus	extensive	limited	moderate	moderate	limited	limited	limited	limited	limited	limited	limited	limited	moderate	limited	0.2500	12	0.0000	moderate	limited	limited
Arthrobacter pascens	moderate	limited	moderate	moderate	moderate	limited	limited	limited	limited	limited	limited	limited	moderate	limited	0.3333	12	0.0000	moderate	limited	limited
Alloscardovia omnicolens	limited	NA	NA	limited	limited	limited	limited	limited	limited	NA	NA	NA	NA	limited	0.0000	6	0.5000	limited	limited	limited
Caulobacter segnis	extensive	NA	moderate	limited	limited	limited	NA	limited	limited	NA	NA	NA	moderate	limited	0.2857	7	0.4167	moderate	limited	limited
Flavobacterium hydatis	moderate	moderate	moderate	limited	limited	limited	limited	limited	limited	limited	limited	NA	moderate	limited	0.2727	11	0.0833	moderate	limited	limited
Corynebacterium mastitidis	moderate	NA	moderate	limited	limited	NA	NA	NA	NA	limited	NA	limited	limited	limited	0.1667	6	0.5000	moderate	limited	limited
Anaerobutyricum hallii	extensive	limited	moderate	moderate	moderate	limited	limited	limited	moderate	moderate	NA	NA	moderate	moderate	0.6000	10	0.1667	moderate	limited	moderate
Staphylococcus nepalensis	moderate	limited	moderate	NA	limited	NA	limited	limited	limited	NA	NA	limited	moderate	limited	0.2500	8	0.3333	moderate	limited	limited
Clostridium disporicum	moderate	NA	moderate	limited	limited	NA	NA	limited	limited	NA	NA	NA	limited	limited	0.1667	6	0.5000	moderate	limited	limited
Herbaspirillum huttiense	moderate	limited	moderate	moderate	limited	limited	limited	limited	limited	limited	limited	NA	moderate	limited	0.2727	11	0.0833	moderate	limited	limited
Streptomyces parvus	extensive	limited	moderate	moderate	limited	limited	limited	limited	limited	limited	limited	limited	moderate	limited	0.2500	12	0.0000	moderate	limited	limited
Pseudomonas reinekei	moderate	limited	limited	limited	limited	limited	limited	limited	limited	limited	limited	limited	limited	limited	0.0000	12	0.0000	limited	limited	limited
Mycobacterium triplex	moderate	limited	limited	limited	limited	limited	limited	limited	limited	limited	NA	limited	limited	limited	0.0000	11	0.0833	limited	limited	limited
Nocardia coeliaca	NA	limited	moderate	NA	limited	limited	limited	limited	NA	NA	limited	limited	limited	limited	0.1111	9	0.2500	moderate	limited	limited
Delftia lacustris	moderate	NA	moderate	limited	limited	limited	NA	limited	limited	NA	NA	NA	limited	limited	0.1429	7	0.4167	moderate	limited	limited
Klebsiella grimontii	extensive	limited	moderate	moderate	limited	limited	limited	limited	limited	limited	limited	limited	moderate	limited	0.2500	12	0.0000	moderate	limited	limited
Streptomyces bottropensis	extensive	limited	moderate	moderate	limited	limited	limited	limited	limited	limited	limited	limited	moderate	limited	0.2500	12	0.0000	moderate	limited	limited
Halorubrum sodomense	moderate	NA	moderate	NA	moderate	limited	NA	limited	limited	NA	NA	NA	moderate	moderate	0.5000	6	0.5000	moderate	limited	moderate
Achromobacter insolitus	moderate	NA	moderate	moderate	limited	limited	limited	limited	limited	NA	limited	NA	limited	limited	0.2222	9	0.2500	moderate	limited	limited
Sinorhizobium saheli	moderate	limited	moderate	moderate	limited	limited	limited	limited	limited	moderate	limited	limited	moderate	limited	0.3333	12	0.0000	moderate	limited	limited
Acidiphilium multivorum	moderate	limited	moderate	moderate	limited	limited	NA	limited	limited	limited	NA	NA	limited	limited	0.2222	9	0.2500	moderate	limited	limited
Bacillus australimaris	moderate	limited	moderate	limited	limited	limited	NA	limited	NA	NA	limited	NA	limited	limited	0.1250	8	0.3333	moderate	limited	limited
Brachyspira hampsonii	moderate	moderate	moderate	moderate	moderate	limited	moderate	limited	limited	moderate	NA	NA	moderate	moderate	0.7000	10	0.1667	moderate	limited	moderate
Mesorhizobium mediterraneum	moderate	moderate	moderate	limited	limited	limited	limited	limited	NA	moderate	limited	limited	moderate	limited	0.3636	11	0.0833	moderate	limited	limited
Rickettsia peacockii	moderate	limited	moderate	limited	limited	limited	limited	limited	limited	moderate	NA	NA	moderate	limited	0.3000	10	0.1667	moderate	limited	limited
Caldalkalibacillus thermarum	moderate	limited	NA	moderate	moderate	limited	NA	limited	limited	NA	NA	NA	moderate	limited	0.4286	7	0.4167	moderate	limited	limited
Pseudomonas baetica	moderate	NA	moderate	NA	limited	NA	NA	limited	limited	NA	NA	NA	limited	limited	0.2000	5	0.5833	moderate	limited	limited
Streptomyces mirabilis	extensive	limited	moderate	moderate	limited	limited	limited	limited	limited	limited	limited	limited	moderate	limited	0.2500	12	0.0000	moderate	limited	limited
Paenibacillus lactis	moderate	NA	moderate	limited	limited	limited	limited	limited	limited	NA	limited	limited	moderate	limited	0.2000	10	0.1667	moderate	limited	limited
Pseudomonas deceptionensis	moderate	NA	moderate	moderate	moderate	limited	limited	limited	limited	limited	limited	limited	moderate	limited	0.3636	11	0.0833	moderate	limited	limited
Vibrio cyclitrophicus	moderate	limited	moderate	limited	limited	limited	limited	limited	limited	limited	NA	limited	moderate	limited	0.1818	11	0.0833	moderate	limited	limited
Streptomyces enissocaesilis	moderate	limited	limited	limited	limited	limited	limited	limited	NA	limited	limited	limited	moderate	limited	0.0909	11	0.0833	moderate	limited	limited
Leptospira noguchii	extensive	moderate	moderate	moderate	moderate	limited	moderate	moderate	limited	moderate	limited	NA	moderate	moderate	0.7273	11	0.0833	moderate	limited	moderate
Morganella psychrotolerans	moderate	NA	NA	NA	limited	limited	NA	limited	NA	NA	NA	NA	NA	limited	0.0000	3	0.7500	limited	limited	limited
Bradyrhizobium canariense	extensive	moderate	moderate	moderate	limited	limited	limited	limited	limited	moderate	limited	limited	moderate	limited	0.4167	12	0.0000	moderate	limited	limited
Rickettsia honei	extensive	moderate	moderate	moderate	moderate	limited	moderate	moderate	limited	moderate	limited	NA	moderate	moderate	0.7273	11	0.0833	moderate	limited	moderate
Thiomonas intermedia	moderate	moderate	moderate	moderate	moderate	limited	NA	limited	limited	limited	limited	NA	moderate	moderate	0.5000	10	0.1667	moderate	limited	moderate
Campylobacter hepaticus	moderate	moderate	moderate	moderate	moderate	limited	moderate	limited	limited	moderate	NA	NA	moderate	moderate	0.7000	10	0.1667	moderate	limited	moderate
Serratia ureilytica	moderate	limited	limited	NA	limited	limited	NA	limited	limited	limited	NA	NA	limited	limited	0.0000	8	0.3333	limited	limited	limited
Streptomyces rishiriensis	moderate	limited	moderate	limited	limited	limited	limited	limited	limited	limited	limited	limited	moderate	limited	0.1667	12	0.0000	moderate	limited	limited
Enterococcus thailandicus	limited	NA	NA	NA	limited	NA	NA	NA	limited	NA	NA	limited	NA	limited	0.0000	3	0.7500	limited	limited	limited
Pseudomonas vancouverensis	moderate	NA	moderate	moderate	moderate	limited	limited	limited	limited	limited	limited	limited	moderate	limited	0.3636	11	0.0833	moderate	limited	limited
Lentilactobacillus parabuchneri	extensive	moderate	extensive	moderate	moderate	moderate	limited	moderate	limited	limited	limited	limited	moderate	moderate	0.6667	12	0.0000	extensive	limited	moderate
Phyllobacterium myrsinacearum	moderate	limited	moderate	limited	limited	limited	limited	limited	limited	limited	limited	limited	moderate	limited	0.1667	12	0.0000	moderate	limited	limited
Xanthomonas cucurbitae	moderate	limited	moderate	limited	limited	limited	limited	limited	limited	limited	moderate	limited	limited	limited	0.1667	12	0.0000	moderate	limited	limited
Aeromonas allosaccharophila	limited	limited	moderate	NA	limited	limited	limited	limited	limited	limited	limited	limited	limited	limited	0.0909	11	0.0833	moderate	limited	limited
Planococcus maritimus	moderate	limited	moderate	limited	limited	NA	NA	limited	limited	limited	NA	NA	moderate	limited	0.2500	8	0.3333	moderate	limited	limited
Yersinia aldovae	moderate	limited	moderate	limited	limited	limited	limited	limited	limited	limited	limited	NA	moderate	limited	0.1818	11	0.0833	moderate	limited	limited
Helicobacter fennelliae	moderate	limited	moderate	moderate	limited	limited	limited	limited	limited	moderate	NA	limited	moderate	limited	0.3636	11	0.0833	moderate	limited	limited
Streptomyces calvus	moderate	limited	moderate	limited	limited	limited	limited	limited	limited	limited	limited	limited	moderate	limited	0.1667	12	0.0000	moderate	limited	limited
Myxococcus stipitatus	extensive	moderate	moderate	moderate	limited	limited	limited	limited	limited	NA	limited	NA	moderate	limited	0.4000	10	0.1667	moderate	limited	limited
Gluconobacter japonicus	extensive	NA	moderate	moderate	limited	limited	limited	limited	limited	NA	limited	NA	moderate	limited	0.3333	9	0.2500	moderate	limited	limited
Paraburkholderia fungorum	extensive	moderate	moderate	moderate	limited	moderate	limited	moderate	limited	limited	limited	NA	moderate	moderate	0.5455	11	0.0833	moderate	limited	moderate
Prevotella veroralis	moderate	NA	moderate	limited	limited	limited	limited	limited	limited	NA	limited	NA	limited	limited	0.1111	9	0.2500	moderate	limited	limited
Escherichia marmotae	extensive	NA	moderate	moderate	limited	limited	limited	limited	limited	limited	NA	limited	moderate	limited	0.3000	10	0.1667	moderate	limited	limited
Streptomyces nitrosporeus	extensive	limited	moderate	moderate	limited	limited	limited	limited	limited	limited	limited	limited	moderate	limited	0.2500	12	0.0000	moderate	limited	limited
Leifsonia aquatica	moderate	limited	moderate	limited	limited	limited	limited	limited	limited	NA	limited	limited	moderate	limited	0.1818	11	0.0833	moderate	limited	limited
Bacillus pacificus	limited	NA	moderate	NA	limited	NA	NA	limited	NA	NA	limited	NA	limited	limited	0.2000	5	0.5833	moderate	limited	limited
Corynebacterium coyleae	moderate	limited	moderate	limited	limited	limited	limited	limited	limited	limited	NA	limited	limited	limited	0.0909	11	0.0833	moderate	limited	limited
Aliivibrio wodanis	extensive	moderate	moderate	moderate	moderate	limited	limited	limited	limited	limited	NA	NA	moderate	moderate	0.5000	10	0.1667	moderate	limited	moderate
Fructilactobacillus sanfranciscensis	extensive	moderate	extensive	moderate	moderate	moderate	limited	moderate	extensive	limited	limited	limited	moderate	moderate	0.8333	12	0.0000	extensive	limited	moderate
Brenneria goodwinii	moderate	NA	moderate	NA	limited	limited	limited	limited	limited	moderate	moderate	NA	limited	limited	0.3333	9	0.2500	moderate	limited	limited
Citrobacter gillenii	extensive	limited	moderate	moderate	limited	limited	limited	limited	limited	limited	limited	limited	moderate	limited	0.2500	12	0.0000	moderate	limited	limited
Moellerella wisconsensis	moderate	limited	moderate	limited	limited	limited	limited	limited	limited	limited	limited	limited	limited	limited	0.0833	12	0.0000	moderate	limited	limited
Vibrio gazogenes	moderate	NA	moderate	moderate	limited	limited	NA	limited	NA	NA	NA	NA	moderate	moderate	0.5000	6	0.5000	moderate	limited	moderate
Aliarcobacter butzleri	extensive	moderate	moderate	moderate	moderate	moderate	moderate	moderate	moderate	moderate	limited	NA	moderate	moderate	0.9091	11	0.0833	moderate	limited	moderate
Erwinia psidii	limited	NA	moderate	NA	limited	limited	NA	limited	NA	limited	moderate	limited	limited	limited	0.2500	8	0.3333	moderate	limited	limited
Staphylococcus piscifermentans	extensive	limited	moderate	moderate	limited	limited	limited	limited	limited	limited	limited	limited	moderate	limited	0.2500	12	0.0000	moderate	limited	limited
Gordonia amarae	moderate	limited	moderate	moderate	limited	limited	limited	limited	limited	limited	NA	limited	limited	limited	0.1818	11	0.0833	moderate	limited	limited
Microbacterium oleivorans	moderate	limited	moderate	limited	limited	limited	limited	limited	limited	limited	limited	limited	moderate	limited	0.1667	12	0.0000	moderate	limited	limited
Nitrococcus mobilis	moderate	moderate	limited	moderate	limited	limited	NA	limited	limited	NA	NA	NA	moderate	limited	0.3750	8	0.3333	moderate	limited	limited
Rhizobium laguerreae	moderate	moderate	moderate	moderate	limited	moderate	limited	limited	limited	moderate	limited	limited	moderate	moderate	0.5000	12	0.0000	moderate	limited	moderate
Streptomyces griseoincarnatus	moderate	limited	limited	limited	limited	NA	limited	limited	limited	limited	limited	limited	moderate	limited	0.0909	11	0.0833	moderate	limited	limited
Aminobacter aminovorans	moderate	limited	moderate	limited	limited	limited	NA	limited	limited	limited	limited	limited	moderate	limited	0.1818	11	0.0833	moderate	limited	limited
Burkholderia arboris	moderate	NA	moderate	NA	limited	NA	NA	limited	limited	limited	NA	NA	moderate	limited	0.3333	6	0.5000	moderate	limited	limited
Pseudomonas yamanorum	NA	NA	limited	NA	NA	NA	NA	limited	limited	NA	NA	limited	NA	limited	0.0000	4	0.6667	limited	limited	limited
Acinetobacter seifertii	moderate	limited	moderate	moderate	limited	limited	limited	limited	limited	limited	limited	limited	moderate	limited	0.2500	12	0.0000	moderate	limited	limited
Pantoea eucalypti	extensive	moderate	moderate	moderate	moderate	moderate	limited	moderate	limited	moderate	moderate	limited	moderate	moderate	0.7500	12	0.0000	moderate	limited	moderate
Streptomyces sioyaensis	extensive	limited	moderate	moderate	limited	limited	limited	limited	limited	limited	limited	limited	moderate	limited	0.2500	12	0.0000	moderate	limited	limited
Pectobacterium aroidearum	extensive	moderate	moderate	moderate	moderate	moderate	limited	moderate	limited	moderate	moderate	limited	moderate	moderate	0.7500	12	0.0000	moderate	limited	moderate
Clostridium celatum	NA	NA	NA	limited	limited	NA	NA	limited	limited	NA	NA	NA	NA	limited	0.0000	4	0.6667	limited	limited	limited
Streptomyces koyangensis	extensive	limited	moderate	moderate	limited	limited	limited	limited	limited	limited	limited	limited	moderate	limited	0.2500	12	0.0000	moderate	limited	limited
Aquincola tertiaricarbonis	moderate	NA	moderate	moderate	limited	limited	limited	limited	limited	NA	NA	NA	limited	limited	0.2500	8	0.3333	moderate	limited	limited
Shewanella livingstonensis	extensive	moderate	moderate	moderate	extensive	moderate	limited	limited	limited	limited	NA	NA	moderate	moderate	0.7000	10	0.1667	extensive	limited	moderate
Fervidobacterium islandicum	extensive	limited	moderate	moderate	moderate	limited	NA	limited	limited	limited	limited	limited	moderate	limited	0.3636	11	0.0833	moderate	limited	limited
Pseudomonas moorei	moderate	limited	moderate	moderate	limited	limited	limited	limited	limited	limited	limited	limited	moderate	limited	0.2500	12	0.0000	moderate	limited	limited
Haloferax alexandrinus	moderate	NA	NA	NA	moderate	NA	NA	limited	NA	NA	NA	NA	NA	NA	nan	2	0.8333			
Achromobacter ruhlandii	extensive	moderate	moderate	moderate	limited	moderate	limited	limited	limited	limited	limited	limited	moderate	limited	0.4167	12	0.0000	moderate	limited	limited
Azohydromonas lata	moderate	moderate	moderate	moderate	limited	NA	NA	limited	limited	NA	NA	NA	limited	limited	0.4286	7	0.4167	moderate	limited	limited
Tistrella mobilis	moderate	moderate	moderate	limited	limited	limited	limited	limited	limited	limited	NA	NA	moderate	limited	0.3000	10	0.1667	moderate	limited	limited
Pseudomonas abietaniphila	moderate	limited	moderate	moderate	limited	limited	limited	limited	limited	limited	limited	limited	moderate	limited	0.2500	12	0.0000	moderate	limited	limited
Amycolatopsis balhimycina	extensive	limited	moderate	moderate	limited	limited	NA	limited	limited	limited	NA	limited	moderate	limited	0.3000	10	0.1667	moderate	limited	limited
Lentilactobacillus kefiri	extensive	moderate	moderate	moderate	moderate	moderate	limited	limited	moderate	moderate	limited	limited	moderate	moderate	0.6667	12	0.0000	moderate	limited	moderate
Prevotella amnii	moderate	limited	moderate	moderate	limited	limited	limited	limited	limited	moderate	NA	NA	moderate	limited	0.4000	10	0.1667	moderate	limited	limited
Mycobacterium asiaticum	extensive	limited	limited	moderate	limited	limited	limited	moderate	limited	limited	limited	limited	limited	limited	0.1667	12	0.0000	moderate	limited	limited
Cloacibacterium normanense	moderate	limited	moderate	limited	limited	limited	limited	limited	limited	limited	limited	NA	limited	limited	0.0909	11	0.0833	moderate	limited	limited
Pseudomonas lutea	moderate	limited	limited	limited	limited	NA	limited	limited	limited	NA	limited	limited	limited	limited	0.0000	10	0.1667	limited	limited	limited
Streptococcus ferus	limited	NA	NA	limited	limited	NA	NA	limited	limited	NA	NA	NA	limited	limited	0.0000	5	0.5833	limited	limited	limited
Microbacterium laevaniformans	extensive	limited	moderate	moderate	limited	limited	limited	limited	limited	limited	limited	limited	moderate	limited	0.2500	12	0.0000	moderate	limited	limited
Komagataeibacter saccharivorans	moderate	limited	moderate	limited	limited	limited	limited	limited	limited	limited	limited	limited	limited	limited	0.0833	12	0.0000	moderate	limited	limited
Alloprevotella rava	moderate	NA	moderate	limited	limited	limited	limited	limited	limited	limited	NA	limited	limited	limited	0.1000	10	0.1667	moderate	limited	limited
Aeromonas encheleia	limited	limited	moderate	NA	limited	NA	limited	limited	limited	NA	NA	NA	limited	limited	0.1429	7	0.4167	moderate	limited	limited
Acinetobacter tandoii	limited	NA	moderate	limited	limited	NA	limited	limited	limited	limited	NA	limited	limited	limited	0.1111	9	0.2500	moderate	limited	limited
Isoptericola variabilis	moderate	NA	moderate	limited	limited	NA	NA	limited	limited	NA	NA	NA	moderate	limited	0.3333	6	0.5000	moderate	limited	limited
Shewanella benthica	moderate	limited	moderate	extensive	extensive	limited	limited	limited	limited	limited	NA	NA	moderate	moderate	0.6000	10	0.1667	extensive	limited	limited
Pseudomonas proteolytica	moderate	limited	limited	NA	limited	limited	limited	limited	limited	limited	NA	limited	limited	limited	0.0000	10	0.1667	limited	limited	limited
Helicobacter canis	moderate	moderate	limited	moderate	limited	limited	moderate	limited	limited	moderate	limited	limited	moderate	limited	0.4167	12	0.0000	moderate	limited	limited
Streptomyces griseoaurantiacus	extensive	limited	moderate	moderate	limited	limited	limited	limited	limited	limited	limited	limited	moderate	limited	0.2500	12	0.0000	moderate	limited	limited
Streptomyces bacillaris	moderate	limited	moderate	limited	limited	limited	limited	limited	limited	NA	limited	limited	moderate	limited	0.1818	11	0.0833	moderate	limited	limited
Nocardia pseudobrasiliensis	moderate	limited	moderate	moderate	limited	limited	limited	limited	limited	NA	limited	limited	moderate	limited	0.2727	11	0.0833	moderate	limited	limited
Vibrio lentus	moderate	NA	moderate	moderate	limited	NA	limited	limited	NA	moderate	NA	limited	limited	limited	0.3750	8	0.3333	moderate	limited	limited
Haloterrigena salifodinae	limited	NA	NA	NA	moderate	NA	NA	limited	limited	NA	NA	NA	moderate	moderate	0.5000	4	0.6667	moderate	limited	moderate
Rhizobium giardinii	moderate	moderate	moderate	moderate	limited	limited	limited	limited	limited	moderate	limited	limited	moderate	limited	0.4167	12	0.0000	moderate	limited	limited
Pseudomonas flavescens	moderate	NA	limited	NA	limited	NA	NA	limited	limited	limited	limited	limited	limited	limited	0.0000	8	0.3333	limited	limited	limited
Castellaniella defragrans	moderate	moderate	moderate	moderate	moderate	limited	limited	limited	limited	NA	limited	limited	moderate	limited	0.4545	11	0.0833	moderate	limited	limited
Achromobacter mucicolens	moderate	moderate	moderate	moderate	limited	limited	limited	limited	limited	limited	limited	NA	moderate	limited	0.3636	11	0.0833	moderate	limited	limited
Streptococcus lactarius	NA	limited	NA	NA	NA	NA	NA	limited	limited	NA	NA	NA	limited	limited	0.0000	4	0.6667	limited	limited	limited
Streptomyces tubercidicus	moderate	limited	moderate	moderate	limited	limited	limited	limited	limited	limited	limited	limited	moderate	limited	0.2500	12	0.0000	moderate	limited	limited
Salinispora pacifica	moderate	NA	moderate	NA	limited	NA	NA	limited	NA	NA	NA	NA	NA	limited	0.3333	3	0.7500	moderate	limited	limited
Rickettsia asembonensis	moderate	limited	moderate	limited	limited	limited	limited	limited	limited	moderate	limited	limited	moderate	limited	0.2500	12	0.0000	moderate	limited	limited
Pseudomonas grimontii	moderate	limited	limited	limited	limited	limited	limited	limited	limited	NA	limited	limited	limited	limited	0.0000	11	0.0833	limited	limited	limited
Pseudoxanthomonas mexicana	moderate	limited	moderate	limited	limited	NA	limited	limited	limited	limited	NA	limited	limited	limited	0.1000	10	0.1667	moderate	limited	limited
Streptomyces atroolivaceus	moderate	limited	moderate	moderate	limited	limited	limited	limited	limited	limited	limited	limited	moderate	limited	0.2500	12	0.0000	moderate	limited	limited
Streptomyces drozdowiczii	moderate	limited	limited	limited	limited	limited	limited	limited	limited	limited	limited	limited	moderate	limited	0.0833	12	0.0000	moderate	limited	limited
Micromonospora carbonacea	moderate	limited	moderate	limited	limited	limited	limited	limited	limited	limited	limited	limited	moderate	limited	0.1667	12	0.0000	moderate	limited	limited
Staphylococcus condimenti	moderate	limited	moderate	limited	limited	limited	limited	limited	limited	NA	limited	limited	limited	limited	0.0909	11	0.0833	moderate	limited	limited
Pseudoxanthomonas spadix	moderate	moderate	moderate	moderate	moderate	limited	limited	limited	limited	limited	limited	limited	moderate	limited	0.4167	12	0.0000	moderate	limited	limited
Pectobacterium betavasculorum	moderate	moderate	moderate	moderate	limited	moderate	limited	limited	limited	moderate	moderate	limited	moderate	moderate	0.5833	12	0.0000	moderate	limited	moderate
Streptomyces griseorubiginosus	moderate	limited	limited	limited	limited	NA	NA	limited	limited	limited	limited	limited	moderate	limited	0.1000	10	0.1667	moderate	limited	limited
Edwardsiella hoshinae	moderate	moderate	moderate	moderate	limited	limited	limited	limited	limited	limited	NA	NA	moderate	limited	0.4000	10	0.1667	moderate	limited	limited
Mesorhizobium plurifarium	moderate	moderate	moderate	moderate	limited	moderate	limited	limited	limited	moderate	limited	limited	moderate	moderate	0.5000	12	0.0000	moderate	limited	moderate
Pseudomonas helleri	moderate	NA	limited	NA	limited	NA	NA	limited	limited	NA	NA	limited	limited	limited	0.0000	6	0.5000	limited	limited	limited
Bacillus nakamurai	moderate	NA	moderate	NA	limited	NA	limited	limited	limited	NA	limited	NA	moderate	limited	0.2857	7	0.4167	moderate	limited	limited
Xenorhabdus szentirmaii	moderate	moderate	moderate	moderate	moderate	limited	limited	limited	limited	moderate	limited	NA	moderate	moderate	0.5455	11	0.0833	moderate	limited	moderate
Nocardia vaccinii	moderate	NA	moderate	limited	limited	NA	NA	limited	limited	NA	NA	limited	limited	limited	0.1429	7	0.4167	moderate	limited	limited
Streptomyces gulbargensis	moderate	limited	NA	limited	limited	NA	NA	limited	NA	NA	limited	NA	limited	limited	0.0000	6	0.5000	limited	limited	limited
Treponema pedis	moderate	NA	NA	limited	limited	NA	limited	limited	NA	limited	NA	NA	moderate	limited	0.1667	6	0.5000	moderate	limited	limited
Niallia circulans	extensive	moderate	moderate	moderate	limited	limited	limited	limited	limited	limited	limited	moderate	moderate	limited	0.4167	12	0.0000	moderate	limited	limited
Citrobacter murliniae	moderate	NA	moderate	NA	limited	limited	limited	limited	limited	NA	limited	limited	limited	limited	0.1111	9	0.2500	moderate	limited	limited
Planococcus citreus	moderate	limited	moderate	limited	limited	limited	limited	limited	limited	limited	limited	limited	moderate	limited	0.1667	12	0.0000	moderate	limited	limited
Komagataeibacter intermedius	moderate	limited	NA	limited	limited	limited	NA	limited	limited	limited	NA	NA	limited	limited	0.0000	8	0.3333	limited	limited	limited
Nocardia globerula	moderate	limited	moderate	limited	limited	limited	limited	limited	limited	NA	limited	limited	moderate	limited	0.1818	11	0.0833	moderate	limited	limited
Advenella kashmirensis	moderate	limited	moderate	limited	limited	limited	limited	limited	limited	NA	NA	NA	moderate	limited	0.2222	9	0.2500	moderate	limited	limited
Pandoraea apista	moderate	moderate	moderate	limited	limited	moderate	limited	limited	limited	moderate	limited	NA	moderate	limited	0.4545	11	0.0833	moderate	limited	limited
Campylobacter helveticus	NA	limited	limited	limited	limited	NA	limited	limited	limited	limited	NA	NA	moderate	limited	0.1111	9	0.2500	moderate	limited	limited
Burkholderia territorii	moderate	limited	moderate	NA	limited	limited	limited	limited	limited	limited	NA	limited	moderate	limited	0.2000	10	0.1667	moderate	limited	limited
Rhodococcus coprophilus	moderate	limited	moderate	moderate	limited	limited	limited	limited	limited	limited	limited	limited	moderate	limited	0.2500	12	0.0000	moderate	limited	limited
Cytobacillus firmus	moderate	moderate	moderate	moderate	moderate	limited	limited	limited	limited	limited	limited	limited	moderate	limited	0.4167	12	0.0000	moderate	limited	limited
Helicobacter canadensis	moderate	moderate	moderate	moderate	limited	limited	limited	limited	limited	moderate	limited	NA	moderate	limited	0.4545	11	0.0833	moderate	limited	limited
Aquaspirillum serpens	moderate	moderate	moderate	moderate	limited	limited	limited	limited	NA	limited	limited	limited	moderate	limited	0.3636	11	0.0833	moderate	limited	limited
Kosakonia oryzae	moderate	limited	moderate	moderate	moderate	NA	limited	limited	limited	moderate	limited	limited	moderate	limited	0.4545	11	0.0833	moderate	limited	limited
Pseudoalteromonas arctica	moderate	moderate	moderate	moderate	moderate	limited	limited	limited	limited	limited	limited	limited	moderate	limited	0.4167	12	0.0000	moderate	limited	limited
Pediococcus claussenii	moderate	limited	moderate	limited	limited	limited	NA	limited	limited	limited	limited	limited	moderate	limited	0.1818	11	0.0833	moderate	limited	limited
Acinetobacter beijerinckii	NA	NA	moderate	limited	limited	limited	limited	limited	limited	limited	limited	limited	limited	limited	0.0909	11	0.0833	moderate	limited	limited
Streptomyces candidus	extensive	limited	moderate	moderate	limited	limited	limited	limited	limited	limited	limited	limited	moderate	limited	0.2500	12	0.0000	moderate	limited	limited
Rothia nasimurium	moderate	NA	moderate	NA	limited	limited	limited	limited	limited	NA	limited	limited	limited	limited	0.1111	9	0.2500	moderate	limited	limited
Corynebacterium argentoratense	moderate	limited	moderate	moderate	limited	limited	limited	limited	limited	limited	NA	limited	moderate	limited	0.2727	11	0.0833	moderate	limited	limited
Acinetobacter gyllenbergii	moderate	limited	moderate	moderate	limited	limited	limited	limited	limited	limited	limited	limited	moderate	limited	0.2500	12	0.0000	moderate	limited	limited
Lactococcus plantarum	extensive	moderate	moderate	moderate	moderate	moderate	limited	moderate	extensive	limited	limited	limited	moderate	moderate	0.7500	12	0.0000	extensive	limited	moderate
Brachybacterium paraconglomeratum	moderate	limited	moderate	limited	limited	limited	limited	limited	limited	NA	limited	limited	moderate	limited	0.1818	11	0.0833	moderate	limited	limited
Brucella anthropi	extensive	moderate	moderate	moderate	moderate	limited	limited	limited	limited	limited	limited	limited	moderate	limited	0.4167	12	0.0000	moderate	limited	limited
Xanthomonas sacchari	extensive	moderate	moderate	moderate	limited	limited	limited	limited	limited	moderate	moderate	limited	moderate	moderate	0.5000	12	0.0000	moderate	limited	moderate
Pandoraea sputorum	moderate	NA	moderate	limited	limited	NA	limited	limited	NA	NA	limited	NA	NA	limited	0.1667	6	0.5000	moderate	limited	limited
Haloferax gibbonsii	moderate	moderate	NA	moderate	moderate	limited	NA	limited	NA	limited	NA	NA	moderate	moderate	0.5714	7	0.4167	moderate	limited	moderate
Lelliottia nimipressuralis	extensive	moderate	moderate	moderate	limited	limited	limited	limited	limited	limited	limited	limited	limited	limited	0.2500	12	0.0000	moderate	limited	limited
Pseudomonas argentinensis	moderate	NA	moderate	limited	limited	NA	limited	limited	limited	NA	limited	limited	limited	limited	0.1111	9	0.2500	moderate	limited	limited
Corynebacterium singulare	moderate	NA	moderate	NA	limited	NA	NA	limited	limited	NA	NA	limited	limited	limited	0.1667	6	0.5000	moderate	limited	limited
Micrococcus aloeverae	moderate	NA	moderate	NA	limited	NA	limited	limited	NA	NA	limited	limited	limited	limited	0.1429	7	0.4167	moderate	limited	limited
Mesorhizobium tianshanense	moderate	moderate	moderate	limited	limited	limited	limited	limited	limited	moderate	limited	NA	moderate	limited	0.3636	11	0.0833	moderate	limited	limited
Aeromonas enteropelogenes	moderate	limited	moderate	limited	limited	limited	limited	limited	limited	NA	limited	NA	moderate	limited	0.2000	10	0.1667	moderate	limited	limited
Streptomyces lusitanus	extensive	limited	moderate	moderate	limited	limited	limited	limited	limited	limited	limited	limited	moderate	limited	0.2500	12	0.0000	moderate	limited	limited
Gordonia sputi	moderate	NA	NA	NA	limited	limited	limited	limited	NA	NA	limited	limited	limited	limited	0.0000	7	0.4167	limited	limited	limited
Clostridium sartagoforme	moderate	limited	moderate	limited	limited	limited	limited	limited	limited	limited	NA	limited	moderate	limited	0.1818	11	0.0833	moderate	limited	limited
Aliivibrio logei	moderate	limited	moderate	moderate	limited	limited	limited	limited	NA	NA	NA	NA	limited	limited	0.2500	8	0.3333	moderate	limited	limited
Holdemania filiformis	limited	limited	NA	NA	limited	limited	limited	limited	limited	NA	NA	limited	limited	limited	0.0000	8	0.3333	limited	limited	limited
Halorubrum saccharovorum	moderate	moderate	moderate	moderate	moderate	limited	NA	limited	limited	NA	NA	limited	moderate	moderate	0.5556	9	0.2500	moderate	limited	moderate
Xanthomonas populi	moderate	NA	moderate	limited	limited	limited	limited	limited	limited	limited	moderate	limited	moderate	limited	0.2727	11	0.0833	moderate	limited	limited
Oribacterium sinus	limited	NA	NA	NA	limited	NA	NA	limited	limited	NA	NA	NA	NA	limited	0.0000	3	0.7500	limited	limited	limited
Streptomyces rutgersensis	moderate	limited	limited	limited	limited	NA	limited	limited	NA	limited	limited	NA	limited	limited	0.0000	9	0.2500	limited	limited	limited
Dickeya fangzhongdai	moderate	moderate	moderate	NA	moderate	NA	limited	limited	NA	moderate	moderate	NA	NA	moderate	0.7143	7	0.4167	moderate	limited	moderate
Halalkalibacterium halodurans	NA	NA	NA	NA	moderate	NA	NA	limited	NA	NA	NA	NA	moderate	moderate	0.6667	3	0.7500	moderate	limited	moderate
Bradyrhizobium pachyrhizi	moderate	limited	moderate	limited	limited	limited	limited	limited	limited	moderate	limited	limited	moderate	limited	0.2500	12	0.0000	moderate	limited	limited
Streptomyces sannanensis	moderate	limited	moderate	moderate	limited	limited	limited	limited	limited	limited	limited	limited	moderate	limited	0.2500	12	0.0000	moderate	limited	limited
Pseudomonas chengduensis	moderate	NA	limited	NA	NA	NA	NA	limited	limited	limited	limited	limited	limited	limited	0.0000	7	0.4167	limited	limited	limited
Ideonella dechloratans	moderate	limited	moderate	moderate	limited	limited	NA	limited	limited	NA	NA	limited	moderate	limited	0.3333	9	0.2500	moderate	limited	limited
Pseudoalteromonas flavipulchra	extensive	moderate	moderate	moderate	moderate	moderate	limited	limited	limited	limited	limited	limited	moderate	moderate	0.5000	12	0.0000	moderate	limited	moderate
Streptomyces nigrescens	moderate	limited	moderate	limited	limited	limited	limited	limited	limited	limited	limited	limited	moderate	limited	0.1667	12	0.0000	moderate	limited	limited
Staphylococcus schweitzeri	extensive	limited	moderate	limited	moderate	limited	limited	limited	limited	moderate	limited	limited	moderate	limited	0.3333	12	0.0000	moderate	limited	limited
Agathobacter rectalis	extensive	NA	limited	limited	limited	limited	limited	limited	limited	limited	NA	limited	limited	limited	0.0000	10	0.1667	limited	limited	limited
Pseudomonas guariconensis	moderate	NA	limited	NA	limited	limited	NA	limited	limited	NA	NA	limited	limited	limited	0.0000	7	0.4167	limited	limited	limited
Owenweeksia hongkongensis	limited	NA	NA	NA	limited	NA	NA	NA	NA	NA	NA	NA	NA	NA	nan	1	0.9167			
Burkholderia metallica	moderate	NA	moderate	NA	NA	NA	NA	limited	NA	NA	limited	NA	moderate	moderate	0.5000	4	0.6667	moderate	limited	moderate
Pseudomonas toyotomiensis	NA	NA	NA	NA	limited	NA	NA	limited	limited	NA	NA	limited	limited	limited	0.0000	5	0.5833	limited	limited	limited
Actinobaculum suis	moderate	limited	moderate	limited	limited	limited	limited	limited	limited	moderate	NA	limited	limited	limited	0.1818	11	0.0833	moderate	limited	limited
Xenorhabdus budapestensis	moderate	moderate	moderate	moderate	limited	moderate	limited	limited	limited	moderate	limited	limited	moderate	moderate	0.5000	12	0.0000	moderate	limited	moderate
Bacillus benzoevorans	moderate	moderate	moderate	moderate	limited	limited	limited	limited	limited	NA	limited	limited	moderate	limited	0.3636	11	0.0833	moderate	limited	limited
Serratia quinivorans	moderate	NA	moderate	NA	limited	limited	limited	limited	limited	limited	limited	NA	limited	limited	0.1111	9	0.2500	moderate	limited	limited
Shewanella vesiculosa	extensive	moderate	moderate	moderate	moderate	limited	limited	limited	limited	limited	limited	NA	moderate	limited	0.4545	11	0.0833	moderate	limited	limited
Microbacterium maritypicum	moderate	NA	moderate	limited	limited	limited	limited	limited	limited	limited	limited	limited	limited	limited	0.0909	11	0.0833	moderate	limited	limited
Vibrio azureus	NA	NA	NA	NA	limited	NA	NA	NA	NA	NA	NA	NA	NA	NA	nan	1	0.9167			
Phyllobacterium brassicacearum	moderate	limited	moderate	moderate	limited	limited	limited	limited	limited	limited	limited	limited	limited	limited	0.1667	12	0.0000	moderate	limited	limited
Pseudomonas tremae	moderate	limited	limited	NA	limited	NA	limited	limited	limited	limited	limited	limited	limited	limited	0.0000	10	0.1667	limited	limited	limited
Bacteroides caecimuris	moderate	NA	moderate	limited	NA	NA	NA	limited	limited	NA	NA	NA	moderate	limited	0.4000	5	0.5833	moderate	limited	limited
Neisseria zoodegmatis	NA	NA	NA	NA	NA	NA	NA	limited	NA	NA	NA	NA	limited	NA	nan	2	0.8333			
Kutzneria albida	moderate	NA	moderate	NA	limited	NA	NA	limited	NA	NA	NA	limited	limited	limited	0.2000	5	0.5833	moderate	limited	limited
Halorubrum ezzemoulense	moderate	NA	moderate	limited	moderate	NA	NA	limited	limited	NA	NA	NA	limited	limited	0.3333	6	0.5000	moderate	limited	limited
Pseudomonas alkylphenolica	moderate	moderate	moderate	moderate	moderate	limited	limited	limited	limited	limited	limited	limited	moderate	limited	0.4167	12	0.0000	moderate	limited	limited
Streptomyces narbonensis	moderate	limited	moderate	limited	limited	limited	limited	limited	limited	limited	limited	limited	limited	limited	0.0833	12	0.0000	moderate	limited	limited
Chromobacterium vaccinii	moderate	NA	moderate	limited	limited	NA	limited	limited	NA	NA	NA	limited	moderate	limited	0.2857	7	0.4167	moderate	limited	limited
Streptomyces neyagawaensis	moderate	limited	limited	limited	limited	limited	limited	limited	NA	NA	limited	limited	moderate	limited	0.1000	10	0.1667	moderate	limited	limited
Rodentibacter pneumotropicus	extensive	moderate	moderate	moderate	limited	moderate	moderate	moderate	moderate	moderate	NA	limited	moderate	moderate	0.8182	11	0.0833	moderate	limited	moderate
Agrobacterium pusense	moderate	limited	moderate	limited	limited	limited	limited	limited	limited	limited	limited	limited	moderate	limited	0.1667	12	0.0000	moderate	limited	limited
Porphyromonas uenonis	moderate	limited	moderate	limited	limited	limited	limited	limited	limited	limited	NA	NA	limited	limited	0.1000	10	0.1667	moderate	limited	limited
Prevotella jejuni	moderate	NA	moderate	NA	limited	NA	NA	limited	limited	NA	NA	NA	limited	limited	0.2000	5	0.5833	moderate	limited	limited
Burkholderia diffusa	moderate	NA	moderate	limited	limited	NA	NA	limited	NA	NA	limited	NA	moderate	limited	0.3333	6	0.5000	moderate	limited	limited
Burkholderia latens	moderate	NA	moderate	limited	limited	NA	NA	limited	limited	NA	limited	limited	moderate	limited	0.2500	8	0.3333	moderate	limited	limited
Pasteurella stomatis	moderate	NA	moderate	NA	limited	NA	NA	limited	NA	moderate	NA	NA	limited	limited	0.4000	5	0.5833	moderate	limited	limited
Mycobacterium shimoidei	extensive	limited	limited	moderate	moderate	limited	limited	moderate	limited	limited	NA	limited	limited	limited	0.2727	11	0.0833	moderate	limited	limited
Staphylococcus petrasii	moderate	limited	moderate	limited	limited	NA	limited	limited	limited	NA	NA	limited	limited	limited	0.1111	9	0.2500	moderate	limited	limited
Pseudomonas vranovensis	moderate	NA	moderate	NA	moderate	limited	NA	limited	limited	NA	limited	limited	moderate	limited	0.3750	8	0.3333	moderate	limited	limited
Atlantibacter hermannii	extensive	moderate	moderate	moderate	limited	limited	limited	limited	limited	limited	limited	limited	moderate	limited	0.3333	12	0.0000	moderate	limited	limited
Neisseria animaloris	extensive	moderate	moderate	moderate	limited	limited	limited	moderate	limited	limited	NA	NA	moderate	moderate	0.5000	10	0.1667	moderate	limited	moderate
Streptomyces pluripotens	moderate	limited	limited	moderate	limited	limited	limited	limited	NA	limited	limited	limited	moderate	limited	0.1818	11	0.0833	moderate	limited	limited
Natronorubrum tibetense	moderate	limited	moderate	NA	limited	limited	NA	limited	limited	limited	NA	NA	NA	limited	0.1429	7	0.4167	moderate	limited	limited
Streptomyces flavovirens	extensive	limited	moderate	moderate	limited	limited	limited	limited	limited	limited	limited	limited	moderate	limited	0.2500	12	0.0000	moderate	limited	limited
Streptococcus criceti	moderate	limited	moderate	limited	limited	limited	limited	limited	limited	limited	limited	NA	limited	limited	0.0909	11	0.0833	moderate	limited	limited
Dyella japonica	moderate	limited	limited	limited	limited	limited	NA	limited	NA	NA	limited	NA	limited	limited	0.0000	8	0.3333	limited	limited	limited
Neisseria oralis	extensive	limited	moderate	moderate	limited	limited	limited	limited	limited	limited	limited	NA	moderate	limited	0.2727	11	0.0833	moderate	limited	limited
Streptomyces vietnamensis	moderate	limited	moderate	limited	limited	NA	limited	limited	limited	NA	limited	limited	moderate	limited	0.2000	10	0.1667	moderate	limited	limited
Pseudomonas guguanensis	limited	NA	limited	limited	limited	limited	NA	limited	limited	limited	limited	limited	limited	limited	0.0000	10	0.1667	limited	limited	limited
Acinetobacter lactucae	NA	limited	limited	NA	limited	limited	limited	limited	limited	NA	NA	limited	limited	limited	0.0000	9	0.2500	limited	limited	limited
Bacillus mobilis	NA	NA	NA	NA	limited	NA	NA	NA	limited	NA	NA	NA	limited	limited	0.0000	3	0.7500	limited	limited	limited
Nocardia veterana	moderate	NA	moderate	limited	limited	limited	limited	limited	limited	NA	limited	NA	moderate	limited	0.2222	9	0.2500	moderate	limited	limited
Pectobacterium versatile	moderate	moderate	moderate	moderate	moderate	moderate	limited	moderate	limited	moderate	extensive	limited	moderate	moderate	0.8333	12	0.0000	extensive	limited	moderate
Pandoraea pulmonicola	moderate	NA	NA	NA	limited	limited	limited	limited	limited	NA	NA	NA	NA	limited	0.0000	5	0.5833	limited	limited	limited
Acidipropionibacterium acidipropionici	extensive	moderate	moderate	moderate	moderate	moderate	limited	moderate	limited	limited	limited	limited	moderate	moderate	0.5833	12	0.0000	moderate	limited	moderate
Streptomyces alfalfae	moderate	limited	moderate	limited	limited	NA	limited	limited	limited	limited	limited	limited	moderate	limited	0.1818	11	0.0833	moderate	limited	limited
Pseudoxanthomonas suwonensis	moderate	limited	moderate	limited	limited	limited	NA	limited	limited	NA	limited	NA	limited	limited	0.1111	9	0.2500	moderate	limited	limited
Pseudoalteromonas marina	moderate	moderate	moderate	limited	moderate	limited	limited	limited	limited	limited	limited	NA	moderate	limited	0.3636	11	0.0833	moderate	limited	limited
Streptomyces cinereoruber	moderate	limited	moderate	moderate	limited	limited	limited	limited	limited	limited	limited	limited	moderate	limited	0.2500	12	0.0000	moderate	limited	limited
Achromobacter insuavis	moderate	limited	moderate	moderate	limited	limited	limited	limited	limited	limited	limited	NA	moderate	limited	0.2727	11	0.0833	moderate	limited	limited
Gluconacetobacter sacchari	moderate	moderate	moderate	moderate	limited	limited	limited	limited	limited	limited	limited	limited	moderate	limited	0.3333	12	0.0000	moderate	limited	limited
Bacillus gaemokensis	limited	NA	NA	NA	limited	limited	NA	limited	limited	NA	NA	NA	NA	limited	0.0000	4	0.6667	limited	limited	limited
Brevibacillus formosus	moderate	limited	moderate	limited	limited	NA	NA	NA	NA	NA	NA	NA	NA	limited	0.2500	4	0.6667	moderate	limited	limited
Bacillus swezeyi	limited	limited	moderate	limited	limited	limited	limited	limited	limited	NA	NA	limited	moderate	limited	0.2000	10	0.1667	moderate	limited	limited
Providencia heimbachae	moderate	limited	moderate	moderate	limited	limited	NA	limited	limited	moderate	NA	limited	moderate	limited	0.4000	10	0.1667	moderate	limited	limited
Bacillus stercoris	NA	NA	NA	NA	NA	limited	NA	NA	limited	NA	NA	NA	NA	NA	nan	2	0.8333			
Marinobacter lipolyticus	moderate	limited	moderate	moderate	moderate	limited	NA	limited	limited	NA	NA	limited	moderate	limited	0.4444	9	0.2500	moderate	limited	limited
Pediococcus inopinatus	moderate	limited	limited	limited	limited	limited	NA	limited	limited	NA	limited	limited	limited	limited	0.0000	10	0.1667	limited	limited	limited
Neisseria canis	moderate	limited	moderate	limited	limited	limited	limited	limited	NA	limited	limited	limited	limited	limited	0.0909	11	0.0833	moderate	limited	limited
Vibrio gigantis	moderate	NA	moderate	NA	limited	limited	limited	limited	limited	limited	limited	NA	limited	limited	0.1111	9	0.2500	moderate	limited	limited
Rhizobium pisi	extensive	moderate	moderate	moderate	limited	limited	limited	limited	limited	moderate	limited	limited	moderate	limited	0.4167	12	0.0000	moderate	limited	limited
Streptomyces pseudogriseolus	moderate	limited	limited	limited	limited	limited	limited	limited	limited	limited	limited	limited	moderate	limited	0.0833	12	0.0000	moderate	limited	limited
Eubacterium callanderi	moderate	NA	moderate	limited	limited	limited	NA	limited	limited	NA	NA	limited	limited	limited	0.1250	8	0.3333	moderate	limited	limited
Nitrospirillum amazonense	moderate	limited	NA	limited	limited	NA	NA	limited	NA	NA	NA	NA	moderate	limited	0.2000	5	0.5833	moderate	limited	limited
Rhodococcus zopfii	moderate	limited	moderate	limited	limited	limited	limited	limited	limited	limited	limited	limited	moderate	limited	0.1667	12	0.0000	moderate	limited	limited
Pantoea cypripedii	NA	NA	NA	NA	NA	NA	limited	limited	NA	NA	NA	NA	limited	limited	0.0000	3	0.7500	limited	limited	limited
Pseudoalteromonas nigrifaciens	moderate	moderate	moderate	moderate	limited	limited	limited	limited	limited	limited	limited	limited	moderate	limited	0.3333	12	0.0000	moderate	limited	limited
Streptomyces tuirus	moderate	limited	moderate	limited	limited	limited	limited	limited	limited	NA	limited	limited	moderate	limited	0.1818	11	0.0833	moderate	limited	limited
Nonomuraea gerenzanensis	extensive	NA	moderate	limited	limited	limited	NA	limited	NA	NA	limited	limited	limited	limited	0.1250	8	0.3333	moderate	limited	limited
Streptococcus hyointestinalis	extensive	limited	moderate	limited	limited	limited	limited	limited	limited	limited	limited	limited	moderate	limited	0.1667	12	0.0000	moderate	limited	limited
Streptomyces caniferus	extensive	limited	limited	limited	limited	limited	limited	limited	limited	limited	limited	limited	moderate	limited	0.0833	12	0.0000	moderate	limited	limited
Streptomyces wedmorensis	moderate	limited	limited	limited	limited	limited	limited	limited	limited	limited	limited	limited	moderate	limited	0.0833	12	0.0000	moderate	limited	limited
Suttonella ornithocola	moderate	NA	moderate	limited	limited	limited	moderate	limited	limited	moderate	NA	NA	limited	limited	0.3333	9	0.2500	moderate	limited	limited
Corynebacterium falsenii	moderate	NA	moderate	limited	limited	limited	limited	limited	limited	limited	limited	limited	limited	limited	0.0909	11	0.0833	moderate	limited	limited
Pseudoalteromonas phenolica	moderate	moderate	moderate	moderate	limited	moderate	limited	limited	limited	limited	NA	NA	moderate	moderate	0.5000	10	0.1667	moderate	limited	moderate
Streptomyces aureoverticillatus	moderate	limited	limited	moderate	limited	limited	limited	limited	limited	limited	limited	limited	moderate	limited	0.1667	12	0.0000	moderate	limited	limited
Bifidobacterium choerinum	moderate	limited	moderate	limited	limited	limited	limited	limited	limited	limited	limited	limited	moderate	limited	0.1667	12	0.0000	moderate	limited	limited
Fervidobacterium pennivorans	moderate	limited	moderate	moderate	moderate	limited	limited	limited	limited	NA	NA	limited	moderate	limited	0.4000	10	0.1667	moderate	limited	limited
Xanthomonas hyacinthi	extensive	moderate	moderate	moderate	moderate	moderate	limited	limited	limited	moderate	moderate	limited	moderate	moderate	0.6667	12	0.0000	moderate	limited	moderate
Streptomyces echinatus	moderate	limited	moderate	limited	limited	limited	limited	limited	limited	limited	limited	limited	moderate	limited	0.1667	12	0.0000	moderate	limited	limited
Streptomyces rameus	moderate	limited	moderate	moderate	limited	limited	limited	limited	limited	limited	limited	limited	moderate	limited	0.2500	12	0.0000	moderate	limited	limited
Paenibacillus lentus	moderate	limited	moderate	limited	limited	limited	limited	limited	limited	NA	limited	limited	moderate	limited	0.1818	11	0.0833	moderate	limited	limited
Pseudoalteromonas elyakovii	moderate	moderate	moderate	moderate	moderate	moderate	limited	limited	limited	limited	limited	limited	moderate	moderate	0.5000	12	0.0000	moderate	limited	moderate
Streptomyces gancidicus	moderate	limited	moderate	moderate	limited	limited	limited	limited	limited	limited	limited	limited	moderate	limited	0.2500	12	0.0000	moderate	limited	limited
Komagataeibacter nataicola	extensive	limited	moderate	moderate	moderate	moderate	NA	limited	limited	limited	limited	limited	moderate	limited	0.4545	11	0.0833	moderate	limited	limited
Rickettsia hoogstraalii	moderate	limited	moderate	limited	moderate	limited	limited	limited	limited	moderate	limited	NA	moderate	limited	0.3636	11	0.0833	moderate	limited	limited
Streptomyces pulveraceus	limited	limited	limited	limited	limited	NA	NA	limited	limited	NA	limited	NA	limited	limited	0.0000	8	0.3333	limited	limited	limited
Paenibacillus brasilensis	moderate	NA	moderate	limited	limited	limited	limited	limited	limited	NA	limited	limited	moderate	limited	0.2000	10	0.1667	moderate	limited	limited
[Pseudomonas] zhaodongensis	NA	NA	NA	NA	NA	NA	NA	NA	NA	NA	NA	NA	limited	NA	nan	1	0.9167			
Microbacterium flavescens	moderate	limited	moderate	limited	limited	limited	limited	limited	limited	limited	limited	limited	moderate	limited	0.1667	12	0.0000	moderate	limited	limited
Pantoea anthophila	moderate	NA	moderate	limited	limited	limited	limited	limited	limited	NA	limited	limited	limited	limited	0.1000	10	0.1667	moderate	limited	limited
Micromonospora lupini	moderate	limited	moderate	limited	limited	limited	limited	limited	limited	NA	limited	limited	moderate	limited	0.1818	11	0.0833	moderate	limited	limited
Corynebacterium freneyi	moderate	limited	moderate	moderate	limited	limited	limited	limited	limited	limited	limited	limited	moderate	limited	0.2500	12	0.0000	moderate	limited	limited
Actinomyces johnsonii	moderate	NA	moderate	limited	limited	limited	NA	NA	NA	NA	NA	limited	limited	limited	0.1667	6	0.5000	moderate	limited	limited
Streptomyces resistomycificus	extensive	limited	limited	moderate	limited	limited	limited	limited	limited	limited	limited	limited	moderate	limited	0.1667	12	0.0000	moderate	limited	limited
Streptomyces thermodiastaticus	moderate	limited	moderate	moderate	limited	limited	limited	limited	limited	limited	limited	NA	moderate	limited	0.2727	11	0.0833	moderate	limited	limited
Vibrio sinaloensis	limited	NA	NA	NA	limited	NA	NA	limited	limited	limited	NA	NA	NA	limited	0.0000	4	0.6667	limited	limited	limited
Lachnoclostridium phytofermentans	extensive	moderate	moderate	moderate	moderate	limited	limited	limited	NA	limited	NA	moderate	moderate	moderate	0.6000	10	0.1667	moderate	limited	moderate
Aeromonas popoffii	moderate	limited	moderate	limited	limited	limited	limited	limited	limited	limited	limited	limited	moderate	limited	0.1667	12	0.0000	moderate	limited	limited
Vibrio metoecus	moderate	moderate	moderate	moderate	moderate	limited	limited	limited	limited	moderate	limited	NA	moderate	moderate	0.5455	11	0.0833	moderate	limited	moderate
Streptomyces arenae	moderate	limited	moderate	moderate	limited	limited	limited	limited	limited	limited	limited	limited	moderate	limited	0.2500	12	0.0000	moderate	limited	limited
Kosakonia arachidis	moderate	moderate	moderate	moderate	limited	limited	NA	limited	limited	moderate	limited	limited	moderate	limited	0.4545	11	0.0833	moderate	limited	limited
Streptomyces europaeiscabiei	moderate	limited	limited	moderate	limited	limited	limited	limited	limited	limited	moderate	NA	moderate	limited	0.2727	11	0.0833	moderate	limited	limited
Saccharomonospora azurea	moderate	limited	moderate	limited	limited	NA	NA	limited	NA	NA	NA	limited	limited	limited	0.1429	7	0.4167	moderate	limited	limited
Paraburkholderia graminis	moderate	limited	moderate	limited	limited	limited	limited	limited	limited	NA	limited	NA	moderate	limited	0.2000	10	0.1667	moderate	limited	limited
Staphylococcus muscae	NA	limited	NA	NA	limited	NA	limited	limited	limited	NA	NA	limited	limited	limited	0.0000	7	0.4167	limited	limited	limited
Amycolatopsis rifamycinica	extensive	NA	NA	limited	limited	NA	NA	NA	NA	NA	NA	limited	NA	limited	0.0000	3	0.7500	limited	limited	limited
Aeromonas eucrenophila	moderate	moderate	moderate	moderate	limited	limited	limited	limited	limited	limited	limited	limited	moderate	limited	0.3333	12	0.0000	moderate	limited	limited
Streptomyces humidus	moderate	limited	moderate	moderate	limited	NA	limited	limited	limited	limited	limited	limited	moderate	limited	0.2727	11	0.0833	moderate	limited	limited
Mycobacterium marseillense	moderate	limited	limited	limited	limited	limited	limited	limited	limited	NA	NA	limited	limited	limited	0.0000	10	0.1667	limited	limited	limited
Streptomyces levis	extensive	limited	moderate	moderate	limited	limited	limited	limited	limited	limited	limited	limited	moderate	limited	0.2500	12	0.0000	moderate	limited	limited
Clostridium isatidis	extensive	NA	moderate	limited	NA	NA	limited	limited	limited	limited	NA	limited	limited	limited	0.1250	8	0.3333	moderate	limited	limited
Flavobacterium covae	moderate	NA	moderate	limited	limited	limited	moderate	limited	limited	moderate	limited	NA	moderate	limited	0.4000	10	0.1667	moderate	limited	limited
Pantoea eucrina	moderate	limited	moderate	limited	limited	limited	limited	limited	limited	limited	limited	NA	limited	limited	0.0909	11	0.0833	moderate	limited	limited
Erwinia aphidicola	limited	NA	moderate	NA	limited	limited	limited	limited	NA	NA	limited	NA	NA	limited	0.1667	6	0.5000	moderate	limited	limited
Bacillus manliponensis	NA	NA	NA	NA	NA	NA	NA	NA	NA	NA	NA	NA	NA	NA	nan	0	1.0000			
Azospirillum thiophilum	moderate	limited	moderate	NA	limited	limited	limited	limited	limited	limited	limited	NA	moderate	limited	0.2000	10	0.1667	moderate	limited	limited
Streptomyces auratus	extensive	limited	moderate	moderate	limited	limited	limited	limited	limited	limited	limited	limited	moderate	limited	0.2500	12	0.0000	moderate	limited	limited
Komagataeibacter oboediens	moderate	limited	moderate	moderate	limited	moderate	limited	limited	limited	limited	limited	limited	moderate	limited	0.3333	12	0.0000	moderate	limited	limited
Amycolatopsis keratiniphila	moderate	NA	NA	NA	limited	NA	NA	NA	NA	NA	NA	NA	NA	NA	nan	1	0.9167			
Microbacterium trichothecenolyticum	moderate	limited	moderate	limited	limited	limited	limited	limited	limited	limited	limited	limited	moderate	limited	0.1667	12	0.0000	moderate	limited	limited
Streptomyces filamentosus	moderate	limited	moderate	limited	limited	NA	NA	limited	limited	limited	limited	limited	limited	limited	0.1000	10	0.1667	moderate	limited	limited
Streptomyces lunaelactis	moderate	limited	moderate	moderate	limited	NA	limited	limited	limited	limited	limited	NA	moderate	limited	0.3000	10	0.1667	moderate	limited	limited
Rickettsia tamurae	moderate	limited	moderate	limited	limited	limited	limited	limited	limited	moderate	limited	limited	moderate	limited	0.2500	12	0.0000	moderate	limited	limited
Rhizobium favelukesii	moderate	moderate	moderate	moderate	moderate	moderate	limited	limited	limited	moderate	limited	limited	moderate	moderate	0.5833	12	0.0000	moderate	limited	moderate
Staphylococcus devriesei	NA	limited	NA	NA	limited	limited	NA	limited	NA	limited	NA	limited	limited	limited	0.0000	7	0.4167	limited	limited	limited
Corynebacterium auriscanis	NA	NA	NA	NA	limited	NA	limited	NA	NA	NA	NA	limited	limited	limited	0.0000	4	0.6667	limited	limited	limited
Collinsella intestinalis	moderate	limited	moderate	limited	limited	limited	limited	limited	limited	limited	NA	limited	limited	limited	0.0909	11	0.0833	moderate	limited	limited
Nocardia iowensis	limited	NA	moderate	NA	limited	limited	NA	limited	NA	NA	limited	NA	limited	limited	0.1667	6	0.5000	moderate	limited	limited
Kocuria polaris	moderate	NA	moderate	limited	limited	limited	limited	limited	limited	NA	NA	limited	limited	limited	0.1111	9	0.2500	moderate	limited	limited
Nitrobacter vulgaris	extensive	NA	NA	NA	limited	NA	NA	limited	limited	limited	limited	limited	limited	limited	0.0000	7	0.4167	limited	limited	limited
Streptomyces althioticus	moderate	limited	moderate	limited	limited	limited	limited	limited	limited	limited	limited	limited	moderate	limited	0.1667	12	0.0000	moderate	limited	limited
Mannheimia glucosida	NA	NA	NA	NA	limited	limited	limited	limited	limited	limited	limited	NA	NA	limited	0.0000	7	0.4167	limited	limited	limited
Streptomyces spiroverticillatus	moderate	limited	limited	limited	limited	limited	limited	limited	limited	limited	limited	limited	moderate	limited	0.0833	12	0.0000	moderate	limited	limited
Streptomyces roseolus	moderate	limited	moderate	limited	limited	NA	NA	limited	limited	NA	limited	limited	moderate	limited	0.2222	9	0.2500	moderate	limited	limited
Pseudomonas silesiensis	moderate	limited	limited	NA	limited	limited	limited	limited	limited	NA	limited	limited	limited	limited	0.0000	10	0.1667	limited	limited	limited
Streptomyces albospinus	moderate	limited	moderate	limited	limited	limited	limited	limited	limited	limited	limited	limited	moderate	limited	0.1667	12	0.0000	moderate	limited	limited
Legionella parisiensis	moderate	limited	NA	NA	limited	limited	NA	limited	limited	limited	NA	NA	limited	limited	0.0000	7	0.4167	limited	limited	limited
Microbacterium resistens	moderate	limited	moderate	limited	limited	limited	limited	limited	limited	limited	limited	limited	moderate	limited	0.1667	12	0.0000	moderate	limited	limited
Nocardiopsis prasina	moderate	limited	moderate	limited	limited	limited	limited	limited	NA	limited	limited	NA	moderate	limited	0.2000	10	0.1667	moderate	limited	limited
Collimonas pratensis	moderate	NA	NA	NA	limited	NA	NA	limited	NA	NA	limited	NA	limited	limited	0.0000	4	0.6667	limited	limited	limited
Rhizobium grahamii	moderate	moderate	moderate	moderate	limited	limited	limited	limited	limited	moderate	limited	limited	moderate	limited	0.4167	12	0.0000	moderate	limited	limited
Bradyrhizobium lupini	moderate	moderate	moderate	moderate	moderate	moderate	limited	moderate	limited	moderate	limited	limited	moderate	moderate	0.6667	12	0.0000	moderate	limited	moderate
Psychrobacter faecalis	limited	limited	moderate	limited	limited	limited	limited	limited	limited	NA	limited	limited	moderate	limited	0.1818	11	0.0833	moderate	limited	limited
Aeromonas molluscorum	moderate	moderate	moderate	limited	limited	limited	limited	limited	limited	limited	limited	limited	moderate	limited	0.2500	12	0.0000	moderate	limited	limited
Listeria marthii	extensive	moderate	moderate	moderate	limited	limited	limited	limited	limited	limited	limited	limited	moderate	limited	0.3333	12	0.0000	moderate	limited	limited
Gluconacetobacter entanii	moderate	NA	moderate	NA	moderate	NA	NA	limited	NA	NA	limited	NA	limited	limited	0.4000	5	0.5833	moderate	limited	limited
Franconibacter pulveris	limited	NA	NA	NA	limited	limited	NA	limited	limited	NA	NA	NA	NA	limited	0.0000	4	0.6667	limited	limited	limited
Streptococcus parasuis	NA	limited	NA	limited	limited	limited	NA	limited	limited	limited	NA	NA	limited	limited	0.0000	8	0.3333	limited	limited	limited
Clostridium puniceum	NA	NA	moderate	limited	limited	NA	NA	limited	NA	NA	NA	limited	limited	limited	0.1667	6	0.5000	moderate	limited	limited
Streptomyces vinaceusdrappus	moderate	limited	limited	limited	limited	NA	NA	limited	limited	limited	limited	limited	moderate	limited	0.1000	10	0.1667	moderate	limited	limited
Pseudomonas weihenstephanensis	extensive	moderate	moderate	moderate	moderate	limited	limited	limited	limited	limited	limited	limited	moderate	limited	0.4167	12	0.0000	moderate	limited	limited
Achromobacter marplatensis	moderate	limited	moderate	limited	limited	limited	limited	limited	limited	NA	limited	NA	moderate	limited	0.2000	10	0.1667	moderate	limited	limited
Gordonia westfalica	moderate	NA	moderate	NA	limited	limited	NA	limited	NA	NA	NA	NA	limited	limited	0.2000	5	0.5833	moderate	limited	limited
Arcanobacterium phocae	moderate	limited	moderate	moderate	moderate	limited	moderate	moderate	limited	moderate	NA	NA	moderate	moderate	0.7000	10	0.1667	moderate	limited	moderate
Rummeliibacillus stabekisii	limited	NA	NA	NA	limited	NA	NA	limited	NA	limited	NA	NA	limited	limited	0.0000	4	0.6667	limited	limited	limited
Staphylococcus edaphicus	NA	limited	NA	NA	limited	NA	NA	limited	NA	NA	NA	limited	limited	limited	0.0000	5	0.5833	limited	limited	limited
Pseudescherichia vulneris	moderate	limited	NA	NA	NA	limited	limited	limited	limited	NA	NA	NA	NA	limited	0.0000	5	0.5833	limited	limited	limited
Weissella ceti	moderate	moderate	moderate	limited	limited	limited	moderate	limited	limited	limited	limited	limited	moderate	limited	0.3333	12	0.0000	moderate	limited	limited
Vibrio rumoiensis	limited	NA	NA	NA	limited	NA	NA	limited	NA	NA	NA	NA	limited	limited	0.0000	3	0.7500	limited	limited	limited
Pseudoalteromonas antarctica	extensive	moderate	moderate	moderate	extensive	moderate	limited	limited	NA	limited	limited	limited	moderate	moderate	0.6364	11	0.0833	extensive	limited	moderate
Streptomyces flaveolus	moderate	limited	limited	limited	limited	NA	limited	limited	limited	NA	limited	limited	limited	limited	0.0000	10	0.1667	limited	limited	limited
Pantoea septica	moderate	NA	moderate	NA	limited	limited	limited	limited	limited	NA	limited	limited	limited	limited	0.1111	9	0.2500	moderate	limited	limited
Bifidobacterium pullorum	moderate	limited	moderate	limited	limited	limited	limited	limited	limited	NA	NA	limited	limited	limited	0.1000	10	0.1667	moderate	limited	limited
Streptomyces albaduncus	moderate	limited	limited	limited	limited	limited	limited	limited	limited	limited	limited	limited	limited	limited	0.0000	12	0.0000	limited	limited	limited
Streptomyces tauricus	moderate	limited	moderate	moderate	limited	limited	limited	limited	limited	NA	limited	limited	moderate	limited	0.2727	11	0.0833	moderate	limited	limited
Flavobacterium frigoris	moderate	moderate	moderate	moderate	moderate	limited	limited	limited	limited	NA	limited	limited	moderate	limited	0.4545	11	0.0833	moderate	limited	limited
Nevskia ramosa	moderate	moderate	moderate	limited	limited	limited	NA	limited	limited	NA	NA	NA	moderate	limited	0.3750	8	0.3333	moderate	limited	limited
Algoriphagus machipongonensis	moderate	NA	moderate	limited	limited	limited	NA	limited	limited	NA	NA	NA	moderate	limited	0.2857	7	0.4167	moderate	limited	limited
Myxococcus virescens	moderate	NA	moderate	NA	limited	limited	NA	limited	limited	limited	limited	NA	moderate	limited	0.2500	8	0.3333	moderate	limited	limited
Pseudomonas punonensis	NA	NA	limited	NA	limited	NA	NA	limited	limited	limited	limited	limited	limited	limited	0.0000	8	0.3333	limited	limited	limited
Corynebacterium pyruviciproducens	NA	limited	moderate	limited	limited	NA	limited	limited	limited	limited	NA	limited	limited	limited	0.1000	10	0.1667	moderate	limited	limited
Flavobacterium succinicans	moderate	limited	limited	limited	limited	limited	limited	limited	limited	NA	limited	limited	moderate	limited	0.0909	11	0.0833	moderate	limited	limited
Streptomyces thinghirensis	NA	limited	limited	NA	NA	limited	NA	limited	limited	NA	limited	NA	NA	limited	0.0000	6	0.5000	limited	limited	limited
Streptomyces stelliscabiei	moderate	limited	moderate	limited	limited	limited	limited	limited	limited	limited	moderate	limited	limited	limited	0.1667	12	0.0000	moderate	limited	limited
Prevotella micans	moderate	limited	moderate	limited	limited	limited	limited	limited	limited	limited	NA	limited	limited	limited	0.0909	11	0.0833	moderate	limited	limited
Rhizobium mesoamericanum	moderate	limited	moderate	moderate	moderate	limited	limited	limited	limited	moderate	limited	NA	moderate	limited	0.4545	11	0.0833	moderate	limited	limited
Corynebacterium pseudogenitalium	NA	NA	NA	NA	limited	limited	NA	limited	limited	NA	NA	limited	NA	limited	0.0000	5	0.5833	limited	limited	limited
Vibrio halioticoli	limited	NA	NA	moderate	limited	limited	NA	limited	limited	moderate	NA	NA	moderate	limited	0.4286	7	0.4167	moderate	limited	limited
Burkholderia stagnalis	extensive	NA	moderate	NA	limited	NA	NA	NA	NA	NA	NA	NA	limited	limited	0.3333	3	0.7500	moderate	limited	limited
Streptomyces sanglieri	NA	limited	limited	limited	limited	limited	limited	limited	limited	NA	limited	NA	limited	limited	0.0000	10	0.1667	limited	limited	limited
Methanosarcina siciliae	moderate	NA	NA	NA	limited	NA	NA	limited	NA	NA	NA	NA	NA	NA	nan	2	0.8333			
Streptomyces matensis	moderate	limited	moderate	limited	limited	NA	NA	limited	limited	NA	limited	limited	limited	limited	0.1111	9	0.2500	moderate	limited	limited
Streptomyces sclerotialus	moderate	limited	moderate	limited	limited	limited	limited	limited	limited	limited	limited	limited	moderate	limited	0.1667	12	0.0000	moderate	limited	limited
Microbacterium hominis	moderate	limited	moderate	limited	limited	limited	limited	limited	limited	NA	limited	limited	limited	limited	0.0909	11	0.0833	moderate	limited	limited
Bordetella pseudohinzii	moderate	moderate	moderate	limited	moderate	limited	limited	limited	limited	moderate	NA	limited	moderate	limited	0.4545	11	0.0833	moderate	limited	limited
Streptomyces termitum	moderate	NA	limited	limited	limited	limited	limited	limited	NA	NA	limited	NA	moderate	limited	0.1250	8	0.3333	moderate	limited	limited
Streptomyces tricolor	moderate	limited	moderate	moderate	limited	limited	limited	limited	limited	limited	limited	limited	moderate	limited	0.2500	12	0.0000	moderate	limited	limited
Bifidobacterium boum	moderate	limited	moderate	limited	limited	NA	limited	limited	limited	limited	limited	limited	moderate	limited	0.1818	11	0.0833	moderate	limited	limited
Aeromonas taiwanensis	moderate	NA	moderate	NA	limited	limited	NA	limited	NA	NA	limited	NA	moderate	limited	0.3333	6	0.5000	moderate	limited	limited
Nocardia paucivorans	moderate	limited	moderate	moderate	limited	limited	limited	moderate	limited	limited	limited	limited	moderate	limited	0.3333	12	0.0000	moderate	limited	limited
Streptomyces labedae	moderate	limited	limited	limited	limited	limited	limited	limited	limited	limited	limited	limited	moderate	limited	0.0833	12	0.0000	moderate	limited	limited
Terriglobus roseus	moderate	limited	moderate	moderate	limited	NA	NA	limited	NA	NA	NA	NA	moderate	moderate	0.5000	6	0.5000	moderate	limited	limited
Mycobacterium shottsii	extensive	limited	limited	limited	moderate	limited	limited	limited	limited	limited	NA	limited	limited	limited	0.0909	11	0.0833	moderate	limited	limited
Streptomyces rubrogriseus	extensive	limited	moderate	moderate	limited	limited	limited	limited	limited	limited	limited	limited	moderate	limited	0.2500	12	0.0000	moderate	limited	limited
Streptomyces sanyensis	moderate	NA	limited	NA	limited	limited	limited	limited	limited	limited	limited	NA	limited	limited	0.0000	9	0.2500	limited	limited	limited
Streptomyces djakartensis	extensive	limited	moderate	moderate	limited	limited	limited	limited	limited	limited	limited	limited	moderate	limited	0.2500	12	0.0000	moderate	limited	limited
Streptococcus danieliae	NA	NA	moderate	NA	limited	NA	NA	limited	NA	NA	NA	NA	limited	limited	0.2500	4	0.6667	moderate	limited	limited
Pseudomonas asturiensis	NA	NA	limited	NA	NA	NA	NA	limited	limited	NA	NA	limited	limited	limited	0.0000	5	0.5833	limited	limited	limited
Xenorhabdus indica	moderate	moderate	moderate	limited	moderate	limited	limited	limited	limited	moderate	limited	limited	moderate	limited	0.4167	12	0.0000	moderate	limited	limited
Streptomyces pseudovenezuelae	extensive	moderate	moderate	moderate	moderate	moderate	limited	limited	limited	limited	limited	limited	moderate	moderate	0.5000	12	0.0000	moderate	limited	moderate
Bradyrhizobium vignae	moderate	moderate	moderate	moderate	limited	moderate	limited	limited	NA	moderate	limited	NA	moderate	moderate	0.6000	10	0.1667	moderate	limited	moderate
Acidithiobacillus ferridurans	extensive	moderate	moderate	moderate	moderate	moderate	limited	moderate	limited	limited	limited	limited	moderate	moderate	0.5833	12	0.0000	moderate	limited	moderate
Streptomyces omiyaensis	extensive	limited	moderate	moderate	limited	limited	limited	limited	limited	limited	limited	limited	moderate	limited	0.2500	12	0.0000	moderate	limited	limited
Streptomyces monomycini	moderate	limited	moderate	limited	limited	limited	limited	limited	limited	limited	limited	limited	moderate	limited	0.1667	12	0.0000	moderate	limited	limited
Xenorhabdus poinarii	moderate	moderate	moderate	limited	limited	limited	limited	limited	limited	moderate	limited	limited	moderate	limited	0.3333	12	0.0000	moderate	limited	limited
Streptomyces zaomyceticus	moderate	limited	limited	limited	limited	limited	limited	limited	NA	limited	limited	limited	moderate	limited	0.0909	11	0.0833	moderate	limited	limited
Pseudaminobacter salicylatoxidans	limited	NA	NA	NA	NA	NA	NA	limited	limited	NA	limited	NA	limited	limited	0.0000	4	0.6667	limited	limited	limited
Vagococcus lutrae	moderate	limited	limited	limited	limited	limited	limited	limited	limited	moderate	NA	NA	limited	limited	0.1000	10	0.1667	moderate	limited	limited
Flavobacterium pectinovorum	moderate	limited	moderate	limited	limited	limited	limited	limited	limited	limited	limited	limited	moderate	limited	0.1667	12	0.0000	moderate	limited	limited
Halococcus thailandensis	NA	NA	NA	NA	moderate	NA	NA	NA	NA	NA	NA	NA	NA	NA	nan	1	0.9167			
Rahnella aceris	moderate	NA	limited	NA	limited	NA	NA	limited	NA	NA	limited	limited	limited	limited	0.0000	6	0.5000	limited	limited	limited
Methylotuvimicrobium buryatense	extensive	moderate	NA	moderate	moderate	moderate	limited	limited	limited	limited	limited	limited	moderate	limited	0.4545	11	0.0833	moderate	limited	limited
Pantoea brenneri	limited	NA	NA	NA	NA	NA	NA	limited	limited	NA	limited	NA	NA	limited	0.0000	3	0.7500	limited	limited	limited
Pseudomonas benzenivorans	moderate	NA	limited	moderate	limited	NA	limited	limited	limited	NA	limited	limited	moderate	limited	0.2222	9	0.2500	moderate	limited	limited
Ruthenibacterium lactatiformans	limited	NA	NA	NA	limited	NA	NA	limited	limited	NA	NA	NA	NA	limited	0.0000	3	0.7500	limited	limited	limited
Sporolactobacillus laevolacticus	moderate	limited	moderate	limited	limited	limited	limited	limited	limited	limited	limited	limited	moderate	limited	0.1667	12	0.0000	moderate	limited	limited
Vibrio chagasii	moderate	moderate	moderate	moderate	limited	limited	limited	limited	limited	limited	limited	NA	moderate	limited	0.3636	11	0.0833	moderate	limited	limited
Mycobacterium paraffinicum	extensive	limited	limited	limited	limited	limited	limited	limited	limited	NA	NA	limited	limited	limited	0.0000	10	0.1667	limited	limited	limited
Catellicoccus marimammalium	moderate	limited	moderate	limited	limited	limited	limited	limited	limited	moderate	NA	NA	limited	limited	0.2000	10	0.1667	moderate	limited	limited
Pseudomonas panipatensis	moderate	NA	NA	NA	limited	NA	NA	limited	NA	NA	NA	limited	NA	limited	0.0000	3	0.7500	limited	limited	limited
Devriesea agamarum	moderate	limited	moderate	limited	limited	limited	moderate	limited	limited	moderate	NA	limited	limited	limited	0.2727	11	0.0833	moderate	limited	limited
Streptomyces luteogriseus	moderate	limited	limited	limited	limited	limited	limited	limited	limited	limited	limited	limited	moderate	limited	0.0833	12	0.0000	moderate	limited	limited
Leptospira alexanderi	moderate	moderate	limited	limited	limited	limited	moderate	limited	limited	moderate	limited	NA	moderate	limited	0.3636	11	0.0833	moderate	limited	limited
Pseudoalteromonas ruthenica	moderate	limited	moderate	limited	limited	limited	limited	limited	limited	limited	limited	NA	limited	limited	0.0909	11	0.0833	moderate	limited	limited
Echinicola vietnamensis	moderate	limited	NA	limited	limited	NA	NA	limited	NA	NA	NA	NA	limited	limited	0.0000	5	0.5833	limited	limited	limited
Rahnella victoriana	NA	NA	NA	NA	limited	NA	NA	limited	limited	NA	limited	NA	limited	limited	0.0000	5	0.5833	limited	limited	limited
Streptomyces showdoensis	moderate	limited	moderate	limited	limited	limited	NA	limited	limited	limited	limited	limited	moderate	limited	0.1818	11	0.0833	moderate	limited	limited
Aquitalea magnusonii	moderate	NA	NA	NA	NA	NA	NA	limited	limited	NA	NA	NA	NA	NA	nan	2	0.8333			
Sphingomonas desiccabilis	moderate	moderate	limited	moderate	moderate	moderate	NA	limited	NA	NA	limited	limited	moderate	moderate	0.5556	9	0.2500	moderate	limited	moderate
Collimonas arenae	moderate	NA	NA	limited	limited	limited	NA	limited	limited	limited	limited	NA	limited	limited	0.0000	8	0.3333	limited	limited	limited
Enterocloster clostridioformis	moderate	limited	moderate	moderate	limited	limited	limited	limited	limited	limited	limited	limited	moderate	limited	0.2500	12	0.0000	moderate	limited	limited
Streptomyces decoyicus	moderate	limited	moderate	limited	limited	NA	limited	limited	NA	limited	limited	limited	moderate	limited	0.2000	10	0.1667	moderate	limited	limited
Corynebacterium rouxii	NA	NA	NA	NA	limited	limited	NA	limited	limited	NA	NA	limited	limited	limited	0.0000	6	0.5000	limited	limited	limited
Bacillus canaveralius	NA	limited	moderate	limited	limited	limited	NA	limited	limited	NA	limited	limited	limited	limited	0.1000	10	0.1667	moderate	limited	limited
Helicobacter salomonis	moderate	moderate	NA	NA	limited	limited	limited	limited	limited	moderate	NA	NA	moderate	limited	0.3750	8	0.3333	moderate	limited	limited
Halorubrum tebenquichense	limited	limited	NA	limited	limited	NA	NA	limited	NA	NA	NA	NA	NA	limited	0.0000	4	0.6667	limited	limited	limited
Pseudomonas alloputida	extensive	moderate	moderate	moderate	moderate	moderate	limited	moderate	limited	limited	limited	limited	moderate	moderate	0.5833	12	0.0000	moderate	limited	moderate
Mycobacterium riyadhense	moderate	limited	limited	moderate	moderate	limited	moderate	moderate	limited	limited	NA	limited	limited	limited	0.3636	11	0.0833	moderate	limited	limited
Achromobacter aegrifaciens	moderate	limited	limited	NA	limited	limited	NA	limited	limited	limited	limited	NA	limited	limited	0.0000	9	0.2500	limited	limited	limited
Gluconobacter albidus	moderate	limited	limited	limited	limited	limited	limited	limited	limited	limited	limited	NA	limited	limited	0.0000	11	0.0833	limited	limited	limited
Pseudopedobacter saltans	moderate	moderate	moderate	limited	limited	limited	limited	limited	limited	limited	NA	NA	moderate	limited	0.3000	10	0.1667	moderate	limited	limited
Klebsiella pasteurii	NA	NA	moderate	limited	limited	NA	NA	NA	limited	NA	NA	limited	limited	limited	0.1667	6	0.5000	moderate	limited	limited
Vibrio navarrensis	moderate	moderate	moderate	moderate	limited	limited	limited	limited	limited	NA	limited	NA	moderate	limited	0.4000	10	0.1667	moderate	limited	limited
Dokdonia donghaensis	moderate	moderate	moderate	moderate	moderate	limited	NA	limited	limited	limited	NA	NA	moderate	moderate	0.5556	9	0.2500	moderate	limited	moderate
Rhizobium freirei	moderate	moderate	moderate	moderate	limited	limited	limited	limited	limited	moderate	limited	NA	moderate	limited	0.4545	11	0.0833	moderate	limited	limited
Hoeflea phototrophica	moderate	NA	NA	NA	limited	NA	NA	limited	NA	NA	NA	NA	NA	NA	nan	2	0.8333			
Streptomyces fragilis	extensive	limited	moderate	moderate	limited	limited	limited	limited	limited	limited	limited	limited	moderate	limited	0.2500	12	0.0000	moderate	limited	limited
Geobacillus vulcani	extensive	moderate	moderate	moderate	moderate	limited	limited	moderate	limited	NA	limited	moderate	moderate	moderate	0.6364	11	0.0833	moderate	limited	moderate
Brevibacillus invocatus	limited	NA	NA	NA	NA	NA	NA	limited	NA	NA	NA	NA	NA	NA	nan	1	0.9167			
Pectobacterium polaris	moderate	NA	moderate	NA	limited	NA	limited	limited	limited	NA	NA	limited	limited	limited	0.1429	7	0.4167	moderate	limited	limited
Lacticaseibacillus zeae	moderate	limited	moderate	limited	limited	limited	limited	limited	limited	limited	limited	limited	moderate	limited	0.1667	12	0.0000	moderate	limited	limited
Thermoclostridium stercorarium	moderate	limited	moderate	moderate	moderate	NA	NA	limited	limited	limited	NA	limited	moderate	limited	0.4444	9	0.2500	moderate	limited	limited
Clostridium carnis	moderate	NA	moderate	limited	limited	limited	limited	limited	limited	NA	NA	limited	moderate	limited	0.2222	9	0.2500	moderate	limited	limited
Streptomyces spinoverrucosus	moderate	limited	moderate	limited	limited	limited	limited	limited	limited	limited	limited	limited	moderate	limited	0.1667	12	0.0000	moderate	limited	limited
Pseudoalteromonas shioyasakiensis	moderate	limited	moderate	limited	limited	limited	limited	limited	limited	limited	limited	limited	limited	limited	0.0833	12	0.0000	moderate	limited	limited
Mycobacterium shinjukuense	limited	limited	limited	NA	limited	NA	NA	limited	NA	NA	NA	limited	limited	limited	0.0000	6	0.5000	limited	limited	limited
Haloferax larsenii	moderate	moderate	NA	moderate	moderate	limited	NA	limited	limited	limited	NA	NA	moderate	moderate	0.5000	8	0.3333	moderate	limited	moderate
Pseudoalteromonas issachenkonii	moderate	limited	moderate	limited	limited	limited	limited	limited	limited	limited	limited	limited	limited	limited	0.0833	12	0.0000	moderate	limited	limited
Corynebacterium testudinoris	NA	NA	NA	NA	limited	NA	NA	limited	limited	NA	NA	limited	limited	limited	0.0000	5	0.5833	limited	limited	limited
Bacillus nitratireducens	limited	NA	moderate	NA	limited	NA	NA	NA	limited	NA	NA	NA	limited	limited	0.2500	4	0.6667	moderate	limited	limited
Paraburkholderia aromaticivorans	moderate	NA	moderate	NA	NA	limited	NA	limited	NA	NA	limited	NA	limited	limited	0.2000	5	0.5833	moderate	limited	limited
Pseudomonas borbori	moderate	NA	limited	NA	limited	NA	NA	limited	limited	NA	limited	limited	limited	limited	0.0000	7	0.4167	limited	limited	limited
Leeuwenhoekiella blandensis	moderate	limited	moderate	limited	limited	limited	limited	limited	limited	NA	limited	limited	moderate	limited	0.1818	11	0.0833	moderate	limited	limited
Enterococcus caccae	moderate	limited	moderate	limited	limited	limited	NA	limited	limited	limited	NA	limited	limited	limited	0.1000	10	0.1667	moderate	limited	limited
Bradyrhizobium ottawaense	moderate	moderate	moderate	moderate	limited	moderate	limited	limited	NA	moderate	limited	limited	moderate	moderate	0.5455	11	0.0833	moderate	limited	moderate
Bacillus gobiensis	limited	NA	moderate	limited	moderate	NA	NA	limited	limited	NA	limited	limited	moderate	limited	0.3750	8	0.3333	moderate	limited	limited
Janibacter melonis	limited	NA	moderate	NA	limited	limited	NA	limited	limited	NA	limited	limited	moderate	limited	0.2500	8	0.3333	moderate	limited	limited
Corynebacterium tuscaniense	NA	NA	NA	NA	NA	NA	NA	limited	NA	NA	NA	limited	limited	limited	0.0000	3	0.7500	limited	limited	limited
Streptomyces eurythermus	moderate	limited	moderate	moderate	moderate	limited	limited	limited	limited	limited	limited	limited	moderate	limited	0.3333	12	0.0000	moderate	limited	limited
Streptomyces phaeoluteigriseus	moderate	limited	limited	limited	NA	NA	NA	limited	NA	limited	limited	NA	limited	limited	0.0000	7	0.4167	limited	limited	limited
Burkholderia pseudomultivorans	extensive	limited	moderate	limited	limited	limited	limited	limited	limited	NA	limited	limited	limited	limited	0.0909	11	0.0833	moderate	limited	limited
Pseudoalteromonas espejiana	moderate	moderate	moderate	limited	moderate	limited	limited	limited	limited	limited	limited	limited	moderate	limited	0.3333	12	0.0000	moderate	limited	limited
Alteromonas australica	moderate	limited	moderate	limited	limited	limited	NA	limited	limited	limited	limited	NA	limited	limited	0.1000	10	0.1667	moderate	limited	limited
Streptomyces lateritius	moderate	limited	moderate	moderate	limited	limited	limited	limited	limited	limited	limited	limited	moderate	limited	0.2500	12	0.0000	moderate	limited	limited
Bradyrhizobium arachidis	moderate	moderate	moderate	moderate	limited	limited	limited	moderate	limited	moderate	limited	limited	moderate	moderate	0.5000	12	0.0000	moderate	limited	moderate
Azospirillum doebereinerae	moderate	limited	moderate	moderate	limited	limited	NA	limited	limited	limited	limited	NA	moderate	limited	0.3000	10	0.1667	moderate	limited	limited
Streptomyces tunisiensis	moderate	limited	moderate	limited	NA	NA	limited	limited	NA	NA	limited	limited	moderate	limited	0.2500	8	0.3333	moderate	limited	limited
Micrococcus antarcticus	limited	NA	NA	NA	limited	limited	NA	limited	limited	NA	limited	limited	limited	limited	0.0000	7	0.4167	limited	limited	limited
Bizionia argentinensis	limited	NA	NA	NA	limited	NA	NA	limited	NA	NA	NA	NA	NA	NA	nan	2	0.8333			
Vibrio breoganii	extensive	moderate	moderate	moderate	limited	limited	limited	limited	limited	limited	limited	NA	moderate	limited	0.3636	11	0.0833	moderate	limited	limited
Paenalcaligenes hominis	moderate	limited	moderate	limited	limited	limited	limited	limited	limited	limited	NA	NA	limited	limited	0.1000	10	0.1667	moderate	limited	limited
Streptomyces minutiscleroticus	moderate	limited	limited	limited	limited	limited	limited	limited	limited	limited	limited	limited	limited	limited	0.0000	12	0.0000	limited	limited	limited
Vibrio hepatarius	NA	NA	NA	NA	limited	NA	NA	limited	NA	NA	NA	NA	NA	NA	nan	2	0.8333			
Pseudomonas straminea	moderate	NA	limited	limited	limited	limited	limited	limited	limited	NA	limited	limited	limited	limited	0.0000	10	0.1667	limited	limited	limited
Streptomyces viridodiastaticus	moderate	limited	limited	limited	limited	limited	limited	limited	limited	limited	limited	limited	moderate	limited	0.0833	12	0.0000	moderate	limited	limited
Streptomyces flavofungini	moderate	limited	moderate	limited	limited	limited	limited	limited	limited	limited	limited	limited	moderate	limited	0.1667	12	0.0000	moderate	limited	limited
Vibrio tritonius	moderate	NA	moderate	limited	limited	NA	NA	limited	limited	NA	NA	NA	moderate	limited	0.3333	6	0.5000	moderate	limited	limited
Mammaliicoccus lentus	moderate	limited	moderate	limited	limited	limited	limited	limited	limited	limited	NA	limited	moderate	limited	0.1818	11	0.0833	moderate	limited	limited
Paenibacillus favisporus	moderate	NA	moderate	limited	limited	limited	limited	limited	limited	NA	limited	limited	moderate	limited	0.2000	10	0.1667	moderate	limited	limited
Streptomyces griseoloalbus	extensive	limited	moderate	moderate	limited	limited	limited	limited	limited	limited	limited	limited	moderate	limited	0.2500	12	0.0000	moderate	limited	limited
Raoultella electrica	NA	NA	NA	NA	NA	NA	NA	limited	NA	NA	NA	NA	NA	NA	nan	1	0.9167			
Pseudomonas soli	moderate	moderate	limited	limited	limited	limited	limited	limited	limited	limited	NA	limited	moderate	limited	0.1818	11	0.0833	moderate	limited	limited
Lentilactobacillus parafarraginis	moderate	limited	moderate	limited	limited	limited	limited	limited	limited	limited	limited	limited	moderate	limited	0.1667	12	0.0000	moderate	limited	limited
Prescottella equi	NA	NA	NA	NA	limited	NA	limited	limited	NA	NA	NA	NA	NA	limited	0.0000	3	0.7500	limited	limited	limited
Pseudomonas seleniipraecipitans	moderate	NA	limited	NA	limited	NA	NA	limited	limited	limited	NA	limited	moderate	limited	0.1429	7	0.4167	moderate	limited	limited
Leuconostoc holzapfelii	moderate	limited	moderate	limited	limited	limited	limited	limited	limited	NA	limited	limited	limited	limited	0.0909	11	0.0833	moderate	limited	limited
Methanosarcina vacuolata	moderate	NA	NA	NA	limited	NA	NA	limited	NA	NA	NA	NA	NA	NA	nan	2	0.8333			
Streptomyces paradoxus	moderate	NA	limited	NA	NA	NA	NA	limited	NA	limited	limited	NA	limited	limited	0.0000	5	0.5833	limited	limited	limited
Streptomyces alanosinicus	moderate	limited	moderate	limited	limited	limited	NA	limited	limited	limited	limited	limited	limited	limited	0.0909	11	0.0833	moderate	limited	limited
Brachyspira innocens	moderate	limited	moderate	limited	limited	limited	limited	limited	limited	limited	NA	limited	moderate	limited	0.1818	11	0.0833	moderate	limited	limited
Pseudomonas kuykendallii	moderate	NA	limited	limited	limited	NA	NA	limited	limited	NA	limited	limited	limited	limited	0.0000	8	0.3333	limited	limited	limited
Pseudomonas caspiana	moderate	NA	limited	NA	limited	NA	NA	limited	limited	limited	limited	limited	limited	limited	0.0000	8	0.3333	limited	limited	limited
Streptomyces reticuliscabiei	moderate	limited	moderate	limited	limited	limited	limited	limited	limited	limited	moderate	NA	moderate	limited	0.2727	11	0.0833	moderate	limited	limited
Streptomyces durmitorensis	limited	NA	limited	NA	NA	NA	limited	limited	NA	NA	NA	limited	NA	limited	0.0000	4	0.6667	limited	limited	limited
Streptomyces xanthochromogenes	extensive	limited	moderate	moderate	limited	limited	limited	limited	limited	limited	limited	limited	moderate	limited	0.2500	12	0.0000	moderate	limited	limited
Pseudoalteromonas distincta	moderate	moderate	moderate	moderate	limited	limited	limited	limited	limited	limited	limited	limited	moderate	limited	0.3333	12	0.0000	moderate	limited	limited
Vibrio kanaloae	moderate	limited	limited	moderate	limited	limited	limited	limited	limited	limited	limited	limited	moderate	limited	0.1667	12	0.0000	moderate	limited	limited
Sinorhizobium americanum	moderate	NA	moderate	limited	NA	limited	NA	limited	NA	limited	limited	NA	NA	limited	0.1667	6	0.5000	moderate	limited	limited
Psychrobacter pulmonis	moderate	limited	moderate	moderate	limited	limited	limited	limited	limited	NA	limited	NA	limited	limited	0.2000	10	0.1667	moderate	limited	limited
Streptomyces lienomycini	moderate	limited	limited	limited	limited	NA	limited	limited	limited	limited	limited	limited	moderate	limited	0.0909	11	0.0833	moderate	limited	limited
Haloferax lucentense	limited	NA	NA	NA	moderate	NA	NA	limited	NA	NA	NA	NA	NA	NA	nan	2	0.8333			
Streptomyces catenulae	extensive	limited	moderate	moderate	limited	limited	limited	limited	limited	limited	limited	limited	moderate	limited	0.2500	12	0.0000	moderate	limited	limited
Clostridium sardiniense	extensive	NA	moderate	moderate	limited	NA	NA	limited	limited	NA	limited	limited	moderate	limited	0.3750	8	0.3333	moderate	limited	limited
Streptomyces sindenensis	moderate	limited	limited	limited	limited	limited	limited	limited	limited	limited	limited	limited	limited	limited	0.0000	12	0.0000	limited	limited	limited
Aeromonas simiae	limited	NA	moderate	NA	limited	NA	NA	limited	limited	NA	limited	NA	limited	limited	0.1667	6	0.5000	moderate	limited	limited
Clostridium chromiireducens	moderate	NA	moderate	NA	limited	NA	NA	limited	NA	NA	NA	NA	limited	limited	0.2500	4	0.6667	moderate	limited	limited
Streptomyces fumanus	moderate	limited	moderate	limited	limited	limited	limited	limited	limited	NA	limited	limited	moderate	limited	0.1818	11	0.0833	moderate	limited	limited
Natrinema pallidum	moderate	limited	moderate	limited	moderate	limited	NA	limited	NA	NA	NA	limited	moderate	limited	0.3750	8	0.3333	moderate	limited	limited
Mycobacterium cookii	NA	limited	NA	NA	limited	NA	NA	limited	NA	NA	NA	limited	limited	limited	0.0000	5	0.5833	limited	limited	limited
Macrococcus canis	moderate	limited	limited	limited	limited	limited	limited	limited	limited	limited	limited	limited	limited	limited	0.0000	12	0.0000	limited	limited	limited
Segniliparus rugosus	moderate	NA	moderate	moderate	limited	limited	limited	limited	NA	NA	NA	NA	moderate	limited	0.4286	7	0.4167	moderate	limited	limited
Streptomyces lomondensis	moderate	limited	moderate	limited	limited	NA	limited	limited	limited	limited	limited	limited	moderate	limited	0.1818	11	0.0833	moderate	limited	limited
Corynebacterium mustelae	NA	NA	moderate	NA	limited	NA	NA	limited	NA	NA	limited	NA	limited	limited	0.2000	5	0.5833	moderate	limited	limited
Bradyrhizobium icense	moderate	limited	moderate	limited	limited	limited	limited	limited	limited	NA	limited	limited	moderate	limited	0.1818	11	0.0833	moderate	limited	limited
Gordonia sihwensis	moderate	limited	moderate	NA	limited	limited	limited	limited	limited	NA	NA	NA	limited	limited	0.1250	8	0.3333	moderate	limited	limited
Mycobacterium sherrisii	moderate	limited	limited	moderate	limited	limited	limited	limited	limited	limited	NA	limited	limited	limited	0.0909	11	0.0833	moderate	limited	limited
Streptomyces graminearus	moderate	limited	limited	limited	limited	limited	limited	limited	limited	NA	NA	limited	limited	limited	0.0000	10	0.1667	limited	limited	limited
Brachybacterium conglomeratum	moderate	limited	moderate	limited	limited	limited	limited	limited	limited	limited	NA	limited	moderate	limited	0.1818	11	0.0833	moderate	limited	limited
Cytobacillus oceanisediminis	moderate	NA	moderate	limited	limited	limited	limited	limited	limited	NA	limited	limited	limited	limited	0.1000	10	0.1667	moderate	limited	limited
Streptomyces cremeus	NA	limited	limited	limited	limited	NA	limited	limited	NA	limited	limited	limited	limited	limited	0.0000	10	0.1667	limited	limited	limited
Pantoea allii	moderate	limited	limited	limited	limited	limited	limited	limited	limited	limited	limited	limited	limited	limited	0.0000	12	0.0000	limited	limited	limited
Atlantibacter subterranea	NA	NA	NA	NA	NA	NA	NA	limited	NA	NA	NA	NA	NA	NA	nan	1	0.9167			
Yersinia similis	moderate	limited	moderate	NA	limited	NA	limited	limited	limited	limited	NA	NA	moderate	limited	0.2500	8	0.3333	moderate	limited	limited
Enterococcus asini	moderate	NA	limited	limited	limited	limited	limited	limited	limited	NA	NA	limited	limited	limited	0.0000	9	0.2500	limited	limited	limited
Streptomyces bobili	moderate	limited	moderate	moderate	limited	limited	limited	limited	limited	limited	limited	limited	moderate	limited	0.2500	12	0.0000	moderate	limited	limited
Streptomyces kurssanovii	moderate	limited	moderate	limited	limited	limited	limited	limited	limited	limited	limited	limited	moderate	limited	0.1667	12	0.0000	moderate	limited	limited
Vibrio nereis	moderate	moderate	moderate	limited	limited	NA	limited	limited	limited	limited	limited	NA	limited	limited	0.2000	10	0.1667	moderate	limited	limited
Stomatobaculum longum	NA	NA	NA	NA	NA	NA	NA	limited	NA	NA	NA	NA	NA	NA	nan	1	0.9167			
Streptomyces roseofulvus	moderate	limited	limited	moderate	limited	limited	NA	limited	limited	limited	limited	limited	moderate	limited	0.1818	11	0.0833	moderate	limited	limited
Pseudomonas sagittaria	moderate	NA	limited	limited	limited	NA	NA	limited	limited	NA	NA	limited	limited	limited	0.0000	7	0.4167	limited	limited	limited
Lactobacillus kitasatonis	moderate	limited	moderate	limited	limited	limited	limited	limited	limited	limited	limited	limited	limited	limited	0.0833	12	0.0000	moderate	limited	limited
Streptomyces aurantiogriseus	extensive	limited	moderate	moderate	limited	limited	limited	limited	limited	limited	limited	limited	moderate	limited	0.2500	12	0.0000	moderate	limited	limited
Sphingomonas aquatilis	moderate	limited	moderate	moderate	limited	limited	limited	limited	limited	limited	limited	limited	moderate	limited	0.2500	12	0.0000	moderate	limited	limited
Bradyrhizobium betae	moderate	moderate	moderate	moderate	limited	moderate	limited	limited	NA	moderate	limited	NA	moderate	moderate	0.6000	10	0.1667	moderate	limited	moderate
Streptomyces youssoufiensis	extensive	limited	limited	limited	limited	limited	limited	limited	limited	limited	limited	limited	moderate	limited	0.0833	12	0.0000	moderate	limited	limited
Alicyclobacillus hesperidum	limited	NA	moderate	limited	limited	NA	NA	limited	limited	NA	limited	limited	limited	limited	0.1250	8	0.3333	moderate	limited	limited
Pseudomonas guangdongensis	moderate	NA	limited	NA	NA	NA	NA	limited	limited	NA	NA	NA	limited	limited	0.0000	4	0.6667	limited	limited	limited
Streptomyces jietaisiensis	moderate	limited	limited	limited	limited	NA	limited	limited	NA	NA	limited	limited	limited	limited	0.0000	9	0.2500	limited	limited	limited
Streptomyces spiralis	moderate	limited	limited	limited	limited	NA	NA	limited	NA	NA	limited	limited	limited	limited	0.0000	8	0.3333	limited	limited	limited
Amycolatopsis japonica	moderate	limited	moderate	NA	limited	NA	NA	limited	NA	NA	limited	limited	NA	limited	0.1667	6	0.5000	moderate	limited	limited
Lactiplantibacillus argentoratensis	moderate	NA	moderate	limited	limited	limited	limited	limited	limited	NA	limited	limited	moderate	limited	0.2000	10	0.1667	moderate	limited	limited
Pseudomonas reidholzensis	limited	NA	NA	NA	limited	limited	NA	limited	limited	NA	NA	limited	limited	limited	0.0000	6	0.5000	limited	limited	limited
Pseudomonas juntendi	moderate	NA	limited	moderate	limited	limited	limited	limited	limited	limited	limited	limited	moderate	limited	0.1818	11	0.0833	moderate	limited	limited
Avibacterium gallinarum	moderate	limited	moderate	moderate	limited	limited	moderate	limited	limited	moderate	NA	NA	moderate	moderate	0.5000	10	0.1667	moderate	limited	limited
Limosilactobacillus oris	moderate	NA	moderate	limited	limited	NA	limited	limited	limited	limited	limited	limited	NA	limited	0.1111	9	0.2500	moderate	limited	limited
Streptomyces intermedius	moderate	limited	limited	limited	limited	limited	limited	limited	limited	limited	limited	limited	moderate	limited	0.0833	12	0.0000	moderate	limited	limited
Streptomyces chilikensis	moderate	limited	moderate	limited	limited	NA	limited	limited	NA	NA	limited	limited	moderate	limited	0.2222	9	0.2500	moderate	limited	limited
Alkalibacillus haloalkaliphilus	moderate	limited	moderate	moderate	moderate	limited	NA	limited	limited	NA	NA	limited	moderate	limited	0.4444	9	0.2500	moderate	limited	limited
Citrobacter pasteurii	moderate	limited	moderate	limited	limited	limited	limited	limited	NA	NA	limited	limited	limited	limited	0.1000	10	0.1667	moderate	limited	limited
Streptomyces sundarbansensis	moderate	NA	limited	limited	NA	NA	limited	limited	NA	NA	limited	limited	limited	limited	0.0000	7	0.4167	limited	limited	limited
Enterobacter huaxiensis	moderate	NA	NA	NA	limited	NA	NA	limited	limited	limited	NA	NA	NA	limited	0.0000	4	0.6667	limited	limited	limited
Paraburkholderia terrae	extensive	moderate	moderate	moderate	moderate	moderate	limited	moderate	moderate	moderate	limited	limited	moderate	moderate	0.7500	12	0.0000	moderate	limited	moderate
Natrinema versiforme	NA	NA	NA	NA	limited	limited	NA	limited	limited	NA	NA	NA	NA	limited	0.0000	4	0.6667	limited	limited	limited
Streptomyces finlayi	moderate	limited	limited	limited	limited	NA	limited	limited	limited	limited	limited	limited	limited	limited	0.0000	11	0.0833	limited	limited	limited
Lysinibacillus pakistanensis	limited	NA	moderate	limited	limited	NA	NA	limited	NA	NA	NA	NA	moderate	limited	0.4000	5	0.5833	moderate	limited	limited
Streptomyces ramulosus	moderate	limited	limited	limited	limited	limited	limited	limited	limited	limited	limited	limited	limited	limited	0.0000	12	0.0000	limited	limited	limited
Pseudomonas granadensis	moderate	NA	NA	NA	limited	NA	NA	limited	limited	NA	limited	limited	limited	limited	0.0000	6	0.5000	limited	limited	limited
Amycolatopsis azurea	moderate	limited	NA	NA	limited	NA	NA	limited	limited	NA	NA	NA	NA	limited	0.0000	4	0.6667	limited	limited	limited
Streptomyces gougerotii	moderate	limited	moderate	limited	limited	limited	limited	limited	limited	limited	limited	limited	limited	limited	0.0833	12	0.0000	moderate	limited	limited
Chryseobacterium scophthalmum	limited	limited	moderate	limited	limited	limited	limited	limited	NA	NA	limited	limited	limited	limited	0.1000	10	0.1667	moderate	limited	limited
Parageobacillus caldoxylosilyticus	moderate	limited	moderate	moderate	limited	NA	NA	limited	limited	NA	NA	limited	limited	limited	0.2500	8	0.3333	moderate	limited	limited
Loktanella agnita	NA	NA	NA	limited	limited	NA	NA	limited	NA	NA	NA	NA	NA	limited	0.0000	3	0.7500	limited	limited	limited
Halococcus dombrowskii	moderate	NA	NA	NA	moderate	NA	NA	limited	NA	NA	NA	NA	NA	NA	nan	2	0.8333			
Streptomyces capillispiralis	moderate	limited	limited	limited	limited	limited	limited	limited	limited	NA	limited	limited	moderate	limited	0.0909	11	0.0833	moderate	limited	limited
Rhizobium anhuiense	extensive	moderate	moderate	moderate	limited	limited	limited	limited	limited	moderate	limited	limited	moderate	limited	0.4167	12	0.0000	moderate	limited	limited
Streptomyces erythrogriseus	extensive	limited	moderate	moderate	limited	limited	limited	limited	limited	limited	limited	limited	moderate	limited	0.2500	12	0.0000	moderate	limited	limited
Xenorhabdus hominickii	moderate	moderate	moderate	moderate	moderate	limited	limited	limited	limited	moderate	limited	limited	moderate	moderate	0.5000	12	0.0000	moderate	limited	moderate
Streptomyces deccanensis	limited	NA	moderate	NA	NA	NA	NA	NA	NA	NA	limited	NA	NA	NA	nan	2	0.8333			
Brevibacillus panacihumi	moderate	limited	moderate	moderate	limited	limited	limited	limited	limited	limited	NA	limited	moderate	limited	0.2727	11	0.0833	moderate	limited	limited
[Pseudomonas] carboxydohydrogena	limited	NA	limited	NA	limited	limited	NA	limited	limited	NA	limited	limited	limited	limited	0.0000	8	0.3333	limited	limited	limited
Mycobacterium kubicae	moderate	limited	limited	moderate	limited	limited	limited	limited	limited	limited	NA	limited	limited	limited	0.0909	11	0.0833	moderate	limited	limited
Pseudomonas atacamensis	moderate	limited	limited	NA	moderate	NA	NA	limited	limited	limited	limited	limited	limited	limited	0.1111	9	0.2500	moderate	limited	limited
Paenibacillus phoenicis	limited	NA	moderate	limited	limited	limited	NA	limited	limited	limited	limited	limited	moderate	limited	0.2000	10	0.1667	moderate	limited	limited
Streptomyces umbrinus	moderate	limited	limited	limited	limited	limited	limited	limited	limited	limited	limited	limited	moderate	limited	0.0833	12	0.0000	moderate	limited	limited
Pigmentiphaga kullae	NA	NA	NA	NA	limited	NA	NA	limited	NA	NA	NA	NA	NA	NA	nan	2	0.8333			
Mycobacterium bohemicum	extensive	limited	limited	moderate	limited	limited	limited	moderate	limited	limited	limited	limited	limited	limited	0.1667	12	0.0000	moderate	limited	limited
Streptomyces yokosukanensis	moderate	limited	moderate	limited	limited	limited	limited	limited	limited	limited	limited	limited	moderate	limited	0.1667	12	0.0000	moderate	limited	limited
Streptomyces geysiriensis	moderate	limited	limited	limited	limited	NA	NA	limited	limited	limited	limited	limited	moderate	limited	0.1000	10	0.1667	moderate	limited	limited
Actinomyces bowdenii	limited	NA	moderate	limited	limited	limited	NA	limited	limited	NA	NA	limited	limited	limited	0.1250	8	0.3333	moderate	limited	limited
Brucella vulpis	moderate	limited	moderate	limited	limited	limited	limited	limited	limited	NA	NA	NA	limited	limited	0.1111	9	0.2500	moderate	limited	limited
Streptomyces viridobrunneus	moderate	limited	limited	limited	limited	NA	NA	limited	limited	limited	limited	limited	limited	limited	0.0000	10	0.1667	limited	limited	limited
Mycobacterium mantenii	NA	NA	NA	limited	NA	NA	NA	limited	limited	NA	NA	limited	limited	limited	0.0000	5	0.5833	limited	limited	limited
Streptomyces violarus	moderate	limited	limited	limited	limited	NA	limited	limited	limited	NA	limited	limited	limited	limited	0.0000	10	0.1667	limited	limited	limited
Moritella yayanosii	moderate	NA	NA	moderate	extensive	limited	NA	limited	NA	limited	NA	NA	NA	moderate	0.6000	5	0.5833	extensive	limited	limited
Enterobacter sichuanensis	NA	NA	NA	NA	limited	NA	NA	limited	NA	NA	NA	NA	NA	NA	nan	2	0.8333			
Streptomyces huasconensis	moderate	limited	limited	NA	limited	NA	limited	limited	NA	NA	limited	limited	moderate	limited	0.1250	8	0.3333	moderate	limited	limited
Bradyrhizobium jicamae	moderate	moderate	moderate	moderate	limited	limited	limited	limited	NA	moderate	limited	limited	moderate	limited	0.4545	11	0.0833	moderate	limited	limited
Listeria weihenstephanensis	moderate	moderate	moderate	limited	limited	limited	limited	limited	limited	limited	limited	limited	moderate	limited	0.2500	12	0.0000	moderate	limited	limited
Myroides profundi	moderate	NA	NA	NA	limited	limited	NA	limited	limited	limited	limited	NA	limited	limited	0.0000	7	0.4167	limited	limited	limited
Thioflavicoccus mobilis	moderate	NA	NA	NA	limited	NA	NA	limited	NA	NA	NA	NA	NA	NA	nan	2	0.8333			
Rothia amarae	NA	NA	moderate	NA	limited	limited	NA	limited	limited	limited	NA	NA	NA	limited	0.1667	6	0.5000	moderate	limited	limited
Mycobacterium saskatchewanense	moderate	NA	limited	NA	limited	NA	NA	limited	limited	NA	NA	NA	limited	limited	0.0000	5	0.5833	limited	limited	limited
Chryseobacterium taeanense	limited	limited	moderate	limited	limited	limited	limited	limited	limited	limited	limited	limited	moderate	limited	0.1667	12	0.0000	moderate	limited	limited
Streptomyces pluricolorescens	moderate	limited	limited	limited	limited	NA	limited	limited	limited	NA	limited	limited	limited	limited	0.0000	10	0.1667	limited	limited	limited
Staphylococcus coagulans	moderate	limited	moderate	limited	limited	limited	limited	limited	limited	limited	NA	limited	moderate	limited	0.1818	11	0.0833	moderate	limited	limited
Streptomyces thermocarboxydovorans	moderate	limited	limited	NA	limited	limited	limited	limited	limited	NA	limited	NA	moderate	limited	0.1111	9	0.2500	moderate	limited	limited
Oleidesulfovibrio alaskensis	extensive	moderate	moderate	moderate	moderate	limited	NA	limited	NA	NA	NA	limited	moderate	moderate	0.6250	8	0.3333	moderate	limited	moderate
Micrococcus endophyticus	moderate	limited	moderate	limited	limited	limited	limited	limited	limited	NA	limited	limited	limited	limited	0.0909	11	0.0833	moderate	limited	limited
Streptomyces torulosus	moderate	limited	moderate	limited	limited	NA	NA	limited	NA	NA	limited	limited	limited	limited	0.1250	8	0.3333	moderate	limited	limited
Dyella ginsengisoli	moderate	NA	NA	NA	limited	limited	NA	limited	NA	NA	NA	NA	limited	limited	0.0000	4	0.6667	limited	limited	limited
Aeromonas sanarellii	moderate	NA	moderate	NA	limited	limited	limited	limited	limited	NA	limited	limited	limited	limited	0.1111	9	0.2500	moderate	limited	limited
Staphylococcus microti	NA	NA	NA	NA	limited	NA	NA	NA	NA	NA	NA	NA	NA	NA	nan	1	0.9167			
Vibrio atlanticus	NA	NA	NA	NA	NA	NA	NA	limited	NA	NA	NA	NA	NA	NA	nan	1	0.9167			
Streptomyces mauvecolor	moderate	limited	moderate	limited	limited	limited	NA	limited	NA	NA	limited	limited	limited	limited	0.1111	9	0.2500	moderate	limited	limited
Streptomyces clavifer	extensive	limited	moderate	moderate	limited	limited	limited	limited	limited	limited	limited	limited	moderate	limited	0.2500	12	0.0000	moderate	limited	limited
Erwinia toletana	moderate	limited	moderate	limited	limited	limited	limited	limited	limited	limited	limited	limited	moderate	limited	0.1667	12	0.0000	moderate	limited	limited
Brachybacterium muris	moderate	limited	moderate	limited	limited	limited	limited	limited	NA	NA	limited	limited	moderate	limited	0.2000	10	0.1667	moderate	limited	limited
Rhodococcus koreensis	moderate	limited	moderate	limited	limited	limited	NA	limited	limited	NA	limited	NA	moderate	limited	0.2222	9	0.2500	moderate	limited	limited
Klebsiella huaxiensis	moderate	NA	moderate	NA	limited	limited	limited	limited	limited	NA	NA	limited	limited	limited	0.1250	8	0.3333	moderate	limited	limited
Xylella taiwanensis	limited	NA	NA	NA	limited	limited	NA	limited	NA	NA	NA	NA	NA	limited	0.0000	3	0.7500	limited	limited	limited
Pseudomonas bohemica	moderate	NA	limited	NA	limited	NA	NA	limited	limited	NA	NA	limited	limited	limited	0.0000	6	0.5000	limited	limited	limited
Streptomyces yanii	moderate	limited	limited	limited	limited	NA	limited	limited	limited	NA	limited	limited	moderate	limited	0.1000	10	0.1667	moderate	limited	limited
Leifsonia shinshuensis	limited	limited	moderate	limited	limited	limited	NA	limited	limited	NA	limited	limited	limited	limited	0.1000	10	0.1667	moderate	limited	limited
Bhargavaea cecembensis	limited	limited	moderate	NA	limited	NA	NA	limited	limited	NA	limited	limited	limited	limited	0.1250	8	0.3333	moderate	limited	limited
Mycobacterium kyorinense	moderate	limited	limited	moderate	limited	limited	limited	limited	limited	limited	limited	limited	limited	limited	0.0833	12	0.0000	moderate	limited	limited
Schaalia meyeri	moderate	NA	moderate	limited	limited	limited	NA	limited	limited	limited	NA	NA	moderate	limited	0.2500	8	0.3333	moderate	limited	limited
Fusobacterium russii	limited	limited	moderate	limited	limited	NA	limited	limited	limited	limited	NA	limited	limited	limited	0.1000	10	0.1667	moderate	limited	limited
Pseudochrobactrum saccharolyticum	limited	limited	NA	limited	limited	limited	NA	limited	limited	NA	limited	NA	limited	limited	0.0000	8	0.3333	limited	limited	limited
Kocuria turfanensis	moderate	limited	moderate	limited	limited	limited	limited	limited	limited	limited	limited	limited	moderate	limited	0.1667	12	0.0000	moderate	limited	limited
Methanocorpusculum parvum	moderate	limited	NA	NA	limited	NA	limited	limited	limited	limited	NA	NA	limited	limited	0.0000	7	0.4167	limited	limited	limited
Chryseobacterium lactis	limited	limited	moderate	limited	limited	limited	limited	limited	limited	limited	limited	limited	moderate	limited	0.1667	12	0.0000	moderate	limited	limited
Mycobacterium lacus	moderate	limited	NA	NA	limited	NA	limited	limited	limited	NA	NA	NA	limited	limited	0.0000	6	0.5000	limited	limited	limited
Rhodococcus gordoniae	extensive	limited	moderate	moderate	limited	limited	limited	limited	limited	limited	limited	limited	moderate	limited	0.2500	12	0.0000	moderate	limited	limited
Arsenicicoccus bolidensis	NA	NA	NA	NA	limited	NA	NA	NA	NA	NA	NA	NA	NA	NA	nan	1	0.9167			
Pantoea conspicua	moderate	NA	NA	NA	limited	limited	limited	limited	limited	NA	limited	limited	limited	limited	0.0000	8	0.3333	limited	limited	limited
Viridibacillus arenosi	limited	limited	NA	NA	limited	NA	NA	limited	NA	NA	NA	NA	limited	limited	0.0000	4	0.6667	limited	limited	limited
Yersinia aleksiciae	moderate	limited	moderate	limited	limited	limited	limited	limited	limited	limited	limited	NA	moderate	limited	0.1818	11	0.0833	moderate	limited	limited
Streptomyces fumigatiscleroticus	moderate	limited	limited	limited	limited	NA	NA	limited	NA	NA	limited	limited	limited	limited	0.0000	8	0.3333	limited	limited	limited
Oceanicaulis alexandrii	limited	NA	NA	NA	limited	NA	limited	limited	limited	NA	NA	NA	NA	limited	0.0000	4	0.6667	limited	limited	limited
Mycobacterium nebraskense	moderate	limited	NA	limited	limited	limited	limited	limited	limited	limited	NA	limited	limited	limited	0.0000	10	0.1667	limited	limited	limited
Achromobacter pulmonis	moderate	NA	limited	moderate	limited	limited	NA	limited	limited	NA	limited	NA	moderate	limited	0.2500	8	0.3333	moderate	limited	limited
Flavobacterium saccharophilum	limited	limited	moderate	limited	limited	limited	NA	limited	limited	NA	limited	limited	moderate	limited	0.2000	10	0.1667	moderate	limited	limited
Microbacterium azadirachtae	limited	NA	NA	limited	limited	NA	NA	limited	NA	NA	limited	limited	limited	limited	0.0000	6	0.5000	limited	limited	limited
Corynebacterium confusum	moderate	NA	moderate	NA	limited	NA	NA	limited	limited	NA	NA	limited	limited	limited	0.1667	6	0.5000	moderate	limited	limited
Xenorhabdus stockiae	moderate	moderate	moderate	moderate	moderate	limited	limited	limited	limited	moderate	limited	limited	moderate	moderate	0.5000	12	0.0000	moderate	limited	moderate
Rhodococcus baikonurensis	limited	NA	moderate	NA	limited	NA	NA	limited	NA	NA	NA	limited	limited	limited	0.2000	5	0.5833	moderate	limited	limited
Rhodococcus triatomae	moderate	NA	moderate	limited	limited	NA	NA	limited	limited	NA	limited	NA	limited	limited	0.1429	7	0.4167	moderate	limited	limited
Pseudomonas mohnii	moderate	NA	limited	NA	limited	NA	NA	limited	limited	limited	limited	limited	limited	limited	0.0000	8	0.3333	limited	limited	limited
Microbacterium luteolum	moderate	NA	moderate	limited	limited	NA	NA	limited	limited	NA	limited	limited	limited	limited	0.1250	8	0.3333	moderate	limited	limited
Mycobacterium timonense	moderate	limited	limited	limited	limited	NA	limited	limited	NA	NA	NA	limited	limited	limited	0.0000	8	0.3333	limited	limited	limited
Streptomyces laculatispora	moderate	limited	limited	limited	limited	limited	NA	limited	limited	limited	limited	limited	limited	limited	0.0000	11	0.0833	limited	limited	limited
Pseudomonas glycinae	moderate	limited	moderate	limited	limited	limited	limited	limited	limited	limited	limited	limited	moderate	limited	0.1667	12	0.0000	moderate	limited	limited
Planococcus donghaensis	moderate	NA	NA	NA	limited	NA	NA	NA	NA	NA	NA	NA	limited	NA	nan	2	0.8333			
Mycoplasmoides pneumoniae	extensive	moderate	limited	moderate	moderate	moderate	limited	moderate	extensive	moderate	NA	limited	limited	moderate	0.7273	11	0.0833	extensive	limited	moderate
Dickeya aquatica	NA	NA	NA	NA	NA	NA	NA	limited	NA	NA	NA	NA	NA	NA	nan	1	0.9167			
Flavobacterium frigidimaris	moderate	limited	moderate	limited	limited	NA	limited	limited	limited	NA	limited	limited	moderate	limited	0.2000	10	0.1667	moderate	limited	limited
Corynebacterium epidermidicanis	limited	NA	NA	NA	limited	NA	NA	limited	NA	NA	NA	limited	limited	limited	0.0000	4	0.6667	limited	limited	limited
Pseudomonas duriflava	moderate	moderate	moderate	moderate	moderate	limited	limited	limited	limited	moderate	moderate	limited	moderate	moderate	0.5833	12	0.0000	moderate	limited	moderate
Streptomyces africanus	extensive	limited	moderate	moderate	limited	NA	limited	limited	limited	limited	limited	limited	moderate	limited	0.2727	11	0.0833	moderate	limited	limited
Lachnospira eligens	extensive	limited	moderate	moderate	limited	limited	limited	limited	moderate	moderate	NA	limited	moderate	limited	0.4545	11	0.0833	moderate	limited	limited
Rhizobium tibeticum	moderate	NA	moderate	limited	limited	NA	limited	limited	limited	NA	limited	NA	limited	limited	0.1250	8	0.3333	moderate	limited	limited
Streptomyces brasiliensis	extensive	limited	moderate	moderate	limited	limited	limited	limited	limited	limited	limited	limited	moderate	limited	0.2500	12	0.0000	moderate	limited	limited
Micromonospora saelicesensis	moderate	limited	limited	limited	limited	NA	limited	limited	NA	NA	limited	limited	limited	limited	0.0000	9	0.2500	limited	limited	limited
Caballeronia insecticola	extensive	NA	moderate	moderate	limited	moderate	limited	limited	moderate	moderate	limited	NA	moderate	moderate	0.6000	10	0.1667	moderate	limited	moderate
Acinetobacter tjernbergiae	moderate	NA	moderate	limited	limited	limited	limited	limited	limited	NA	limited	limited	limited	limited	0.1000	10	0.1667	moderate	limited	limited
Brucella papionis	moderate	limited	moderate	limited	limited	NA	limited	limited	NA	moderate	NA	NA	moderate	limited	0.3750	8	0.3333	moderate	limited	limited
Micrococcus terreus	moderate	limited	limited	limited	limited	limited	limited	limited	limited	NA	limited	NA	limited	limited	0.0000	10	0.1667	limited	limited	limited
Avibacterium volantium	limited	NA	NA	NA	limited	limited	limited	limited	NA	NA	NA	NA	NA	limited	0.0000	4	0.6667	limited	limited	limited
Coprobacter fastidiosus	NA	NA	NA	NA	limited	limited	NA	limited	limited	NA	NA	NA	NA	limited	0.0000	4	0.6667	limited	limited	limited
Pectobacterium actinidiae	moderate	NA	moderate	limited	moderate	limited	limited	limited	limited	moderate	moderate	limited	moderate	limited	0.4545	11	0.0833	moderate	limited	limited
Pseudomonas floridensis	moderate	NA	limited	NA	limited	NA	NA	limited	limited	NA	NA	limited	limited	limited	0.0000	6	0.5000	limited	limited	limited
Enterococcus canintestini	extensive	limited	moderate	limited	limited	moderate	limited	limited	limited	limited	limited	limited	moderate	limited	0.2500	12	0.0000	moderate	limited	limited
Streptomyces zagrosensis	moderate	limited	moderate	NA	NA	NA	NA	limited	NA	NA	NA	limited	moderate	limited	0.4000	5	0.5833	moderate	limited	limited
Streptomyces flavovariabilis	moderate	NA	limited	NA	NA	limited	NA	limited	NA	limited	limited	NA	limited	limited	0.0000	6	0.5000	limited	limited	limited
Amycolatopsis lurida	moderate	limited	moderate	limited	limited	NA	NA	limited	limited	NA	NA	limited	NA	limited	0.1429	7	0.4167	moderate	limited	limited
Xanthomonas theicola	moderate	limited	moderate	limited	limited	limited	limited	limited	limited	limited	limited	limited	limited	limited	0.0833	12	0.0000	moderate	limited	limited
Bradyrhizobium lablabi	moderate	moderate	moderate	moderate	limited	moderate	limited	limited	limited	moderate	limited	limited	moderate	moderate	0.5000	12	0.0000	moderate	limited	moderate
Bradyrhizobium daqingense	moderate	moderate	moderate	moderate	limited	limited	limited	limited	NA	moderate	limited	limited	moderate	limited	0.4545	11	0.0833	moderate	limited	limited
Brachybacterium saurashtrense	limited	limited	moderate	limited	limited	NA	NA	limited	NA	NA	NA	limited	limited	limited	0.1429	7	0.4167	moderate	limited	limited
Corynebacterium uterequi	NA	NA	moderate	NA	limited	NA	NA	limited	NA	NA	NA	limited	limited	limited	0.2000	5	0.5833	moderate	limited	limited
Paraburkholderia caribensis	moderate	moderate	moderate	moderate	limited	moderate	limited	limited	limited	limited	limited	NA	moderate	limited	0.4545	11	0.0833	moderate	limited	limited
Rhizobium indigoferae	moderate	limited	moderate	limited	limited	limited	limited	limited	NA	NA	limited	NA	limited	limited	0.1111	9	0.2500	moderate	limited	limited
Comamonas koreensis	moderate	limited	moderate	limited	limited	limited	limited	limited	limited	limited	limited	NA	limited	limited	0.0909	11	0.0833	moderate	limited	limited
Streptomyces violaceorubidus	moderate	limited	moderate	limited	limited	limited	limited	limited	limited	limited	limited	limited	moderate	limited	0.1667	12	0.0000	moderate	limited	limited
Streptomyces tritolerans	moderate	limited	limited	limited	NA	limited	limited	limited	limited	limited	limited	limited	moderate	limited	0.0909	11	0.0833	moderate	limited	limited
Streptomyces araujoniae	moderate	limited	limited	limited	limited	limited	limited	limited	NA	limited	limited	NA	moderate	limited	0.1000	10	0.1667	moderate	limited	limited
Listeria rocourtiae	moderate	limited	moderate	NA	limited	limited	limited	limited	limited	NA	limited	limited	moderate	limited	0.2000	10	0.1667	moderate	limited	limited
Sphaerochaeta globosa	limited	NA	NA	limited	limited	NA	NA	limited	limited	NA	NA	NA	NA	limited	0.0000	4	0.6667	limited	limited	limited
Pseudoalteromonas spongiae	limited	limited	moderate	limited	limited	NA	limited	limited	limited	NA	limited	limited	limited	limited	0.1000	10	0.1667	moderate	limited	limited
Aeromonas bivalvium	moderate	limited	moderate	NA	limited	limited	limited	limited	limited	limited	limited	NA	limited	limited	0.1000	10	0.1667	moderate	limited	limited
Streptomyces malachitofuscus	moderate	limited	limited	limited	limited	limited	NA	limited	NA	limited	limited	limited	moderate	limited	0.1000	10	0.1667	moderate	limited	limited
Bacillus luti	limited	NA	moderate	limited	limited	NA	NA	limited	NA	NA	limited	NA	limited	limited	0.1667	6	0.5000	moderate	limited	limited
Lactobacillus mulieris	moderate	limited	moderate	limited	limited	limited	limited	limited	limited	limited	limited	limited	moderate	limited	0.1667	12	0.0000	moderate	limited	limited
Streptomyces inhibens	moderate	limited	moderate	limited	NA	NA	NA	limited	NA	limited	limited	NA	limited	limited	0.1429	7	0.4167	moderate	limited	limited
Streptomyces gelaticus	moderate	NA	moderate	limited	limited	NA	NA	limited	limited	NA	limited	limited	limited	limited	0.1250	8	0.3333	moderate	limited	limited
Aquamicrobium defluvii	moderate	limited	moderate	moderate	limited	limited	limited	limited	limited	limited	limited	NA	moderate	limited	0.2727	11	0.0833	moderate	limited	limited
Streptomyces marokkonensis	moderate	NA	limited	limited	limited	NA	limited	limited	limited	NA	limited	limited	limited	limited	0.0000	9	0.2500	limited	limited	limited
Corynebacterium silvaticum	moderate	NA	NA	NA	limited	NA	moderate	limited	limited	NA	NA	limited	limited	limited	0.1667	6	0.5000	moderate	limited	limited
Mycobacterium conspicuum	moderate	limited	NA	limited	limited	NA	NA	limited	limited	NA	NA	limited	limited	limited	0.0000	7	0.4167	limited	limited	limited
Streptomyces carpinensis	moderate	limited	limited	limited	limited	limited	limited	limited	NA	NA	limited	limited	moderate	limited	0.1000	10	0.1667	moderate	limited	limited
Enterococcus silesiacus	moderate	limited	moderate	limited	limited	limited	limited	limited	limited	NA	limited	limited	moderate	limited	0.1818	11	0.0833	moderate	limited	limited
Streptomyces variegatus	moderate	limited	moderate	limited	limited	limited	limited	limited	limited	limited	limited	limited	moderate	limited	0.1667	12	0.0000	moderate	limited	limited
Xenorhabdus cabanillasii	moderate	limited	moderate	limited	limited	NA	limited	limited	NA	limited	limited	NA	limited	limited	0.1111	9	0.2500	moderate	limited	limited
Metamycoplasma hominis	moderate	NA	limited	moderate	limited	limited	limited	moderate	limited	moderate	NA	NA	limited	limited	0.3333	9	0.2500	moderate	limited	limited
Limosilactobacillus panis	extensive	limited	moderate	moderate	limited	limited	limited	limited	limited	limited	limited	limited	moderate	limited	0.2500	12	0.0000	moderate	limited	limited
Aeromonas rivipollensis	moderate	NA	moderate	NA	limited	limited	limited	limited	limited	NA	limited	NA	moderate	limited	0.2500	8	0.3333	moderate	limited	limited
Chryseobacterium bernardetii	limited	limited	moderate	limited	limited	limited	limited	limited	limited	NA	limited	limited	moderate	limited	0.1818	11	0.0833	moderate	limited	limited
Neptuniibacter caesariensis	limited	limited	NA	NA	limited	NA	NA	limited	limited	NA	NA	NA	NA	limited	0.0000	4	0.6667	limited	limited	limited
Legionella cincinnatiensis	moderate	limited	moderate	moderate	limited	limited	limited	limited	limited	limited	NA	limited	moderate	limited	0.2727	11	0.0833	moderate	limited	limited
Streptomyces xantholiticus	moderate	limited	moderate	limited	limited	limited	limited	limited	limited	limited	limited	limited	limited	limited	0.0833	12	0.0000	moderate	limited	limited
Moritella profunda	extensive	moderate	moderate	moderate	moderate	limited	limited	limited	limited	limited	NA	NA	moderate	moderate	0.5000	10	0.1667	moderate	limited	moderate
Thiomonas arsenitoxydans	moderate	moderate	moderate	moderate	moderate	limited	NA	limited	limited	NA	NA	NA	moderate	moderate	0.6250	8	0.3333	moderate	limited	moderate
Streptomyces violaceolatus	moderate	limited	moderate	limited	limited	limited	limited	limited	limited	limited	limited	limited	limited	limited	0.0833	12	0.0000	moderate	limited	limited
Sphingobium baderi	moderate	limited	moderate	NA	limited	NA	NA	limited	limited	NA	limited	NA	limited	limited	0.1429	7	0.4167	moderate	limited	limited
Pseudochrobactrum asaccharolyticum	limited	limited	limited	limited	limited	limited	limited	limited	limited	limited	limited	limited	limited	limited	0.0000	12	0.0000	limited	limited	limited
Sphingomonas asaccharolytica	moderate	limited	moderate	limited	limited	limited	limited	limited	limited	limited	limited	limited	limited	limited	0.0833	12	0.0000	moderate	limited	limited
Pseudomonas endophytica	limited	NA	limited	NA	NA	NA	NA	limited	NA	NA	NA	limited	NA	limited	0.0000	3	0.7500	limited	limited	limited
Fluoribacter gormanii	moderate	limited	moderate	moderate	limited	NA	limited	limited	limited	limited	NA	NA	limited	limited	0.2222	9	0.2500	moderate	limited	limited
Paenibacillus cineris	moderate	limited	moderate	limited	limited	limited	limited	limited	limited	limited	limited	limited	moderate	limited	0.1667	12	0.0000	moderate	limited	limited
Staphylococcus rostri	moderate	limited	moderate	limited	limited	limited	limited	limited	limited	limited	NA	limited	limited	limited	0.0909	11	0.0833	moderate	limited	limited
Agrobacterium albertimagni	moderate	limited	moderate	limited	limited	NA	NA	limited	limited	NA	limited	NA	moderate	limited	0.2500	8	0.3333	moderate	limited	limited
Streptococcus entericus	NA	limited	moderate	NA	limited	limited	NA	limited	limited	NA	NA	NA	limited	limited	0.1429	7	0.4167	moderate	limited	limited
Natronorubrum bangense	moderate	NA	moderate	NA	moderate	NA	NA	limited	limited	NA	NA	NA	moderate	moderate	0.6000	5	0.5833	moderate	limited	moderate
Sinorhizobium terangae	moderate	moderate	moderate	moderate	limited	moderate	limited	limited	limited	moderate	limited	limited	moderate	moderate	0.5000	12	0.0000	moderate	limited	moderate
Pseudomonas haemolytica	moderate	limited	limited	NA	limited	limited	NA	limited	limited	NA	limited	limited	limited	limited	0.0000	9	0.2500	limited	limited	limited
Mycobacterium seoulense	moderate	limited	limited	moderate	limited	limited	limited	limited	limited	moderate	limited	limited	limited	limited	0.1667	12	0.0000	moderate	limited	limited
Rhizobium fabae	moderate	limited	moderate	moderate	limited	limited	limited	limited	limited	moderate	limited	NA	moderate	limited	0.3636	11	0.0833	moderate	limited	limited
Borreliella afzelii	extensive	moderate	moderate	moderate	moderate	moderate	moderate	moderate	moderate	moderate	NA	NA	moderate	moderate	1.0000	10	0.1667	moderate	moderate	moderate
Streptomyces cellostaticus	moderate	limited	moderate	limited	limited	limited	limited	limited	limited	limited	limited	limited	limited	limited	0.0833	12	0.0000	moderate	limited	limited
Mycobacterium shigaense	moderate	limited	limited	limited	limited	limited	limited	limited	limited	NA	NA	limited	limited	limited	0.0000	10	0.1667	limited	limited	limited
Dietzia timorensis	limited	NA	NA	NA	limited	NA	NA	NA	NA	NA	NA	NA	NA	NA	nan	1	0.9167			
Klebsiella africana	moderate	limited	moderate	moderate	limited	limited	limited	limited	limited	limited	NA	limited	moderate	limited	0.2727	11	0.0833	moderate	limited	limited
Streptomyces heliomycini	moderate	limited	limited	NA	limited	NA	limited	limited	limited	NA	limited	limited	moderate	limited	0.1111	9	0.2500	moderate	limited	limited
Vibrio pectenicida	limited	NA	NA	NA	limited	NA	NA	limited	limited	NA	NA	NA	NA	limited	0.0000	3	0.7500	limited	limited	limited
Pseudarthrobacter oxydans	moderate	limited	moderate	moderate	limited	limited	limited	limited	limited	limited	limited	limited	limited	limited	0.1667	12	0.0000	moderate	limited	limited
Nocardia elegans	NA	NA	limited	NA	limited	NA	NA	limited	limited	NA	NA	NA	NA	limited	0.0000	4	0.6667	limited	limited	limited
Micromonospora marina	moderate	limited	moderate	NA	limited	NA	NA	limited	limited	NA	limited	limited	limited	limited	0.1250	8	0.3333	moderate	limited	limited
Streptomyces brevispora	moderate	NA	moderate	limited	limited	NA	limited	limited	NA	NA	limited	limited	limited	limited	0.1250	8	0.3333	moderate	limited	limited
Streptomyces daghestanicus	moderate	limited	limited	limited	limited	NA	limited	limited	limited	NA	limited	limited	moderate	limited	0.1000	10	0.1667	moderate	limited	limited
Advenella incenata	NA	NA	NA	NA	limited	NA	NA	limited	NA	NA	NA	NA	NA	NA	nan	2	0.8333			
Rodentibacter heylii	moderate	NA	moderate	limited	limited	NA	limited	limited	limited	limited	NA	NA	moderate	limited	0.2500	8	0.3333	moderate	limited	limited
Burkholderia humptydooensis	NA	NA	NA	NA	NA	NA	NA	NA	NA	NA	NA	NA	NA	NA	nan	0	1.0000			
Nitratireductor aquibiodomus	moderate	NA	NA	NA	limited	NA	NA	limited	limited	limited	NA	NA	NA	limited	0.0000	4	0.6667	limited	limited	limited
Pantoea rwandensis	NA	NA	NA	NA	NA	NA	NA	limited	NA	NA	limited	NA	limited	limited	0.0000	3	0.7500	limited	limited	limited
Streptomyces asenjonii	extensive	limited	limited	limited	limited	limited	limited	limited	limited	limited	limited	limited	moderate	limited	0.0833	12	0.0000	moderate	limited	limited
Streptomyces dengpaensis	moderate	limited	limited	NA	NA	NA	NA	limited	NA	NA	NA	limited	limited	limited	0.0000	5	0.5833	limited	limited	limited
Streptomyces roseolilacinus	moderate	limited	limited	limited	limited	NA	limited	limited	limited	NA	limited	limited	limited	limited	0.0000	10	0.1667	limited	limited	limited
Streptomyces anthocyanicus	moderate	limited	moderate	limited	limited	NA	limited	limited	limited	NA	limited	limited	moderate	limited	0.2000	10	0.1667	moderate	limited	limited
Citrobacter europaeus	extensive	limited	moderate	moderate	limited	limited	limited	limited	limited	limited	limited	limited	moderate	limited	0.2500	12	0.0000	moderate	limited	limited
Methanolobus vulcani	moderate	NA	NA	NA	moderate	NA	NA	limited	NA	NA	NA	NA	NA	NA	nan	2	0.8333			
Streptomyces coeruleofuscus	moderate	limited	limited	limited	limited	limited	limited	limited	limited	limited	limited	limited	moderate	limited	0.0833	12	0.0000	moderate	limited	limited
Paraburkholderia kururiensis	extensive	moderate	moderate	moderate	moderate	moderate	limited	limited	limited	limited	limited	limited	moderate	moderate	0.5000	12	0.0000	moderate	limited	moderate
Streptomyces aquilus	moderate	limited	limited	limited	NA	NA	limited	limited	limited	limited	limited	limited	moderate	limited	0.1000	10	0.1667	moderate	limited	limited
Streptomyces silaceus	moderate	limited	moderate	NA	NA	limited	limited	limited	NA	NA	limited	limited	limited	limited	0.1250	8	0.3333	moderate	limited	limited
Streptomyces chryseus	moderate	limited	moderate	limited	limited	limited	limited	limited	limited	limited	limited	limited	moderate	limited	0.1667	12	0.0000	moderate	limited	limited
Microbacterium chocolatum	moderate	limited	moderate	limited	limited	limited	limited	limited	limited	NA	limited	limited	moderate	limited	0.1818	11	0.0833	moderate	limited	limited
Parageobacillus thermantarcticus	extensive	limited	moderate	moderate	moderate	limited	limited	limited	limited	limited	limited	limited	moderate	limited	0.3333	12	0.0000	moderate	limited	limited
Photobacterium galatheae	moderate	moderate	moderate	moderate	limited	limited	limited	limited	limited	limited	NA	limited	moderate	limited	0.3636	11	0.0833	moderate	limited	limited
Streptomyces bangladeshensis	moderate	limited	moderate	limited	NA	limited	limited	limited	NA	NA	limited	NA	moderate	limited	0.2500	8	0.3333	moderate	limited	limited
Pseudoalteromonas ulvae	moderate	limited	moderate	limited	limited	limited	limited	limited	limited	limited	limited	limited	limited	limited	0.0833	12	0.0000	moderate	limited	limited
Propionimicrobium lymphophilum	limited	limited	NA	NA	NA	NA	NA	limited	limited	NA	NA	NA	NA	limited	0.0000	3	0.7500	limited	limited	limited
Pectobacterium punjabense	moderate	limited	moderate	NA	limited	limited	limited	limited	limited	limited	moderate	limited	moderate	limited	0.2727	11	0.0833	moderate	limited	limited
Streptomyces litmocidini	NA	NA	NA	limited	NA	NA	NA	limited	limited	limited	limited	limited	limited	limited	0.0000	7	0.4167	limited	limited	limited
Campylobacter volucris	NA	NA	NA	NA	NA	NA	NA	limited	NA	NA	NA	NA	NA	NA	nan	1	0.9167			
Streptomyces dangxiongensis	limited	NA	limited	limited	limited	NA	NA	limited	NA	NA	limited	NA	limited	limited	0.0000	6	0.5000	limited	limited	limited
Mannheimia ruminalis	NA	NA	NA	NA	limited	limited	NA	limited	limited	NA	NA	NA	NA	limited	0.0000	4	0.6667	limited	limited	limited
Lactobacillus fornicalis	moderate	limited	limited	limited	limited	NA	limited	limited	limited	NA	limited	limited	limited	limited	0.0000	10	0.1667	limited	limited	limited
Rhizobium alamii	moderate	NA	NA	NA	limited	limited	NA	limited	limited	NA	limited	NA	NA	limited	0.0000	5	0.5833	limited	limited	limited
Sphingobium amiense	limited	NA	moderate	NA	limited	NA	NA	limited	NA	NA	limited	NA	limited	limited	0.2000	5	0.5833	moderate	limited	limited
Nonomuraea coxensis	limited	NA	limited	NA	limited	NA	NA	limited	NA	NA	NA	NA	NA	limited	0.0000	3	0.7500	limited	limited	limited
Listeria newyorkensis	limited	NA	moderate	NA	NA	NA	NA	limited	NA	limited	NA	NA	NA	limited	0.3333	3	0.7500	moderate	limited	limited
Streptomyces fulvorobeus	moderate	limited	limited	limited	limited	NA	limited	limited	NA	limited	limited	limited	limited	limited	0.0000	10	0.1667	limited	limited	limited
Sphingomonas mali	moderate	limited	moderate	moderate	limited	limited	limited	limited	limited	limited	limited	limited	moderate	limited	0.2500	12	0.0000	moderate	limited	limited
Microbacterium arabinogalactanolyticum	limited	limited	moderate	NA	limited	limited	NA	limited	limited	NA	limited	limited	limited	limited	0.1111	9	0.2500	moderate	limited	limited
Oceanimonas doudoroffii	moderate	NA	NA	limited	limited	limited	limited	limited	limited	NA	NA	NA	limited	limited	0.0000	7	0.4167	limited	limited	limited
Salinivibrio proteolyticus	moderate	NA	moderate	moderate	moderate	limited	NA	limited	limited	NA	NA	NA	moderate	moderate	0.5714	7	0.4167	moderate	limited	moderate
Kocuria atrinae	moderate	limited	moderate	NA	limited	limited	NA	limited	limited	NA	limited	limited	limited	limited	0.1111	9	0.2500	moderate	limited	limited
Psychrobacter sanguinis	limited	NA	limited	NA	limited	limited	limited	limited	NA	NA	NA	limited	NA	limited	0.0000	6	0.5000	limited	limited	limited
Pseudomonas citri	moderate	limited	moderate	limited	limited	limited	limited	limited	limited	limited	moderate	limited	moderate	limited	0.2500	12	0.0000	moderate	limited	limited
Methylobacter marinus	moderate	NA	NA	NA	limited	NA	NA	limited	limited	NA	limited	NA	limited	limited	0.0000	5	0.5833	limited	limited	limited
Streptomyces rubiginosohelvolus	moderate	limited	limited	limited	limited	limited	NA	limited	limited	NA	limited	limited	limited	limited	0.0000	10	0.1667	limited	limited	limited
Streptomyces violaceorectus	extensive	limited	moderate	moderate	limited	limited	limited	limited	limited	limited	limited	limited	moderate	limited	0.2500	12	0.0000	moderate	limited	limited
Bartonella chomelii	moderate	moderate	moderate	moderate	moderate	limited	moderate	limited	limited	moderate	NA	NA	moderate	moderate	0.7000	10	0.1667	moderate	limited	moderate
Bifidobacterium lemurum	moderate	limited	moderate	limited	limited	limited	limited	limited	limited	NA	limited	limited	limited	limited	0.0909	11	0.0833	moderate	limited	limited
Planomicrobium okeanokoites	moderate	moderate	moderate	limited	moderate	limited	limited	limited	limited	limited	limited	limited	moderate	limited	0.3333	12	0.0000	moderate	limited	limited
Streptomyces virens	extensive	limited	moderate	moderate	limited	limited	limited	limited	limited	NA	limited	limited	moderate	limited	0.2727	11	0.0833	moderate	limited	limited
Brevibacillus centrosporus	limited	NA	moderate	limited	limited	NA	NA	limited	NA	NA	limited	NA	limited	limited	0.1667	6	0.5000	moderate	limited	limited
Flavobacterium aquidurense	moderate	NA	moderate	limited	limited	limited	NA	limited	NA	NA	limited	limited	moderate	limited	0.2500	8	0.3333	moderate	limited	limited
Paenibacillus tianmuensis	moderate	limited	moderate	limited	limited	NA	NA	limited	limited	limited	limited	limited	limited	limited	0.1000	10	0.1667	moderate	limited	limited
Halobiforma lacisalsi	NA	NA	NA	NA	limited	NA	NA	NA	NA	NA	NA	NA	NA	NA	nan	1	0.9167			
Paraburkholderia sabiae	moderate	limited	moderate	limited	limited	NA	limited	limited	NA	NA	limited	NA	limited	limited	0.1250	8	0.3333	moderate	limited	limited
Burkholderia aenigmatica	moderate	NA	moderate	NA	limited	NA	NA	limited	NA	NA	NA	limited	limited	limited	0.2000	5	0.5833	moderate	limited	limited
Gordonia aichiensis	moderate	limited	limited	NA	limited	limited	NA	limited	NA	NA	NA	NA	limited	limited	0.0000	6	0.5000	limited	limited	limited
Vibrio maritimus	NA	NA	limited	NA	limited	NA	NA	limited	NA	NA	NA	NA	limited	limited	0.0000	4	0.6667	limited	limited	limited
Pantoea rodasii	moderate	limited	NA	limited	limited	NA	NA	limited	limited	NA	limited	limited	limited	limited	0.0000	8	0.3333	limited	limited	limited
Achromobacter deleyi	NA	NA	NA	NA	NA	limited	NA	limited	NA	NA	NA	NA	NA	NA	nan	2	0.8333			
Elizabethkingia bruuniana	moderate	NA	moderate	NA	limited	limited	limited	limited	limited	NA	NA	NA	moderate	limited	0.2857	7	0.4167	moderate	limited	limited
Elizabethkingia ursingii	moderate	limited	moderate	moderate	limited	limited	limited	limited	limited	limited	limited	limited	moderate	limited	0.2500	12	0.0000	moderate	limited	limited
Streptococcus devriesei	moderate	limited	moderate	limited	limited	limited	limited	limited	limited	limited	NA	NA	limited	limited	0.1000	10	0.1667	moderate	limited	limited
Schaalia turicensis	extensive	limited	NA	NA	limited	limited	NA	limited	limited	NA	NA	NA	NA	limited	0.0000	5	0.5833	limited	limited	limited
Afipia carboxidovorans	moderate	limited	moderate	moderate	limited	NA	limited	limited	limited	limited	limited	NA	limited	limited	0.2000	10	0.1667	moderate	limited	limited
Mycobacterium palustre	moderate	limited	limited	limited	limited	limited	limited	limited	limited	NA	limited	limited	limited	limited	0.0000	11	0.0833	limited	limited	limited
Vibrio pomeroyi	moderate	moderate	moderate	moderate	moderate	limited	NA	limited	limited	limited	limited	limited	moderate	limited	0.4545	11	0.0833	moderate	limited	limited
Streptomyces paludis	moderate	NA	limited	limited	NA	NA	limited	limited	limited	limited	limited	NA	moderate	limited	0.1250	8	0.3333	moderate	limited	limited
Campylobacter peloridis	NA	NA	NA	NA	limited	NA	NA	limited	NA	NA	NA	NA	limited	limited	0.0000	3	0.7500	limited	limited	limited
Photobacterium iliopiscarium	moderate	moderate	moderate	moderate	moderate	limited	limited	limited	limited	moderate	NA	NA	moderate	moderate	0.6000	10	0.1667	moderate	limited	moderate
Aminobacter niigataensis	moderate	limited	NA	NA	limited	limited	NA	limited	NA	NA	limited	NA	NA	limited	0.0000	5	0.5833	limited	limited	limited
Streptomyces bullii	moderate	NA	limited	NA	NA	NA	NA	NA	NA	limited	NA	NA	NA	NA	nan	2	0.8333			
Mycolicibacterium gilvum	moderate	limited	limited	limited	limited	limited	limited	limited	limited	limited	limited	limited	moderate	limited	0.0833	12	0.0000	moderate	limited	limited
Mycobacterium heidelbergense	moderate	limited	limited	limited	limited	limited	NA	limited	limited	limited	NA	NA	limited	limited	0.0000	9	0.2500	limited	limited	limited
Virgibacillus necropolis	moderate	moderate	moderate	moderate	moderate	limited	limited	limited	limited	NA	limited	limited	moderate	limited	0.4545	11	0.0833	moderate	limited	limited
Microbulbifer agarilyticus	limited	NA	NA	limited	limited	limited	NA	limited	limited	NA	NA	limited	limited	limited	0.0000	7	0.4167	limited	limited	limited
Bartonella coopersplainsensis	limited	NA	NA	NA	limited	limited	limited	limited	NA	NA	NA	NA	limited	limited	0.0000	5	0.5833	limited	limited	limited
Neobacillus drentensis	moderate	limited	moderate	limited	limited	limited	limited	limited	limited	NA	NA	limited	moderate	limited	0.2000	10	0.1667	moderate	limited	limited
Pseudomonas saxonica	moderate	NA	limited	limited	limited	NA	NA	limited	limited	NA	limited	limited	limited	limited	0.0000	8	0.3333	limited	limited	limited
Micromonospora chokoriensis	limited	NA	NA	NA	limited	NA	NA	limited	NA	NA	NA	limited	limited	limited	0.0000	4	0.6667	limited	limited	limited
Lentilactobacillus rapi	moderate	limited	moderate	limited	limited	limited	NA	limited	limited	limited	limited	limited	moderate	limited	0.1818	11	0.0833	moderate	limited	limited
Pseudomonas linyingensis	limited	NA	NA	NA	NA	NA	NA	limited	NA	NA	NA	NA	NA	NA	nan	1	0.9167			
Dyella jiangningensis	moderate	limited	NA	NA	limited	limited	NA	limited	NA	NA	NA	NA	limited	limited	0.0000	5	0.5833	limited	limited	limited
Nocardiopsis aegyptia	moderate	limited	moderate	moderate	moderate	NA	NA	limited	limited	NA	limited	limited	moderate	limited	0.4444	9	0.2500	moderate	limited	limited
Herbaspirillum aquaticum	moderate	NA	moderate	NA	limited	limited	NA	limited	NA	NA	limited	NA	limited	limited	0.1667	6	0.5000	moderate	limited	limited
Acinetobacter brisouii	limited	limited	moderate	limited	limited	NA	limited	limited	limited	NA	limited	limited	limited	limited	0.1000	10	0.1667	moderate	limited	limited
Streptomyces muensis	moderate	limited	limited	NA	limited	NA	NA	limited	NA	NA	limited	limited	limited	limited	0.0000	7	0.4167	limited	limited	limited
Streptococcus rubneri	moderate	limited	moderate	NA	limited	limited	limited	limited	limited	NA	NA	limited	moderate	limited	0.2222	9	0.2500	moderate	limited	limited
Streptomyces niveoruber	moderate	limited	moderate	moderate	limited	limited	limited	limited	limited	limited	limited	limited	moderate	limited	0.2500	12	0.0000	moderate	limited	limited
Streptomyces javensis	moderate	limited	limited	limited	limited	NA	limited	limited	NA	NA	limited	limited	moderate	limited	0.1111	9	0.2500	moderate	limited	limited
Sporolactobacillus terrae	moderate	limited	moderate	limited	limited	limited	limited	limited	limited	NA	limited	limited	moderate	limited	0.1818	11	0.0833	moderate	limited	limited
Kosakonia oryziphila	moderate	moderate	moderate	moderate	limited	limited	limited	limited	limited	limited	limited	limited	moderate	limited	0.3333	12	0.0000	moderate	limited	limited
Nocardia puris	NA	NA	moderate	NA	NA	NA	NA	limited	limited	NA	NA	limited	NA	limited	0.2500	4	0.6667	moderate	limited	limited
Enterococcus canis	moderate	limited	limited	limited	limited	limited	limited	limited	limited	limited	limited	limited	limited	limited	0.0000	12	0.0000	limited	limited	limited
Streptomyces poonensis	moderate	limited	moderate	limited	limited	limited	NA	limited	limited	NA	limited	limited	moderate	limited	0.2000	10	0.1667	moderate	limited	limited
Dyella thiooxydans	moderate	NA	NA	NA	limited	NA	NA	limited	NA	NA	NA	NA	limited	limited	0.0000	3	0.7500	limited	limited	limited
Paenarthrobacter nitroguajacolicus	moderate	limited	limited	limited	limited	NA	NA	limited	limited	NA	limited	limited	limited	limited	0.0000	9	0.2500	limited	limited	limited
Brachyspira suanatina	moderate	moderate	moderate	moderate	limited	NA	moderate	limited	limited	moderate	NA	NA	moderate	moderate	0.6667	9	0.2500	moderate	limited	moderate
Gordonia desulfuricans	moderate	NA	moderate	NA	limited	limited	NA	limited	NA	NA	NA	NA	NA	limited	0.2500	4	0.6667	moderate	limited	limited
Agrobacterium salinitolerans	limited	limited	moderate	NA	limited	NA	NA	limited	NA	NA	limited	NA	limited	limited	0.1667	6	0.5000	moderate	limited	limited
Streptomyces cadmiisoli	NA	limited	limited	NA	limited	NA	NA	limited	NA	NA	limited	NA	limited	limited	0.0000	6	0.5000	limited	limited	limited
Bordetella bronchialis	moderate	limited	limited	limited	limited	limited	NA	limited	limited	NA	limited	limited	limited	limited	0.0000	10	0.1667	limited	limited	limited
Streptomyces cinerochromogenes	moderate	limited	moderate	limited	limited	limited	limited	limited	limited	limited	limited	limited	moderate	limited	0.1667	12	0.0000	moderate	limited	limited
Streptomyces jeddahensis	moderate	limited	limited	NA	NA	NA	NA	limited	NA	NA	NA	NA	limited	limited	0.0000	4	0.6667	limited	limited	limited
Natrinema altunense	moderate	NA	NA	NA	moderate	NA	NA	limited	NA	NA	NA	NA	NA	NA	nan	2	0.8333			
Haloferax prahovense	limited	NA	NA	NA	moderate	NA	NA	limited	NA	NA	NA	NA	NA	NA	nan	2	0.8333			
Parageobacillus toebii	extensive	limited	moderate	moderate	moderate	limited	limited	limited	limited	limited	limited	moderate	moderate	limited	0.4167	12	0.0000	moderate	limited	limited
Pseudomonas daroniae	NA	NA	limited	NA	limited	NA	NA	limited	limited	NA	NA	limited	limited	limited	0.0000	6	0.5000	limited	limited	limited
Photobacterium rosenbergii	moderate	NA	moderate	NA	limited	NA	NA	limited	NA	NA	NA	NA	moderate	moderate	0.5000	4	0.6667	moderate	limited	moderate
Pseudoalteromonas undina	moderate	moderate	moderate	limited	limited	limited	limited	limited	limited	limited	limited	NA	limited	limited	0.1818	11	0.0833	moderate	limited	limited
Bordetella flabilis	limited	NA	limited	NA	limited	NA	NA	limited	limited	NA	NA	NA	limited	limited	0.0000	5	0.5833	limited	limited	limited
Stenotrophomonas chelatiphaga	moderate	limited	NA	limited	limited	limited	limited	limited	limited	NA	limited	limited	limited	limited	0.0000	10	0.1667	limited	limited	limited
Nocardia cerradoensis	limited	limited	moderate	NA	limited	limited	NA	limited	limited	NA	limited	NA	limited	limited	0.1250	8	0.3333	moderate	limited	limited
Vibrio alfacsensis	limited	limited	NA	limited	limited	limited	limited	limited	limited	limited	NA	NA	limited	limited	0.0000	9	0.2500	limited	limited	limited
Achromobacter pestifer	moderate	limited	limited	limited	limited	limited	limited	limited	limited	NA	limited	limited	limited	limited	0.0000	11	0.0833	limited	limited	limited
Pandoraea thiooxydans	moderate	NA	moderate	NA	limited	limited	NA	limited	limited	NA	NA	limited	limited	limited	0.1429	7	0.4167	moderate	limited	limited
Mycoplasmopsis fermentans	moderate	limited	limited	limited	limited	limited	limited	limited	limited	moderate	NA	NA	limited	limited	0.1000	10	0.1667	moderate	limited	limited
Pseudomonas laurylsulfativorans	limited	NA	NA	NA	limited	NA	NA	limited	limited	NA	NA	NA	limited	limited	0.0000	4	0.6667	limited	limited	limited
Alteromonas marina	extensive	moderate	moderate	moderate	moderate	limited	limited	limited	limited	limited	limited	limited	moderate	limited	0.4167	12	0.0000	moderate	limited	limited
Actinomadura citrea	limited	NA	moderate	limited	limited	limited	NA	limited	NA	NA	NA	NA	NA	limited	0.2000	5	0.5833	moderate	limited	limited
Streptomyces melanogenes	moderate	limited	limited	limited	limited	limited	limited	limited	NA	NA	NA	limited	limited	limited	0.0000	9	0.2500	limited	limited	limited
Acinetobacter equi	limited	NA	NA	NA	limited	limited	limited	limited	limited	NA	NA	NA	limited	limited	0.0000	6	0.5000	limited	limited	limited
Thalassospira profundimaris	moderate	moderate	moderate	moderate	moderate	limited	NA	limited	limited	limited	NA	NA	moderate	moderate	0.5556	9	0.2500	moderate	limited	moderate
Streptomyces novaecaesareae	moderate	limited	limited	limited	limited	limited	limited	limited	limited	limited	limited	limited	limited	limited	0.0000	12	0.0000	limited	limited	limited
Flavobacterium collinsii	moderate	limited	limited	limited	limited	limited	limited	limited	limited	limited	limited	limited	moderate	limited	0.0833	12	0.0000	moderate	limited	limited
Vibrio toranzoniae	moderate	NA	moderate	limited	limited	limited	limited	limited	limited	limited	NA	limited	limited	limited	0.1000	10	0.1667	moderate	limited	limited
Paenibacillus agaridevorans	moderate	limited	moderate	limited	limited	limited	limited	limited	limited	NA	limited	limited	moderate	limited	0.1818	11	0.0833	moderate	limited	limited
Xenorhabdus innexi	moderate	moderate	moderate	limited	limited	limited	limited	limited	NA	moderate	limited	limited	moderate	limited	0.3636	11	0.0833	moderate	limited	limited
Marinobacterium stanieri	moderate	limited	moderate	limited	limited	limited	NA	limited	limited	limited	NA	NA	limited	limited	0.1111	9	0.2500	moderate	limited	limited
Campylobacter subantarcticus	NA	NA	NA	NA	limited	NA	NA	limited	NA	NA	NA	NA	limited	limited	0.0000	3	0.7500	limited	limited	limited
Polymorphospora rubra	NA	NA	NA	NA	NA	NA	NA	NA	NA	NA	NA	NA	NA	NA	nan	0	1.0000			
Pseudoxanthomonas japonensis	moderate	NA	NA	limited	limited	limited	NA	limited	limited	NA	limited	NA	limited	limited	0.0000	7	0.4167	limited	limited	limited
Bacillus pakistanensis	limited	NA	NA	NA	limited	NA	NA	NA	NA	NA	NA	NA	NA	NA	nan	1	0.9167			
Flavobacterium rivuli	moderate	limited	limited	limited	limited	limited	limited	limited	limited	limited	limited	limited	moderate	limited	0.0833	12	0.0000	moderate	limited	limited
Paraburkholderia caledonica	moderate	limited	moderate	moderate	limited	limited	limited	limited	limited	limited	limited	limited	moderate	limited	0.2500	12	0.0000	moderate	limited	limited
Bradyrhizobium erythrophlei	moderate	moderate	moderate	moderate	limited	limited	limited	limited	limited	moderate	limited	limited	moderate	limited	0.4167	12	0.0000	moderate	limited	limited
Streptomyces graminilatus	moderate	limited	limited	limited	limited	limited	limited	limited	limited	limited	limited	limited	moderate	limited	0.0833	12	0.0000	moderate	limited	limited
Microbacterium proteolyticum	moderate	limited	moderate	limited	limited	limited	limited	limited	limited	NA	limited	limited	limited	limited	0.0909	11	0.0833	moderate	limited	limited
Streptomyces adustus	moderate	limited	moderate	limited	limited	limited	NA	limited	limited	limited	limited	limited	moderate	limited	0.1818	11	0.0833	moderate	limited	limited
Arthrobacter psychrochitiniphilus	limited	limited	moderate	limited	moderate	NA	NA	limited	NA	NA	limited	NA	limited	limited	0.2857	7	0.4167	moderate	limited	limited
Carnobacterium viridans	moderate	limited	moderate	moderate	limited	limited	limited	limited	limited	limited	limited	limited	moderate	limited	0.2500	12	0.0000	moderate	limited	limited
Amycolatopsis pretoriensis	moderate	NA	NA	NA	limited	NA	NA	NA	limited	NA	NA	NA	NA	NA	nan	2	0.8333			
Phyllobacterium trifolii	moderate	limited	moderate	limited	limited	limited	limited	limited	limited	NA	limited	NA	limited	limited	0.1000	10	0.1667	moderate	limited	limited
Rhizobacter gummiphilus	NA	limited	NA	NA	limited	NA	NA	NA	NA	NA	NA	NA	NA	NA	nan	2	0.8333			
Corynebacterium felinum	NA	NA	moderate	NA	limited	NA	NA	limited	NA	NA	NA	limited	limited	limited	0.2000	5	0.5833	moderate	limited	limited
Corynebacterium spheniscorum	NA	NA	NA	NA	NA	NA	NA	NA	NA	NA	NA	limited	NA	NA	nan	1	0.9167			
Actinobaculum massiliense	limited	limited	NA	NA	limited	limited	NA	NA	NA	NA	NA	NA	limited	limited	0.0000	4	0.6667	limited	limited	limited
Chryseobacterium ureilyticum	limited	limited	moderate	limited	limited	limited	limited	limited	limited	limited	limited	limited	moderate	limited	0.1667	12	0.0000	moderate	limited	limited
Streptomyces chiangmaiensis	moderate	limited	moderate	limited	limited	NA	NA	limited	NA	limited	limited	limited	limited	limited	0.1111	9	0.2500	moderate	limited	limited
Chryseobacterium polytrichastri	limited	NA	moderate	limited	limited	limited	limited	limited	limited	NA	NA	limited	limited	limited	0.1111	9	0.2500	moderate	limited	limited
Pseudomonas dryadis	NA	limited	limited	NA	limited	NA	limited	limited	limited	NA	NA	limited	moderate	limited	0.1250	8	0.3333	moderate	limited	limited
Streptomyces yerevanensis	moderate	limited	limited	limited	limited	NA	NA	limited	NA	NA	limited	limited	limited	limited	0.0000	8	0.3333	limited	limited	limited
Mycobacterium europaeum	moderate	limited	limited	moderate	limited	limited	limited	moderate	limited	limited	NA	limited	limited	limited	0.1818	11	0.0833	moderate	limited	limited
Petrimonas sulfuriphila	moderate	NA	moderate	NA	limited	limited	NA	limited	NA	NA	NA	NA	limited	limited	0.2000	5	0.5833	moderate	limited	limited
Helicobacter cholecystus	NA	NA	NA	NA	NA	NA	NA	limited	NA	NA	NA	NA	NA	NA	nan	1	0.9167			
Streptomyces aureocirculatus	moderate	limited	limited	limited	limited	limited	limited	limited	limited	limited	limited	limited	moderate	limited	0.0833	12	0.0000	moderate	limited	limited
Bradyrhizobium retamae	moderate	moderate	moderate	moderate	limited	limited	limited	limited	limited	moderate	limited	limited	moderate	limited	0.4167	12	0.0000	moderate	limited	limited
Streptomyces qinzhouensis	moderate	NA	limited	NA	limited	NA	NA	limited	NA	NA	NA	NA	limited	limited	0.0000	4	0.6667	limited	limited	limited
Pseudomonas bijieensis	moderate	NA	limited	NA	limited	NA	limited	limited	limited	NA	limited	limited	limited	limited	0.0000	8	0.3333	limited	limited	limited
Streptomyces tacrolimicus	moderate	limited	limited	limited	limited	limited	NA	limited	NA	limited	NA	limited	limited	limited	0.0000	9	0.2500	limited	limited	limited
Colwellia maris	moderate	moderate	moderate	moderate	moderate	limited	NA	limited	limited	NA	NA	NA	NA	moderate	0.5714	7	0.4167	moderate	limited	moderate
Leifsonia poae	moderate	limited	moderate	limited	limited	limited	NA	limited	limited	limited	limited	limited	moderate	limited	0.1818	11	0.0833	moderate	limited	limited
Sphingomonas leidyi	moderate	NA	moderate	limited	limited	limited	NA	limited	limited	NA	limited	NA	moderate	limited	0.2500	8	0.3333	moderate	limited	limited
Avibacterium avium	moderate	limited	moderate	limited	limited	limited	moderate	limited	limited	moderate	limited	limited	limited	limited	0.2500	12	0.0000	moderate	limited	limited
Legionella lytica	moderate	limited	NA	NA	limited	limited	NA	limited	limited	NA	NA	NA	NA	limited	0.0000	5	0.5833	limited	limited	limited
Paenibacillus cookii	NA	NA	moderate	NA	limited	limited	limited	limited	limited	NA	limited	limited	limited	limited	0.1111	9	0.2500	moderate	limited	limited
Pseudomonas khazarica	limited	NA	NA	NA	NA	NA	NA	limited	NA	NA	NA	NA	NA	NA	nan	1	0.9167			
Streptomyces yogyakartensis	moderate	limited	limited	limited	limited	limited	NA	limited	limited	NA	limited	limited	limited	limited	0.0000	10	0.1667	limited	limited	limited
Bacteroides gallinarum	moderate	NA	moderate	limited	limited	NA	limited	limited	limited	NA	NA	limited	moderate	limited	0.2500	8	0.3333	moderate	limited	limited
Streptomyces hokutonensis	moderate	limited	limited	NA	NA	NA	NA	limited	limited	NA	limited	limited	limited	limited	0.0000	7	0.4167	limited	limited	limited
Enterococcus ratti	moderate	limited	moderate	limited	limited	limited	limited	limited	limited	NA	NA	limited	moderate	limited	0.2000	10	0.1667	moderate	limited	limited
Streptomyces phaeolivaceus	moderate	limited	moderate	limited	limited	limited	NA	limited	NA	NA	limited	limited	limited	limited	0.1111	9	0.2500	moderate	limited	limited
Streptomyces mutomycini	moderate	limited	limited	NA	limited	NA	limited	limited	limited	limited	limited	NA	limited	limited	0.0000	9	0.2500	limited	limited	limited
Azospirillum humicireducens	moderate	limited	moderate	moderate	limited	limited	limited	limited	limited	NA	limited	limited	moderate	limited	0.2727	11	0.0833	moderate	limited	limited
Rummeliibacillus pycnus	limited	NA	NA	limited	limited	NA	NA	limited	limited	NA	NA	limited	limited	limited	0.0000	6	0.5000	limited	limited	limited
Streptomyces lavendulocolor	moderate	limited	moderate	moderate	limited	limited	limited	limited	limited	limited	limited	limited	moderate	limited	0.2500	12	0.0000	moderate	limited	limited
Paenibacillus azoreducens	moderate	NA	moderate	limited	limited	limited	limited	limited	limited	NA	limited	limited	moderate	limited	0.2000	10	0.1667	moderate	limited	limited
Pseudomonas fluvialis	moderate	limited	moderate	NA	limited	limited	limited	limited	limited	NA	limited	limited	moderate	limited	0.2000	10	0.1667	moderate	limited	limited
Streptomyces caniscabiei	moderate	limited	limited	limited	limited	limited	limited	limited	limited	limited	moderate	limited	limited	limited	0.0833	12	0.0000	moderate	limited	limited
Streptomyces liliifuscus	limited	NA	limited	limited	limited	NA	limited	limited	NA	NA	limited	limited	limited	limited	0.0000	8	0.3333	limited	limited	limited
Halorubrum trapanicum	limited	NA	NA	limited	limited	NA	NA	limited	limited	NA	NA	NA	NA	limited	0.0000	4	0.6667	limited	limited	limited
Streptomyces crystallinus	extensive	limited	moderate	limited	limited	limited	limited	limited	NA	NA	limited	limited	moderate	limited	0.2000	10	0.1667	moderate	limited	limited
Streptococcus didelphis	NA	NA	NA	NA	NA	NA	NA	NA	NA	NA	NA	NA	NA	NA	nan	0	1.0000			
Fluoribacter dumoffii	NA	NA	NA	NA	limited	limited	limited	limited	limited	NA	NA	NA	limited	limited	0.0000	6	0.5000	limited	limited	limited
Ligilactobacillus acidipiscis	extensive	limited	moderate	limited	limited	limited	limited	limited	limited	limited	limited	limited	moderate	limited	0.1667	12	0.0000	moderate	limited	limited
Propionibacterium australiense	moderate	limited	limited	NA	limited	limited	limited	limited	limited	NA	NA	limited	limited	limited	0.0000	9	0.2500	limited	limited	limited
Pseudomonas viciae	moderate	moderate	moderate	moderate	moderate	limited	limited	limited	limited	moderate	moderate	limited	moderate	moderate	0.5833	12	0.0000	moderate	limited	moderate
Streptomyces roseirectus	moderate	limited	limited	limited	limited	limited	NA	limited	limited	limited	limited	limited	limited	limited	0.0000	11	0.0833	limited	limited	limited
Flavobacterium glaciei	limited	limited	limited	NA	limited	NA	NA	limited	NA	NA	limited	limited	limited	limited	0.0000	7	0.4167	limited	limited	limited
Aeromonas piscicola	moderate	moderate	moderate	moderate	limited	limited	limited	limited	NA	moderate	limited	NA	moderate	moderate	0.5000	10	0.1667	moderate	limited	moderate
Mesorhizobium muleiense	moderate	limited	NA	limited	limited	limited	NA	limited	limited	NA	limited	limited	limited	limited	0.0000	9	0.2500	limited	limited	limited
Bartonella ancashensis	moderate	NA	moderate	NA	limited	limited	limited	limited	NA	moderate	NA	NA	moderate	limited	0.4286	7	0.4167	moderate	limited	limited
Schaalia cardiffensis	NA	NA	NA	NA	NA	NA	NA	limited	NA	NA	NA	NA	NA	NA	nan	1	0.9167			
Mesorhizobium qingshengii	moderate	limited	moderate	limited	limited	NA	NA	limited	NA	limited	limited	limited	moderate	limited	0.2222	9	0.2500	moderate	limited	limited
Rhizobium acidisoli	moderate	moderate	moderate	limited	limited	limited	limited	limited	limited	limited	limited	NA	moderate	limited	0.2727	11	0.0833	moderate	limited	limited
Mycobacterium parmense	moderate	limited	limited	NA	limited	limited	limited	limited	NA	NA	NA	limited	limited	limited	0.0000	8	0.3333	limited	limited	limited
Bradyrhizobium guangdongense	moderate	limited	moderate	limited	limited	limited	limited	limited	limited	NA	limited	limited	moderate	limited	0.1818	11	0.0833	moderate	limited	limited
Leuconostoc suionicum	limited	limited	moderate	limited	NA	NA	limited	limited	NA	NA	limited	NA	limited	limited	0.1429	7	0.4167	moderate	limited	limited
Microbulbifer variabilis	moderate	limited	moderate	NA	limited	NA	NA	limited	NA	NA	NA	NA	NA	limited	0.2500	4	0.6667	moderate	limited	limited
Streptomyces albidochromogenes	moderate	limited	moderate	limited	limited	limited	limited	limited	limited	limited	limited	limited	moderate	limited	0.1667	12	0.0000	moderate	limited	limited
Sphingomonas pruni	moderate	limited	moderate	limited	limited	limited	limited	limited	limited	NA	limited	limited	moderate	limited	0.1818	11	0.0833	moderate	limited	limited
Paenibacillus provencensis	moderate	NA	moderate	limited	limited	NA	NA	limited	NA	limited	limited	limited	moderate	limited	0.2500	8	0.3333	moderate	limited	limited
Streptomyces deserti	moderate	limited	moderate	NA	limited	NA	limited	limited	NA	NA	limited	NA	limited	limited	0.1429	7	0.4167	moderate	limited	limited
Paenibacillus motobuensis	moderate	NA	moderate	limited	limited	limited	NA	limited	limited	NA	limited	limited	limited	limited	0.1111	9	0.2500	moderate	limited	limited
Streptomyces phaeoluteichromatogenes	moderate	limited	limited	limited	NA	NA	NA	limited	NA	limited	NA	limited	limited	limited	0.0000	7	0.4167	limited	limited	limited
Vibrio xuii	NA	NA	NA	NA	NA	NA	NA	limited	NA	NA	NA	NA	NA	NA	nan	1	0.9167			
Corynebacterium belfantii	extensive	limited	moderate	moderate	limited	limited	limited	limited	limited	moderate	NA	limited	moderate	limited	0.3636	11	0.0833	moderate	limited	limited
Amycolatopsis vancoresmycina	moderate	NA	NA	NA	limited	NA	NA	limited	NA	NA	NA	NA	NA	NA	nan	2	0.8333			
Nocardia alba	moderate	limited	moderate	moderate	limited	limited	limited	limited	limited	NA	limited	limited	moderate	limited	0.2727	11	0.0833	moderate	limited	limited
Pseudomonas tohonis	extensive	limited	moderate	limited	limited	limited	limited	limited	limited	limited	limited	limited	moderate	limited	0.1667	12	0.0000	moderate	limited	limited
Microbacterium saperdae	moderate	limited	moderate	limited	limited	limited	limited	limited	limited	limited	limited	limited	moderate	limited	0.1667	12	0.0000	moderate	limited	limited
Nocardiopsis flavescens	moderate	limited	moderate	limited	limited	NA	limited	limited	limited	NA	NA	limited	limited	limited	0.1111	9	0.2500	moderate	limited	limited
[Haemophilus] piscium	NA	NA	limited	NA	limited	NA	NA	NA	NA	NA	NA	NA	NA	NA	nan	2	0.8333			
Enterovibrio coralii	NA	NA	NA	NA	NA	NA	NA	NA	NA	NA	NA	NA	NA	NA	nan	0	1.0000			
Pseudoalteromonas maricaloris	limited	limited	limited	NA	limited	limited	limited	limited	limited	NA	limited	NA	limited	limited	0.0000	9	0.2500	limited	limited	limited
Staphylococcus pseudoxylosus	extensive	limited	moderate	moderate	limited	limited	limited	limited	limited	limited	limited	limited	limited	limited	0.1667	12	0.0000	moderate	limited	limited
Corynebacterium caspium	NA	NA	NA	NA	NA	NA	NA	limited	limited	NA	NA	limited	NA	limited	0.0000	3	0.7500	limited	limited	limited
Micromonospora matsumotoense	moderate	limited	moderate	limited	limited	NA	limited	limited	limited	NA	limited	limited	limited	limited	0.1000	10	0.1667	moderate	limited	limited
Pseudoalteromonas aliena	moderate	limited	moderate	limited	moderate	limited	limited	limited	limited	limited	limited	limited	limited	limited	0.1667	12	0.0000	moderate	limited	limited
Cutibacterium modestum	moderate	limited	moderate	limited	limited	limited	limited	limited	limited	limited	limited	limited	limited	limited	0.0833	12	0.0000	moderate	limited	limited
Streptomyces plumbiresistens	moderate	NA	limited	limited	limited	NA	limited	limited	NA	NA	limited	limited	moderate	limited	0.1250	8	0.3333	moderate	limited	limited
Caballeronia glathei	moderate	NA	moderate	moderate	limited	limited	limited	limited	limited	limited	limited	NA	moderate	limited	0.3000	10	0.1667	moderate	limited	limited
Paraburkholderia caffeinilytica	moderate	NA	NA	NA	NA	NA	NA	limited	NA	NA	NA	NA	NA	NA	nan	1	0.9167			
Clostridium tarantellae	limited	NA	NA	NA	NA	NA	NA	limited	limited	NA	NA	NA	NA	NA	nan	2	0.8333			
Pandoraea vervacti	NA	NA	NA	NA	limited	limited	limited	limited	NA	NA	NA	NA	NA	limited	0.0000	4	0.6667	limited	limited	limited
Macrococcus carouselicus	NA	NA	NA	NA	NA	NA	NA	limited	NA	NA	NA	NA	NA	NA	nan	1	0.9167			
Kurthia massiliensis	limited	NA	NA	NA	limited	limited	NA	NA	NA	NA	NA	NA	NA	NA	nan	2	0.8333			
Pseudomonas siliginis	moderate	NA	limited	NA	limited	NA	NA	limited	limited	limited	NA	limited	limited	limited	0.0000	7	0.4167	limited	limited	limited
Acidovorax carolinensis	NA	limited	NA	NA	limited	NA	NA	limited	limited	NA	limited	NA	limited	limited	0.0000	6	0.5000	limited	limited	limited
Achromobacter kerstersii	moderate	limited	moderate	moderate	limited	limited	limited	limited	limited	limited	limited	limited	moderate	limited	0.2500	12	0.0000	moderate	limited	limited
Enterobacter chuandaensis	NA	NA	NA	NA	limited	NA	NA	limited	NA	NA	NA	NA	NA	NA	nan	2	0.8333			
Listeria booriae	extensive	NA	moderate	limited	limited	NA	NA	limited	NA	NA	NA	limited	moderate	limited	0.3333	6	0.5000	moderate	limited	limited
Vibrio variabilis	NA	NA	NA	NA	NA	NA	NA	NA	NA	NA	NA	NA	NA	NA	nan	0	1.0000			
Bacillus fungorum	moderate	NA	NA	limited	limited	limited	limited	limited	limited	NA	limited	limited	limited	limited	0.0000	9	0.2500	limited	limited	limited
Pseudomonas piscis	NA	NA	limited	NA	NA	NA	NA	limited	limited	NA	NA	limited	NA	limited	0.0000	4	0.6667	limited	limited	limited
Helicobacter equorum	limited	NA	NA	NA	limited	limited	limited	limited	limited	limited	NA	NA	limited	limited	0.0000	7	0.4167	limited	limited	limited
Burkholderia catarinensis	NA	NA	moderate	NA	limited	NA	NA	limited	NA	NA	NA	NA	limited	limited	0.2500	4	0.6667	moderate	limited	limited
Pseudomonas zeshuii	moderate	NA	limited	limited	limited	limited	NA	limited	limited	NA	limited	limited	limited	limited	0.0000	9	0.2500	limited	limited	limited
Streptomyces siamensis	moderate	limited	moderate	limited	limited	NA	limited	limited	NA	NA	limited	limited	moderate	limited	0.2222	9	0.2500	moderate	limited	limited
Trichococcus pasteurii	limited	NA	NA	NA	limited	limited	NA	limited	limited	NA	NA	NA	NA	limited	0.0000	4	0.6667	limited	limited	limited
Acinetobacter kookii	moderate	limited	NA	limited	limited	limited	limited	limited	limited	NA	limited	NA	limited	limited	0.0000	9	0.2500	limited	limited	limited
Gordonia hongkongensis	moderate	limited	moderate	NA	limited	limited	NA	limited	NA	NA	NA	NA	limited	limited	0.1667	6	0.5000	moderate	limited	limited
Streptomyces fagopyri	moderate	limited	limited	NA	limited	NA	NA	limited	NA	NA	NA	limited	limited	limited	0.0000	6	0.5000	limited	limited	limited
Helicobacter ailurogastricus	moderate	NA	NA	limited	limited	limited	limited	limited	limited	moderate	NA	NA	limited	limited	0.1250	8	0.3333	moderate	limited	limited
Cupriavidus cauae	NA	limited	moderate	NA	limited	limited	limited	limited	limited	NA	NA	limited	moderate	limited	0.2222	9	0.2500	moderate	limited	limited
Pseudomonas kielensis	moderate	limited	limited	NA	limited	limited	limited	limited	limited	NA	limited	limited	moderate	limited	0.1000	10	0.1667	moderate	limited	limited
Micromonospora purpureochromogenes	moderate	limited	moderate	limited	limited	limited	limited	limited	NA	limited	limited	limited	moderate	limited	0.1818	11	0.0833	moderate	limited	limited
Streptomyces roseoviridis	moderate	limited	limited	limited	limited	NA	limited	limited	NA	limited	limited	limited	limited	limited	0.0000	10	0.1667	limited	limited	limited
Paenibacillus rhizosphaerae	moderate	NA	moderate	limited	limited	limited	limited	limited	NA	NA	limited	limited	moderate	limited	0.2222	9	0.2500	moderate	limited	limited
Streptomyces ardesiacus	moderate	limited	moderate	limited	limited	limited	limited	limited	NA	limited	limited	limited	moderate	limited	0.1818	11	0.0833	moderate	limited	limited
Streptomyces viridiviolaceus	moderate	limited	limited	limited	limited	limited	limited	limited	limited	limited	limited	limited	moderate	limited	0.0833	12	0.0000	moderate	limited	limited
Clostridium punense	moderate	NA	moderate	limited	limited	NA	NA	limited	NA	NA	NA	limited	limited	limited	0.1667	6	0.5000	moderate	limited	limited
Mycolicibacterium rhodesiae	extensive	limited	moderate	moderate	moderate	limited	limited	moderate	limited	NA	limited	limited	moderate	limited	0.4545	11	0.0833	moderate	limited	limited
Streptomyces spongiae	limited	limited	NA	limited	NA	limited	limited	limited	limited	NA	limited	NA	limited	limited	0.0000	8	0.3333	limited	limited	limited
Arthrobacter russicus	moderate	limited	moderate	limited	limited	limited	limited	limited	limited	limited	limited	limited	moderate	limited	0.1667	12	0.0000	moderate	limited	limited
Pantoea deleyi	NA	NA	limited	NA	NA	NA	NA	limited	limited	NA	NA	NA	NA	limited	0.0000	3	0.7500	limited	limited	limited
Falsibacillus pallidus	limited	NA	NA	NA	limited	NA	NA	limited	NA	NA	NA	limited	NA	limited	0.0000	3	0.7500	limited	limited	limited
Paenibacillus hunanensis	limited	NA	moderate	NA	limited	limited	NA	limited	limited	NA	NA	limited	limited	limited	0.1429	7	0.4167	moderate	limited	limited
Xanthomonas melonis	moderate	moderate	moderate	moderate	limited	limited	limited	limited	limited	moderate	moderate	limited	moderate	moderate	0.5000	12	0.0000	moderate	limited	moderate
Pseudomonas inefficax	moderate	NA	limited	NA	NA	NA	NA	NA	NA	NA	NA	limited	NA	NA	nan	2	0.8333			
Nocardia neocaledoniensis	moderate	limited	moderate	limited	limited	NA	limited	limited	limited	NA	NA	limited	limited	limited	0.1111	9	0.2500	moderate	limited	limited
Novacetimonas hansenii	moderate	NA	NA	NA	NA	NA	NA	limited	NA	NA	NA	NA	NA	NA	nan	1	0.9167			
Neisseria animalis	extensive	NA	moderate	limited	limited	limited	NA	limited	limited	NA	limited	NA	moderate	limited	0.2500	8	0.3333	moderate	limited	limited
Xanthomonas pisi	moderate	limited	moderate	limited	limited	limited	limited	limited	limited	moderate	moderate	limited	limited	limited	0.2500	12	0.0000	moderate	limited	limited
Streptomyces rhizosphaerihabitans	limited	NA	limited	NA	NA	NA	NA	NA	NA	NA	limited	limited	limited	limited	0.0000	4	0.6667	limited	limited	limited
Pediococcus stilesii	NA	NA	NA	NA	limited	NA	NA	NA	NA	NA	NA	NA	NA	NA	nan	1	0.9167			
Klebsiella spallanzanii	NA	NA	NA	NA	limited	limited	limited	limited	limited	NA	limited	limited	limited	limited	0.0000	8	0.3333	limited	limited	limited
Pyxidicoccus fallax	limited	NA	NA	NA	limited	NA	NA	limited	NA	NA	NA	NA	NA	NA	nan	2	0.8333			
Sphingobium cloacae	NA	NA	limited	limited	limited	limited	limited	limited	limited	NA	limited	NA	limited	limited	0.0000	9	0.2500	limited	limited	limited
Pseudomonas tructae	moderate	NA	limited	NA	limited	NA	limited	limited	limited	limited	NA	limited	limited	limited	0.0000	8	0.3333	limited	limited	limited
Streptomyces roseoviolaceus	moderate	limited	moderate	limited	limited	limited	limited	limited	limited	limited	limited	limited	moderate	limited	0.1667	12	0.0000	moderate	limited	limited
Kitasatospora albolonga	moderate	limited	moderate	limited	limited	limited	NA	limited	limited	NA	limited	limited	limited	limited	0.1000	10	0.1667	moderate	limited	limited
Desulfobacter curvatus	limited	NA	moderate	NA	limited	NA	NA	limited	NA	NA	NA	NA	moderate	moderate	0.5000	4	0.6667	moderate	limited	moderate
Paraburkholderia phenoliruptrix	moderate	limited	moderate	moderate	limited	limited	limited	limited	limited	limited	limited	limited	moderate	limited	0.2500	12	0.0000	moderate	limited	limited
Streptomyces graminifolii	limited	limited	limited	NA	limited	NA	limited	limited	NA	NA	NA	NA	limited	limited	0.0000	6	0.5000	limited	limited	limited
Bacillus dafuensis	limited	NA	NA	NA	limited	NA	NA	limited	NA	NA	limited	NA	limited	limited	0.0000	4	0.6667	limited	limited	limited
Burkholderia puraquae	moderate	limited	moderate	NA	limited	limited	NA	limited	limited	limited	NA	NA	NA	limited	0.1429	7	0.4167	moderate	limited	limited
Xanthomonas prunicola	moderate	limited	moderate	limited	limited	limited	limited	limited	limited	limited	NA	limited	limited	limited	0.0909	11	0.0833	moderate	limited	limited
Yoonia vestfoldensis	moderate	moderate	moderate	limited	limited	limited	limited	limited	limited	NA	limited	NA	moderate	limited	0.3000	10	0.1667	moderate	limited	limited
Streptomyces ossamyceticus	extensive	limited	limited	limited	limited	limited	limited	limited	limited	limited	limited	limited	moderate	limited	0.0833	12	0.0000	moderate	limited	limited
Gordonia soli	moderate	NA	moderate	NA	limited	NA	limited	limited	NA	NA	limited	NA	NA	limited	0.2000	5	0.5833	moderate	limited	limited
Mycobacterium paraense	moderate	limited	limited	NA	limited	NA	limited	limited	NA	NA	NA	limited	limited	limited	0.0000	7	0.4167	limited	limited	limited
Erythrobacter ramosus	moderate	limited	NA	moderate	limited	limited	NA	limited	limited	limited	limited	NA	limited	limited	0.1111	9	0.2500	moderate	limited	limited
Streptomyces heilongjiangensis	moderate	limited	limited	limited	limited	limited	limited	limited	NA	NA	limited	limited	moderate	limited	0.1000	10	0.1667	moderate	limited	limited
Granulicatella balaenopterae	NA	NA	NA	NA	NA	NA	NA	NA	NA	NA	NA	NA	NA	NA	nan	0	1.0000			
Streptomyces scopiformis	moderate	limited	moderate	limited	limited	limited	NA	limited	NA	limited	limited	limited	limited	limited	0.1000	10	0.1667	moderate	limited	limited
Geobacillus icigianus	moderate	limited	moderate	moderate	moderate	limited	limited	limited	limited	NA	limited	limited	moderate	limited	0.3636	11	0.0833	moderate	limited	limited
Streptomyces polymachus	NA	limited	limited	NA	limited	NA	NA	limited	NA	NA	NA	NA	limited	limited	0.0000	5	0.5833	limited	limited	limited
Streptomyces malachitospinus	moderate	NA	moderate	limited	limited	limited	limited	limited	limited	NA	limited	limited	limited	limited	0.1000	10	0.1667	moderate	limited	limited
Legionella tucsonensis	limited	NA	NA	NA	limited	NA	NA	limited	limited	limited	NA	NA	NA	limited	0.0000	4	0.6667	limited	limited	limited
Acidithiobacillus ferriphilus	moderate	limited	moderate	moderate	moderate	limited	NA	limited	limited	limited	limited	limited	moderate	limited	0.3636	11	0.0833	moderate	limited	limited
Shewanella profunda	extensive	moderate	moderate	moderate	moderate	limited	limited	limited	limited	limited	limited	NA	moderate	limited	0.4545	11	0.0833	moderate	limited	limited
Enterococcus termitis	NA	limited	limited	NA	limited	limited	limited	NA	NA	NA	NA	limited	NA	limited	0.0000	6	0.5000	limited	limited	limited
Leifsonia soli	limited	limited	moderate	limited	limited	limited	NA	limited	limited	limited	limited	limited	moderate	limited	0.1818	11	0.0833	moderate	limited	limited
Cytobacillus kochii	moderate	NA	moderate	limited	limited	limited	limited	limited	limited	NA	NA	limited	limited	limited	0.1111	9	0.2500	moderate	limited	limited
Asaia siamensis	moderate	NA	limited	limited	limited	limited	limited	limited	limited	NA	limited	limited	NA	limited	0.0000	9	0.2500	limited	limited	limited
Streptomyces albiflaviniger	moderate	limited	limited	limited	limited	NA	limited	limited	limited	limited	limited	limited	moderate	limited	0.0909	11	0.0833	moderate	limited	limited
Halorubrum coriense	moderate	NA	moderate	NA	limited	NA	NA	limited	NA	NA	NA	limited	moderate	limited	0.4000	5	0.5833	moderate	limited	limited
Stenotrophomonas geniculata	extensive	limited	moderate	moderate	limited	limited	limited	limited	limited	limited	limited	limited	moderate	limited	0.2500	12	0.0000	moderate	limited	limited
Achromobacter animicus	NA	NA	NA	NA	limited	limited	NA	limited	NA	NA	NA	NA	NA	limited	0.0000	3	0.7500	limited	limited	limited
Acinetobacter proteolyticus	moderate	NA	limited	limited	limited	NA	limited	limited	limited	NA	limited	NA	limited	limited	0.0000	8	0.3333	limited	limited	limited
Gordonia effusa	moderate	NA	NA	NA	limited	limited	limited	limited	limited	NA	limited	NA	limited	limited	0.0000	7	0.4167	limited	limited	limited
Borreliella garinii	extensive	moderate	moderate	moderate	moderate	moderate	moderate	moderate	moderate	moderate	limited	NA	moderate	moderate	0.9091	11	0.0833	moderate	limited	moderate
Isoptericola dokdonensis	limited	limited	moderate	limited	limited	limited	NA	limited	NA	limited	NA	limited	limited	limited	0.1111	9	0.2500	moderate	limited	limited
Rhodococcus marinonascens	NA	NA	moderate	NA	limited	limited	NA	limited	limited	NA	limited	NA	limited	limited	0.1429	7	0.4167	moderate	limited	limited
Lentilactobacillus kisonensis	moderate	limited	NA	NA	limited	NA	limited	limited	limited	NA	NA	NA	NA	limited	0.0000	5	0.5833	limited	limited	limited
Sanguibacter inulinus	moderate	limited	moderate	limited	limited	NA	NA	limited	NA	NA	NA	limited	limited	limited	0.1429	7	0.4167	moderate	limited	limited
Chryseobacterium oncorhynchi	moderate	limited	moderate	limited	limited	limited	limited	limited	limited	limited	limited	limited	moderate	limited	0.1667	12	0.0000	moderate	limited	limited
Streptomyces prasinosporus	moderate	limited	limited	limited	limited	NA	NA	limited	NA	NA	limited	limited	limited	limited	0.0000	8	0.3333	limited	limited	limited
Flavobacterium saliperosum	NA	NA	limited	NA	limited	NA	NA	NA	NA	NA	NA	NA	limited	limited	0.0000	3	0.7500	limited	limited	limited
Rhizobium bangladeshense	moderate	NA	moderate	NA	limited	limited	limited	limited	NA	moderate	limited	NA	moderate	limited	0.3750	8	0.3333	moderate	limited	limited
Streptomyces tritici	moderate	limited	moderate	limited	limited	NA	limited	limited	limited	NA	NA	limited	limited	limited	0.1111	9	0.2500	moderate	limited	limited
Herbaspirillum chlorophenolicum	NA	limited	NA	NA	limited	NA	NA	limited	limited	NA	NA	NA	NA	limited	0.0000	4	0.6667	limited	limited	limited
Gordonia malaquae	moderate	NA	moderate	NA	limited	limited	limited	limited	limited	NA	NA	NA	NA	limited	0.1667	6	0.5000	moderate	limited	limited
Micromonospora halophytica	moderate	NA	NA	NA	moderate	NA	NA	limited	limited	NA	limited	limited	limited	limited	0.1667	6	0.5000	moderate	limited	limited
Colwellia hornerae	moderate	NA	NA	moderate	moderate	NA	NA	limited	NA	NA	NA	NA	NA	moderate	0.6667	3	0.7500	moderate	limited	moderate
Chryseobacterium taihuense	limited	limited	moderate	limited	limited	limited	limited	limited	limited	NA	limited	limited	limited	limited	0.0909	11	0.0833	moderate	limited	limited
Streptomyces cinereospinus	moderate	NA	limited	limited	limited	NA	limited	limited	limited	limited	limited	NA	limited	limited	0.0000	9	0.2500	limited	limited	limited
Streptomyces staurosporininus	NA	limited	limited	limited	limited	NA	NA	limited	NA	limited	limited	limited	limited	limited	0.0000	9	0.2500	limited	limited	limited
Macrococcus bohemicus	moderate	NA	moderate	NA	limited	NA	NA	limited	NA	NA	limited	limited	NA	limited	0.2000	5	0.5833	moderate	limited	limited
Pseudomonas hydrolytica	moderate	NA	NA	NA	NA	NA	NA	NA	NA	NA	NA	limited	NA	NA	nan	1	0.9167			
Streptomyces odonnellii	NA	NA	limited	limited	NA	NA	NA	limited	NA	limited	NA	NA	limited	limited	0.0000	5	0.5833	limited	limited	limited
Limnobaculum parvum	NA	NA	NA	NA	NA	NA	NA	NA	NA	NA	NA	NA	NA	NA	nan	0	1.0000			
Leptospira alstonii	moderate	moderate	NA	limited	limited	limited	limited	limited	limited	NA	limited	NA	moderate	limited	0.2222	9	0.2500	moderate	limited	limited
Comamonas odontotermitis	limited	NA	NA	NA	limited	NA	NA	NA	NA	NA	NA	NA	limited	NA	nan	2	0.8333			
Sphingobium quisquiliarum	moderate	limited	NA	limited	limited	limited	NA	limited	limited	NA	NA	NA	limited	limited	0.0000	7	0.4167	limited	limited	limited
Bartonella capreoli	moderate	limited	limited	moderate	moderate	limited	limited	limited	limited	moderate	NA	NA	moderate	limited	0.4000	10	0.1667	moderate	limited	limited
Pseudomonas shirazica	moderate	NA	limited	NA	limited	NA	NA	limited	limited	NA	NA	limited	limited	limited	0.0000	6	0.5000	limited	limited	limited
Mycobacterium basiliense	NA	limited	NA	NA	limited	NA	NA	limited	NA	NA	NA	NA	limited	limited	0.0000	4	0.6667	limited	limited	limited
Microbacterium kitamiense	moderate	limited	moderate	limited	limited	limited	limited	limited	limited	limited	limited	limited	moderate	limited	0.1667	12	0.0000	moderate	limited	limited
Rothia endophytica	NA	NA	NA	NA	limited	NA	NA	limited	NA	NA	NA	NA	NA	NA	nan	2	0.8333			
Kocuria salsicia	limited	NA	moderate	NA	limited	NA	NA	limited	limited	limited	NA	NA	limited	limited	0.1667	6	0.5000	moderate	limited	limited
Clostridium saudiense	moderate	NA	NA	NA	limited	NA	NA	limited	NA	NA	NA	NA	limited	limited	0.0000	3	0.7500	limited	limited	limited
Pseudarthrobacter sulfonivorans	moderate	limited	NA	NA	NA	NA	NA	limited	NA	NA	limited	NA	limited	limited	0.0000	4	0.6667	limited	limited	limited
Macrococcus goetzii	moderate	NA	limited	limited	NA	limited	limited	limited	limited	limited	NA	NA	limited	limited	0.0000	8	0.3333	limited	limited	limited
Proteus columbae	moderate	NA	NA	NA	NA	NA	NA	limited	NA	NA	NA	NA	NA	NA	nan	1	0.9167			
Pseudomonas monsensis	moderate	NA	limited	NA	limited	NA	NA	limited	limited	NA	NA	limited	limited	limited	0.0000	6	0.5000	limited	limited	limited
Burkholderia orbicola	moderate	NA	moderate	limited	limited	limited	NA	limited	limited	NA	limited	NA	moderate	limited	0.2500	8	0.3333	moderate	limited	limited
Microbacterium thalassium	moderate	NA	moderate	limited	limited	limited	limited	limited	limited	NA	limited	limited	limited	limited	0.1000	10	0.1667	moderate	limited	limited
Acidovorax defluvii	moderate	limited	moderate	limited	limited	limited	NA	limited	limited	limited	limited	NA	moderate	limited	0.2000	10	0.1667	moderate	limited	limited
Streptomyces lasiicapitis	NA	NA	NA	NA	NA	NA	NA	NA	NA	NA	NA	NA	NA	NA	nan	0	1.0000			
Acetomicrobium mobile	moderate	moderate	moderate	moderate	moderate	limited	limited	limited	NA	NA	limited	limited	moderate	moderate	0.5000	10	0.1667	moderate	limited	moderate
Streptomyces similanensis	moderate	limited	limited	NA	limited	NA	NA	limited	NA	NA	limited	limited	NA	limited	0.0000	6	0.5000	limited	limited	limited
Serratia nevei	NA	NA	NA	NA	NA	NA	NA	NA	NA	NA	NA	NA	NA	NA	nan	0	1.0000			
Streptomyces longhuiensis	limited	NA	limited	NA	NA	NA	NA	limited	NA	NA	NA	NA	limited	limited	0.0000	3	0.7500	limited	limited	limited
Corynebacterium hansenii	moderate	NA	moderate	limited	limited	limited	limited	limited	limited	NA	limited	limited	limited	limited	0.1000	10	0.1667	moderate	limited	limited
Bacillus isabeliae	moderate	NA	limited	limited	limited	NA	NA	limited	limited	limited	NA	NA	limited	limited	0.0000	7	0.4167	limited	limited	limited
Aeromonas rivuli	moderate	moderate	moderate	moderate	limited	limited	limited	limited	limited	limited	NA	limited	moderate	limited	0.3636	11	0.0833	moderate	limited	limited
Actinomadura geliboluensis	NA	NA	NA	NA	NA	NA	NA	NA	NA	NA	NA	NA	NA	NA	nan	0	1.0000			
Corallococcus macrosporus	moderate	moderate	moderate	limited	limited	limited	NA	limited	limited	limited	limited	limited	moderate	limited	0.2727	11	0.0833	moderate	limited	limited
Mycoplana dimorpha	moderate	NA	NA	NA	limited	limited	NA	limited	NA	NA	NA	NA	limited	limited	0.0000	4	0.6667	limited	limited	limited
Microbacterium saccharophilum	moderate	limited	moderate	limited	limited	limited	NA	limited	limited	limited	limited	limited	moderate	limited	0.1818	11	0.0833	moderate	limited	limited
Nocardiopsis kunsanensis	moderate	NA	moderate	limited	moderate	NA	NA	limited	limited	NA	NA	limited	moderate	limited	0.4286	7	0.4167	moderate	limited	limited
Kingella negevensis	moderate	limited	moderate	limited	NA	limited	NA	limited	limited	moderate	NA	NA	limited	limited	0.2500	8	0.3333	moderate	limited	limited
Rhizobium mesosinicum	moderate	moderate	moderate	NA	limited	limited	limited	limited	limited	moderate	limited	NA	moderate	limited	0.4000	10	0.1667	moderate	limited	limited
Azospirillum rugosum	moderate	limited	moderate	moderate	limited	limited	limited	limited	limited	NA	limited	limited	moderate	limited	0.2727	11	0.0833	moderate	limited	limited
Caballeronia zhejiangensis	limited	NA	NA	NA	NA	NA	NA	limited	NA	NA	NA	NA	NA	NA	nan	1	0.9167			
Flavobacterium plurextorum	limited	NA	limited	limited	limited	NA	limited	limited	limited	NA	limited	limited	moderate	limited	0.1111	9	0.2500	moderate	limited	limited
Achromobacter dolens	NA	limited	moderate	limited	limited	NA	limited	limited	limited	NA	NA	NA	NA	limited	0.1429	7	0.4167	moderate	limited	limited
Planococcus kocurii	NA	NA	NA	NA	limited	NA	NA	NA	NA	NA	NA	NA	NA	NA	nan	1	0.9167			
Rickettsia asiatica	limited	NA	limited	NA	limited	limited	NA	limited	NA	NA	NA	NA	limited	limited	0.0000	5	0.5833	limited	limited	limited
Nocardia gipuzkoensis	NA	NA	NA	NA	limited	NA	NA	limited	NA	NA	NA	NA	NA	NA	nan	2	0.8333			
Sinorhizobium kostiense	NA	limited	moderate	NA	limited	NA	NA	limited	limited	limited	NA	NA	limited	limited	0.1429	7	0.4167	moderate	limited	limited
Pseudomonas nitritireducens	moderate	NA	moderate	limited	limited	NA	limited	limited	limited	limited	limited	limited	limited	limited	0.1000	10	0.1667	moderate	limited	limited
Solibacillus kalamii	moderate	limited	moderate	moderate	moderate	NA	limited	limited	limited	NA	NA	limited	moderate	limited	0.4444	9	0.2500	moderate	limited	limited
Pseudoclavibacter helvolus	moderate	NA	moderate	limited	limited	limited	NA	limited	limited	NA	limited	limited	limited	limited	0.1111	9	0.2500	moderate	limited	limited
Heliomicrobium modesticaldum	limited	moderate	moderate	moderate	limited	limited	NA	limited	NA	NA	NA	limited	NA	limited	0.4286	7	0.4167	moderate	limited	limited
Paenibacillus fonticola	moderate	NA	moderate	limited	limited	limited	limited	limited	limited	NA	limited	limited	moderate	limited	0.2000	10	0.1667	moderate	limited	limited
Mycolicibacterium chubuense	extensive	moderate	moderate	moderate	moderate	limited	limited	limited	limited	limited	limited	limited	moderate	limited	0.4167	12	0.0000	moderate	limited	limited
Vibrio europaeus	moderate	moderate	moderate	moderate	limited	limited	limited	limited	limited	moderate	NA	NA	moderate	moderate	0.5000	10	0.1667	moderate	limited	moderate
Rhizobium yanglingense	moderate	moderate	moderate	moderate	limited	limited	limited	limited	limited	moderate	limited	NA	moderate	limited	0.4545	11	0.0833	moderate	limited	limited
Clostridium liquoris	moderate	limited	moderate	limited	limited	limited	NA	limited	limited	NA	NA	limited	limited	limited	0.1111	9	0.2500	moderate	limited	limited
Cryobacterium psychrotolerans	moderate	limited	moderate	moderate	moderate	limited	NA	limited	limited	NA	NA	limited	moderate	limited	0.4444	9	0.2500	moderate	limited	limited
Luteibacter anthropi	moderate	limited	moderate	limited	limited	limited	NA	limited	NA	NA	limited	NA	limited	limited	0.1250	8	0.3333	moderate	limited	limited
Streptomyces thermospinosisporus	limited	limited	limited	limited	limited	limited	limited	limited	limited	limited	limited	limited	limited	limited	0.0000	12	0.0000	limited	limited	limited
Actinomadura atramentaria	moderate	limited	moderate	NA	limited	limited	limited	limited	NA	NA	NA	NA	moderate	limited	0.2857	7	0.4167	moderate	limited	limited
Flavobacterium tructae	moderate	NA	moderate	limited	limited	NA	moderate	limited	NA	moderate	NA	limited	moderate	moderate	0.5000	8	0.3333	moderate	limited	moderate
Mesorhizobium chacoense	moderate	limited	moderate	limited	limited	limited	limited	limited	limited	limited	limited	NA	moderate	limited	0.1818	11	0.0833	moderate	limited	limited
Staphylococcus cornubiensis	NA	NA	NA	NA	NA	NA	NA	limited	NA	NA	NA	limited	limited	limited	0.0000	3	0.7500	limited	limited	limited
Yersinia hibernica	moderate	limited	moderate	NA	limited	limited	limited	limited	NA	limited	NA	NA	moderate	limited	0.2500	8	0.3333	moderate	limited	limited
Micromonospora coxensis	moderate	NA	moderate	limited	limited	NA	NA	limited	limited	NA	NA	limited	limited	limited	0.1429	7	0.4167	moderate	limited	limited
Gordonia cholesterolivorans	moderate	limited	moderate	moderate	limited	limited	limited	limited	limited	NA	NA	limited	moderate	limited	0.3000	10	0.1667	moderate	limited	limited
Corynebacterium crudilactis	moderate	limited	moderate	limited	limited	limited	limited	limited	limited	NA	NA	limited	limited	limited	0.1000	10	0.1667	moderate	limited	limited
Flavobacterium subsaxonicum	NA	NA	limited	NA	limited	NA	NA	limited	NA	NA	limited	NA	NA	limited	0.0000	4	0.6667	limited	limited	limited
Streptomyces kronopolitis	moderate	limited	limited	limited	limited	limited	NA	limited	NA	limited	limited	NA	moderate	limited	0.1111	9	0.2500	moderate	limited	limited
Streptomyces cahuitamycinicus	limited	NA	NA	NA	NA	NA	NA	limited	NA	NA	NA	NA	limited	NA	nan	2	0.8333			
Pectobacterium polonicum	limited	NA	NA	NA	NA	limited	NA	limited	limited	NA	NA	limited	limited	limited	0.0000	5	0.5833	limited	limited	limited
Bradyrhizobium manausense	moderate	limited	moderate	NA	limited	limited	limited	limited	NA	NA	limited	limited	limited	limited	0.1111	9	0.2500	moderate	limited	limited
Paraburkholderia megapolitana	moderate	NA	moderate	moderate	limited	NA	limited	limited	NA	NA	limited	NA	moderate	limited	0.4286	7	0.4167	moderate	limited	limited
Agromyces aureus	moderate	limited	moderate	limited	limited	limited	NA	limited	limited	limited	limited	limited	limited	limited	0.0909	11	0.0833	moderate	limited	limited
Paenibacillus terrigena	extensive	moderate	moderate	moderate	limited	limited	limited	limited	limited	limited	limited	limited	moderate	limited	0.3333	12	0.0000	moderate	limited	limited
Flavobacterium xinjiangense	NA	NA	limited	limited	limited	limited	NA	limited	limited	NA	limited	NA	limited	limited	0.0000	8	0.3333	limited	limited	limited
Aminobacter lissarensis	NA	NA	NA	NA	NA	NA	NA	limited	NA	NA	NA	NA	NA	NA	nan	1	0.9167			
Morococcus cerebrosus	NA	NA	NA	NA	limited	NA	NA	NA	limited	NA	NA	NA	NA	NA	nan	2	0.8333			
Streptomyces ziwulingensis	moderate	NA	limited	limited	NA	NA	NA	limited	limited	limited	limited	limited	limited	limited	0.0000	8	0.3333	limited	limited	limited
Rhizobium binae	NA	NA	NA	NA	NA	NA	NA	NA	NA	NA	NA	NA	NA	NA	nan	0	1.0000			
Mesorhizobium temperatum	moderate	NA	NA	NA	limited	limited	limited	limited	limited	NA	limited	limited	limited	limited	0.0000	8	0.3333	limited	limited	limited
Pseudomonas nicosulfuronedens	NA	NA	limited	NA	limited	NA	NA	NA	NA	NA	NA	limited	NA	limited	0.0000	3	0.7500	limited	limited	limited
Bacillus arachidis	limited	NA	NA	limited	limited	NA	NA	NA	NA	NA	limited	NA	moderate	limited	0.2500	4	0.6667	moderate	limited	limited
Nocardia flavorosea	moderate	limited	moderate	limited	limited	limited	limited	limited	limited	limited	limited	limited	moderate	limited	0.1667	12	0.0000	moderate	limited	limited
Microbulbifer elongatus	moderate	NA	NA	NA	limited	NA	NA	limited	limited	NA	NA	NA	NA	limited	0.0000	3	0.7500	limited	limited	limited
Pseudomonas wadenswilerensis	NA	NA	NA	NA	NA	NA	NA	limited	NA	NA	NA	NA	NA	NA	nan	1	0.9167			
Pseudomonas turukhanskensis	moderate	NA	NA	NA	limited	NA	NA	limited	NA	NA	limited	NA	limited	limited	0.0000	4	0.6667	limited	limited	limited
Cecembia lonarensis	NA	NA	NA	NA	NA	NA	NA	NA	NA	NA	NA	NA	NA	NA	nan	0	1.0000			
Streptomyces yaanensis	moderate	limited	limited	NA	limited	NA	NA	limited	NA	NA	NA	NA	limited	limited	0.0000	5	0.5833	limited	limited	limited
Vibrio agarivorans	moderate	limited	moderate	moderate	limited	limited	limited	limited	limited	NA	limited	NA	moderate	limited	0.3000	10	0.1667	moderate	limited	limited
Lentilactobacillus diolivorans	moderate	limited	NA	moderate	limited	limited	NA	limited	limited	NA	NA	limited	limited	limited	0.1250	8	0.3333	moderate	limited	limited
Rhodococcus phenolicus	moderate	NA	moderate	limited	limited	limited	NA	limited	NA	NA	limited	NA	moderate	limited	0.2857	7	0.4167	moderate	limited	limited
Rhizobium johnstonii	moderate	NA	moderate	limited	limited	NA	NA	limited	limited	moderate	limited	NA	limited	limited	0.2500	8	0.3333	moderate	limited	limited
Streptomyces lacrimifluminis	moderate	limited	limited	NA	limited	NA	NA	limited	limited	NA	NA	limited	limited	limited	0.0000	7	0.4167	limited	limited	limited
Pseudomonas mangiferae	moderate	NA	limited	limited	limited	limited	limited	limited	limited	NA	NA	limited	limited	limited	0.0000	9	0.2500	limited	limited	limited
Bhargavaea beijingensis	limited	limited	moderate	NA	limited	limited	NA	limited	limited	NA	NA	limited	limited	limited	0.1250	8	0.3333	moderate	limited	limited
Bartonella queenslandensis	limited	NA	NA	limited	limited	limited	NA	limited	NA	moderate	NA	NA	moderate	limited	0.3333	6	0.5000	moderate	limited	limited
Chryseobacterium geocarposphaerae	limited	limited	moderate	NA	limited	limited	limited	limited	limited	NA	limited	limited	limited	limited	0.1000	10	0.1667	moderate	limited	limited
Rhizobium esperanzae	moderate	NA	limited	NA	NA	NA	NA	limited	NA	NA	limited	NA	NA	limited	0.0000	3	0.7500	limited	limited	limited
Actinomadura bangladeshensis	moderate	NA	NA	NA	NA	NA	NA	limited	NA	limited	NA	NA	NA	NA	nan	2	0.8333			
Enterococcus rotai	limited	limited	moderate	limited	limited	limited	limited	limited	limited	NA	NA	limited	limited	limited	0.1000	10	0.1667	moderate	limited	limited
Streptomyces cinnabarigriseus	moderate	limited	limited	limited	limited	limited	limited	limited	limited	limited	limited	limited	moderate	limited	0.0833	12	0.0000	moderate	limited	limited
Marinobacter gudaonensis	moderate	limited	NA	NA	limited	NA	NA	limited	NA	limited	NA	NA	limited	limited	0.0000	5	0.5833	limited	limited	limited
Burkholderia mayonis	NA	NA	moderate	NA	limited	NA	NA	NA	NA	NA	NA	NA	limited	limited	0.3333	3	0.7500	moderate	limited	limited
Trinickia caryophylli	NA	NA	NA	NA	limited	NA	limited	limited	NA	NA	limited	NA	NA	limited	0.0000	4	0.6667	limited	limited	limited
Paenibacillus daejeonensis	moderate	NA	moderate	limited	limited	limited	limited	limited	limited	NA	limited	limited	moderate	limited	0.2000	10	0.1667	moderate	limited	limited
Xenorhabdus ehlersii	moderate	NA	moderate	NA	limited	NA	limited	limited	NA	limited	NA	NA	limited	limited	0.1667	6	0.5000	moderate	limited	limited
Micromonospora profundi	moderate	NA	moderate	limited	limited	NA	NA	limited	limited	NA	NA	NA	limited	limited	0.1667	6	0.5000	moderate	limited	limited
Paraburkholderia bryophila	moderate	moderate	moderate	moderate	limited	moderate	limited	limited	limited	NA	limited	limited	moderate	limited	0.4545	11	0.0833	moderate	limited	limited
Brevibacterium ravenspurgense	limited	NA	moderate	limited	limited	NA	NA	limited	limited	NA	limited	NA	limited	limited	0.1429	7	0.4167	moderate	limited	limited
Myroides phaeus	limited	NA	NA	NA	limited	limited	limited	limited	NA	NA	NA	NA	limited	limited	0.0000	5	0.5833	limited	limited	limited
Acinetobacter albensis	moderate	limited	limited	NA	limited	limited	limited	limited	limited	limited	limited	limited	limited	limited	0.0000	11	0.0833	limited	limited	limited
Leifsonia rubra	limited	NA	moderate	limited	limited	limited	NA	limited	limited	limited	limited	limited	moderate	limited	0.2000	10	0.1667	moderate	limited	limited
Chryseobacterium rhizoplanae	limited	limited	moderate	NA	limited	limited	limited	limited	limited	NA	limited	limited	limited	limited	0.1000	10	0.1667	moderate	limited	limited
Pseudomonas fildesensis	moderate	NA	limited	NA	limited	NA	limited	limited	NA	NA	NA	limited	limited	limited	0.0000	6	0.5000	limited	limited	limited
Vibrio japonicus	moderate	NA	NA	limited	limited	NA	limited	limited	limited	NA	limited	NA	limited	limited	0.0000	7	0.4167	limited	limited	limited
Kocuria carniphila	limited	NA	moderate	NA	limited	NA	NA	limited	NA	NA	NA	limited	limited	limited	0.2000	5	0.5833	moderate	limited	limited
Streptomyces sennicomposti	moderate	limited	limited	NA	limited	NA	NA	limited	NA	NA	limited	NA	moderate	limited	0.1667	6	0.5000	moderate	limited	limited
Enterococcus saigonensis	NA	NA	NA	NA	limited	NA	NA	limited	NA	NA	NA	limited	NA	limited	0.0000	3	0.7500	limited	limited	limited
Modestobacter multiseptatus	NA	NA	NA	NA	limited	NA	NA	limited	NA	NA	NA	NA	NA	NA	nan	2	0.8333			
Streptomyces lushanensis	moderate	limited	limited	limited	limited	limited	NA	limited	limited	NA	limited	limited	limited	limited	0.0000	10	0.1667	limited	limited	limited
Bradyrhizobium paxllaeri	moderate	moderate	moderate	moderate	limited	limited	limited	limited	limited	moderate	limited	limited	moderate	limited	0.4167	12	0.0000	moderate	limited	limited
Streptococcus toyakuensis	limited	NA	NA	NA	NA	NA	NA	NA	NA	NA	NA	limited	NA	NA	nan	1	0.9167			
Halorubrum lipolyticum	moderate	NA	NA	NA	limited	NA	NA	limited	NA	NA	NA	NA	NA	NA	nan	2	0.8333			
Mycolicibacterium mucogenicum	extensive	moderate	moderate	moderate	moderate	moderate	moderate	moderate	limited	limited	limited	limited	moderate	moderate	0.6667	12	0.0000	moderate	limited	moderate
Streptomyces arcticus	moderate	limited	moderate	moderate	limited	NA	limited	limited	limited	NA	limited	limited	moderate	limited	0.3000	10	0.1667	moderate	limited	limited
Alteromonas hispanica	moderate	NA	moderate	limited	limited	limited	NA	limited	limited	limited	limited	NA	limited	limited	0.1111	9	0.2500	moderate	limited	limited
Pandoraea faecigallinarum	limited	limited	NA	NA	limited	NA	limited	limited	limited	NA	NA	NA	NA	limited	0.0000	5	0.5833	limited	limited	limited
Streptomyces kaempferi	moderate	limited	limited	limited	limited	limited	limited	limited	limited	limited	limited	limited	moderate	limited	0.0833	12	0.0000	moderate	limited	limited
Streptomyces roietensis	moderate	NA	NA	limited	NA	NA	NA	limited	NA	NA	NA	NA	limited	limited	0.0000	3	0.7500	limited	limited	limited
Amycolatopsis lexingtonensis	moderate	limited	NA	NA	limited	NA	NA	limited	NA	NA	NA	NA	NA	limited	0.0000	3	0.7500	limited	limited	limited
Pseudomonas sichuanensis	NA	NA	NA	NA	limited	NA	NA	limited	NA	NA	NA	limited	limited	limited	0.0000	4	0.6667	limited	limited	limited
Sphingomonas phyllosphaerae	moderate	limited	moderate	moderate	limited	limited	limited	limited	limited	NA	limited	limited	moderate	limited	0.2727	11	0.0833	moderate	limited	limited
Pseudarthrobacter psychrotolerans	moderate	limited	moderate	moderate	limited	limited	limited	limited	limited	limited	limited	limited	limited	limited	0.1667	12	0.0000	moderate	limited	limited
Pseudomonas fitomaticsae	limited	NA	limited	NA	NA	NA	NA	limited	NA	NA	NA	NA	NA	NA	nan	2	0.8333			
Bifidobacterium eulemuris	moderate	NA	NA	limited	NA	limited	NA	limited	NA	limited	NA	NA	limited	limited	0.0000	5	0.5833	limited	limited	limited
Pseudoalteromonas fuliginea	moderate	NA	limited	limited	limited	limited	limited	limited	limited	limited	NA	NA	limited	limited	0.0000	9	0.2500	limited	limited	limited
Chryseobacterium taichungense	limited	limited	moderate	limited	limited	limited	limited	limited	limited	limited	limited	limited	moderate	limited	0.1667	12	0.0000	moderate	limited	limited
Pusillimonas noertemannii	moderate	limited	limited	limited	limited	limited	NA	limited	limited	limited	NA	NA	limited	limited	0.0000	9	0.2500	limited	limited	limited
Dyella terrae	moderate	NA	NA	limited	limited	NA	NA	limited	NA	NA	limited	NA	limited	limited	0.0000	5	0.5833	limited	limited	limited
Staphylococcus caeli	limited	NA	NA	NA	limited	NA	NA	limited	NA	NA	NA	limited	limited	limited	0.0000	4	0.6667	limited	limited	limited
Caenibius tardaugens	moderate	limited	moderate	moderate	limited	limited	limited	limited	limited	NA	NA	NA	NA	limited	0.2500	8	0.3333	moderate	limited	limited
Pandoraea fibrosis	moderate	NA	moderate	limited	limited	NA	limited	limited	limited	limited	limited	limited	moderate	limited	0.2000	10	0.1667	moderate	limited	limited
Achromobacter agilis	moderate	limited	moderate	moderate	limited	limited	limited	limited	limited	limited	limited	limited	moderate	limited	0.2500	12	0.0000	moderate	limited	limited
Veillonella infantium	moderate	limited	NA	limited	limited	limited	NA	limited	limited	NA	NA	limited	limited	limited	0.0000	8	0.3333	limited	limited	limited
Streptomyces capitiformicae	moderate	limited	limited	limited	limited	NA	NA	limited	NA	NA	NA	NA	limited	limited	0.0000	6	0.5000	limited	limited	limited
Clostridium aciditolerans	moderate	NA	NA	NA	limited	NA	NA	limited	limited	limited	NA	limited	limited	limited	0.0000	6	0.5000	limited	limited	limited
Microbacterium yannicii	moderate	limited	moderate	limited	limited	NA	limited	limited	limited	NA	limited	limited	moderate	limited	0.2000	10	0.1667	moderate	limited	limited
Burkholderia singularis	extensive	moderate	moderate	moderate	limited	limited	limited	limited	limited	NA	limited	limited	moderate	limited	0.3636	11	0.0833	moderate	limited	limited
Pseudomonas nunensis	moderate	NA	limited	NA	NA	NA	NA	limited	NA	NA	NA	limited	limited	limited	0.0000	4	0.6667	limited	limited	limited
Mycobacterium persicum	moderate	NA	limited	NA	NA	NA	NA	limited	NA	NA	NA	limited	limited	limited	0.0000	4	0.6667	limited	limited	limited
Bradyrhizobium viridifuturi	extensive	moderate	moderate	moderate	limited	limited	limited	moderate	limited	moderate	limited	limited	moderate	moderate	0.5000	12	0.0000	moderate	limited	moderate
Citrobacter cronae	moderate	NA	moderate	NA	limited	NA	limited	limited	limited	NA	limited	limited	limited	limited	0.1250	8	0.3333	moderate	limited	limited
Epilithonimonas vandammei	limited	limited	limited	limited	limited	limited	limited	limited	limited	NA	limited	NA	limited	limited	0.0000	10	0.1667	limited	limited	limited
Pseudomonas anuradhapurensis	limited	NA	NA	NA	limited	NA	NA	limited	NA	NA	NA	NA	NA	NA	nan	2	0.8333			
Promicromonospora sukumoe	limited	NA	NA	NA	limited	NA	NA	limited	NA	NA	NA	NA	NA	NA	nan	2	0.8333			
Paraphotobacterium marinum	limited	NA	NA	NA	NA	NA	NA	limited	NA	NA	NA	NA	NA	NA	nan	1	0.9167			
Paraburkholderia terricola	moderate	NA	moderate	limited	NA	NA	NA	limited	limited	limited	limited	limited	limited	limited	0.1250	8	0.3333	moderate	limited	limited
Erwinia iniecta	NA	NA	limited	limited	limited	limited	limited	limited	limited	NA	NA	limited	limited	limited	0.0000	9	0.2500	limited	limited	limited
Streptomyces asoensis	moderate	limited	limited	limited	limited	NA	NA	limited	NA	NA	limited	NA	limited	limited	0.0000	7	0.4167	limited	limited	limited
Planococcus plakortidis	limited	limited	NA	NA	limited	NA	NA	limited	NA	NA	NA	NA	limited	limited	0.0000	4	0.6667	limited	limited	limited
Clostridium tepidum	moderate	limited	moderate	limited	limited	limited	limited	limited	limited	NA	limited	limited	moderate	limited	0.1818	11	0.0833	moderate	limited	limited
Streptomyces glebosus	moderate	limited	limited	limited	limited	NA	limited	limited	limited	NA	limited	NA	limited	limited	0.0000	9	0.2500	limited	limited	limited
Myxococcus llanfairpwllgwyngyllgogerychwyrndrobwllllantysiliogogogochensis	NA	NA	NA	NA	NA	NA	NA	NA	NA	NA	NA	NA	NA	NA	nan	0	1.0000			
Vibrio ezurae	NA	NA	NA	NA	NA	NA	NA	NA	NA	NA	NA	NA	NA	NA	nan	0	1.0000			
Streptococcus marimammalium	moderate	limited	moderate	limited	limited	limited	limited	limited	limited	limited	NA	limited	limited	limited	0.0909	11	0.0833	moderate	limited	limited
Actinomadura yumaensis	limited	NA	NA	NA	limited	NA	NA	limited	NA	NA	NA	NA	NA	NA	nan	2	0.8333			
Microbacterium mangrovi	moderate	NA	moderate	limited	limited	limited	limited	limited	limited	limited	NA	limited	limited	limited	0.1000	10	0.1667	moderate	limited	limited
Actinomadura mexicana	moderate	limited	NA	NA	limited	NA	limited	limited	limited	NA	NA	NA	NA	limited	0.0000	5	0.5833	limited	limited	limited
Streptomyces krungchingensis	limited	limited	limited	limited	limited	NA	NA	limited	limited	NA	limited	NA	limited	limited	0.0000	8	0.3333	limited	limited	limited
Bradyrhizobium cajani	moderate	limited	moderate	limited	limited	limited	limited	limited	limited	limited	limited	NA	moderate	limited	0.1818	11	0.0833	moderate	limited	limited
[Curtobacterium] plantarum	moderate	NA	limited	limited	limited	NA	NA	limited	limited	limited	limited	NA	limited	limited	0.0000	8	0.3333	limited	limited	limited
Pseudomonas kermanshahensis	limited	NA	NA	NA	NA	NA	NA	limited	NA	NA	NA	NA	NA	NA	nan	1	0.9167			
Mycolicibacterium phocaicum	extensive	NA	moderate	limited	limited	limited	limited	limited	NA	NA	limited	limited	moderate	limited	0.2222	9	0.2500	moderate	limited	limited
Sinorhizobium mexicanum	moderate	limited	moderate	limited	limited	limited	limited	limited	limited	limited	limited	NA	limited	limited	0.0909	11	0.0833	moderate	limited	limited
Bradyrhizobium rifense	moderate	limited	moderate	limited	limited	limited	limited	limited	limited	NA	limited	NA	moderate	limited	0.2000	10	0.1667	moderate	limited	limited
Microbacterium ginsengiterrae	moderate	limited	moderate	NA	limited	limited	NA	limited	NA	NA	limited	NA	limited	limited	0.1429	7	0.4167	moderate	limited	limited
Halobiforma nitratireducens	limited	NA	NA	moderate	limited	NA	NA	limited	NA	NA	NA	NA	moderate	moderate	0.5000	4	0.6667	moderate	limited	moderate
Rhizobium lentis	moderate	limited	moderate	NA	limited	limited	limited	limited	NA	moderate	limited	NA	moderate	limited	0.3333	9	0.2500	moderate	limited	limited
Streptomyces nymphaeiformis	moderate	limited	moderate	limited	limited	limited	limited	limited	limited	NA	limited	limited	moderate	limited	0.1818	11	0.0833	moderate	limited	limited
Kaistella jeonii	NA	NA	NA	NA	limited	limited	NA	NA	NA	NA	NA	NA	NA	NA	nan	2	0.8333			
Leptothrix mobilis	moderate	NA	NA	NA	limited	NA	NA	limited	NA	NA	NA	NA	moderate	limited	0.3333	3	0.7500	moderate	limited	limited
Bifidobacterium tissieri	moderate	limited	moderate	limited	limited	limited	limited	limited	limited	limited	limited	limited	moderate	limited	0.1667	12	0.0000	moderate	limited	limited
Rhizobium sophorae	moderate	NA	moderate	NA	limited	NA	NA	limited	NA	NA	limited	NA	NA	limited	0.2500	4	0.6667	moderate	limited	limited
Nocardiopsis alkaliphila	moderate	NA	moderate	NA	moderate	limited	NA	limited	limited	NA	NA	limited	limited	limited	0.2857	7	0.4167	moderate	limited	limited
Mesorhizobium septentrionale	moderate	NA	NA	limited	limited	NA	limited	limited	NA	NA	limited	limited	limited	limited	0.0000	7	0.4167	limited	limited	limited
Mesorhizobium tamadayense	NA	NA	moderate	limited	limited	limited	NA	limited	NA	NA	limited	limited	limited	limited	0.1250	8	0.3333	moderate	limited	limited
Promicromonospora citrea	moderate	NA	moderate	limited	limited	limited	limited	limited	limited	NA	limited	limited	limited	limited	0.1000	10	0.1667	moderate	limited	limited
Dietzia lutea	moderate	NA	moderate	moderate	limited	NA	NA	limited	limited	NA	NA	NA	NA	limited	0.4000	5	0.5833	moderate	limited	limited
Providencia huaxiensis	limited	NA	NA	NA	NA	NA	NA	limited	NA	NA	NA	NA	NA	NA	nan	1	0.9167			
Microterricola viridarii	NA	NA	NA	limited	limited	NA	NA	limited	NA	NA	NA	NA	NA	limited	0.0000	3	0.7500	limited	limited	limited
Vibrio xiamenensis	moderate	NA	moderate	moderate	limited	limited	limited	limited	limited	limited	limited	NA	moderate	limited	0.3000	10	0.1667	moderate	limited	limited
Actinotignum sanguinis	moderate	limited	moderate	moderate	limited	limited	limited	limited	NA	limited	NA	limited	moderate	limited	0.3000	10	0.1667	moderate	limited	limited
Streptomyces lydicamycinicus	moderate	limited	limited	limited	limited	limited	NA	limited	limited	NA	limited	NA	moderate	limited	0.1111	9	0.2500	moderate	limited	limited
Rhizobium sophoriradicis	moderate	moderate	moderate	moderate	limited	limited	limited	limited	limited	moderate	limited	NA	moderate	limited	0.4545	11	0.0833	moderate	limited	limited
Pseudomonas xantholysinigenes	NA	NA	limited	NA	limited	NA	NA	NA	NA	NA	NA	limited	limited	limited	0.0000	4	0.6667	limited	limited	limited
Streptomyces musisoli	moderate	NA	moderate	limited	limited	NA	limited	limited	limited	NA	limited	limited	moderate	limited	0.2222	9	0.2500	moderate	limited	limited
Pseudomonas canavaninivorans	NA	NA	limited	limited	limited	limited	NA	limited	NA	limited	limited	limited	limited	limited	0.0000	9	0.2500	limited	limited	limited
Legionella steigerwaltii	moderate	NA	NA	NA	limited	limited	limited	limited	limited	NA	NA	limited	limited	limited	0.0000	7	0.4167	limited	limited	limited
Pseudomonas promysalinigenes	NA	NA	moderate	NA	limited	NA	limited	limited	NA	NA	NA	limited	limited	limited	0.1667	6	0.5000	moderate	limited	limited
Bradyrhizobium huanghuaihaiense	moderate	moderate	moderate	moderate	limited	limited	limited	limited	NA	moderate	limited	limited	moderate	limited	0.4545	11	0.0833	moderate	limited	limited
Pseudoalteromonas piratica	moderate	limited	moderate	NA	limited	NA	limited	limited	NA	NA	limited	NA	limited	limited	0.1429	7	0.4167	moderate	limited	limited
Nocardiopsis halophila	moderate	limited	moderate	moderate	moderate	limited	NA	limited	limited	NA	NA	limited	moderate	limited	0.4444	9	0.2500	moderate	limited	limited
Tatumella morbirosei	NA	NA	NA	NA	limited	NA	NA	limited	limited	NA	NA	NA	NA	limited	0.0000	3	0.7500	limited	limited	limited
Streptomyces pinistramenti	moderate	limited	moderate	limited	NA	NA	NA	limited	limited	NA	NA	limited	limited	limited	0.1429	7	0.4167	moderate	limited	limited
Mycoplana ramosa	limited	NA	NA	NA	limited	NA	NA	limited	NA	NA	NA	NA	NA	NA	nan	2	0.8333			
Arthrobacter methylotrophus	moderate	NA	moderate	limited	moderate	limited	limited	limited	limited	NA	limited	limited	moderate	limited	0.3000	10	0.1667	moderate	limited	limited
Nonomuraea candida	moderate	NA	NA	NA	limited	limited	NA	limited	limited	NA	limited	NA	NA	limited	0.0000	5	0.5833	limited	limited	limited
Mesorhizobium camelthorni	moderate	NA	moderate	NA	limited	NA	NA	limited	NA	NA	NA	NA	limited	limited	0.2500	4	0.6667	moderate	limited	limited
Xanthomonas dyei	limited	NA	moderate	NA	limited	NA	NA	limited	limited	NA	NA	NA	NA	limited	0.2500	4	0.6667	moderate	limited	limited
Acetobacter sicerae	NA	NA	NA	NA	NA	NA	NA	limited	limited	NA	NA	NA	NA	NA	nan	2	0.8333			
Photobacterium aquimaris	moderate	moderate	moderate	moderate	limited	NA	NA	limited	NA	NA	NA	limited	moderate	moderate	0.5714	7	0.4167	moderate	limited	moderate
Arhodomonas aquaeolei	moderate	limited	NA	moderate	moderate	limited	NA	limited	NA	NA	NA	NA	NA	limited	0.4000	5	0.5833	moderate	limited	limited
Flavobacterium antarcticum	limited	limited	moderate	NA	limited	NA	NA	limited	NA	NA	limited	limited	moderate	limited	0.2857	7	0.4167	moderate	limited	limited
Bradyrhizobium symbiodeficiens	moderate	moderate	moderate	moderate	limited	limited	limited	limited	limited	NA	limited	NA	moderate	limited	0.4000	10	0.1667	moderate	limited	limited
Rhizobium hidalgonense	moderate	NA	limited	NA	NA	NA	limited	limited	NA	NA	limited	NA	limited	limited	0.0000	5	0.5833	limited	limited	limited
Gordonia phthalatica	moderate	NA	NA	NA	limited	NA	NA	limited	NA	NA	NA	NA	NA	NA	nan	2	0.8333			
Arcanobacterium hippocoleae	NA	NA	moderate	limited	limited	NA	NA	limited	limited	NA	NA	NA	limited	limited	0.1667	6	0.5000	moderate	limited	limited
Corynebacterium pollutisoli	limited	NA	moderate	NA	limited	NA	NA	NA	limited	NA	NA	limited	limited	limited	0.2000	5	0.5833	moderate	limited	limited
Cnuibacter physcomitrellae	limited	NA	NA	NA	NA	NA	NA	limited	limited	NA	NA	NA	NA	NA	nan	2	0.8333			
Corynebacterium pseudopelargi	moderate	limited	moderate	limited	limited	limited	limited	limited	limited	limited	NA	limited	moderate	limited	0.1818	11	0.0833	moderate	limited	limited
Brucella pseudogrignonensis	moderate	limited	moderate	NA	limited	NA	NA	limited	limited	NA	NA	NA	limited	limited	0.1667	6	0.5000	moderate	limited	limited
Mycobacterium paraseoulense	moderate	limited	limited	limited	limited	limited	limited	limited	limited	limited	NA	limited	limited	limited	0.0000	11	0.0833	limited	limited	limited
Streptomyces altiplanensis	moderate	limited	limited	NA	NA	NA	NA	limited	NA	NA	limited	NA	limited	limited	0.0000	5	0.5833	limited	limited	limited
Haloterrigena salina	moderate	moderate	moderate	moderate	moderate	NA	NA	limited	NA	NA	NA	NA	moderate	moderate	0.8333	6	0.5000	moderate	limited	moderate
Bradyrhizobium cosmicum	NA	NA	limited	NA	NA	NA	NA	limited	NA	NA	NA	NA	NA	NA	nan	2	0.8333			
Streptomyces albiflavescens	moderate	limited	moderate	limited	limited	limited	limited	limited	limited	limited	limited	limited	moderate	limited	0.1667	12	0.0000	moderate	limited	limited
Microbacterium aurantiacum	moderate	limited	moderate	limited	limited	limited	limited	limited	limited	limited	limited	limited	limited	limited	0.0833	12	0.0000	moderate	limited	limited
Shewanella fidelis	moderate	limited	NA	moderate	limited	limited	NA	limited	limited	NA	NA	NA	moderate	limited	0.2857	7	0.4167	moderate	limited	limited
Chimaeribacter arupi	limited	NA	NA	NA	NA	NA	limited	limited	limited	NA	NA	NA	NA	limited	0.0000	3	0.7500	limited	limited	limited
Staphylococcus borealis	NA	NA	NA	NA	limited	NA	NA	NA	NA	NA	NA	limited	NA	NA	nan	2	0.8333			
Pseudomonas iranensis	moderate	moderate	moderate	moderate	moderate	NA	NA	limited	limited	NA	limited	limited	moderate	moderate	0.5556	9	0.2500	moderate	limited	moderate
Vibrio celticus	NA	NA	NA	NA	limited	NA	NA	limited	NA	NA	NA	NA	NA	NA	nan	2	0.8333			
Micromonospora endophytica	moderate	NA	moderate	limited	limited	NA	NA	limited	NA	NA	limited	limited	limited	limited	0.1429	7	0.4167	moderate	limited	limited
Blastomonas fulva	moderate	limited	moderate	limited	limited	limited	limited	limited	limited	NA	NA	NA	limited	limited	0.1111	9	0.2500	moderate	limited	limited
Corynebacterium choanae	limited	limited	moderate	NA	NA	NA	NA	limited	limited	NA	NA	NA	NA	limited	0.2500	4	0.6667	moderate	limited	limited
Campylobacter armoricus	moderate	moderate	NA	moderate	limited	limited	limited	limited	limited	moderate	NA	NA	moderate	limited	0.4444	9	0.2500	moderate	limited	limited
Shewanella morhuae	moderate	NA	moderate	moderate	limited	NA	NA	limited	limited	NA	NA	NA	moderate	moderate	0.5000	6	0.5000	moderate	limited	moderate
Lentibacillus jeotgali	moderate	limited	moderate	limited	limited	NA	NA	limited	NA	NA	NA	limited	moderate	limited	0.2857	7	0.4167	moderate	limited	limited
Mycobacterium fragae	moderate	limited	NA	limited	limited	limited	limited	limited	limited	NA	NA	limited	limited	limited	0.0000	9	0.2500	limited	limited	limited
Asticcacaulis benevestitus	NA	NA	NA	NA	NA	NA	NA	NA	NA	NA	NA	NA	NA	NA	nan	0	1.0000			
Salinibacterium amurskyense	moderate	limited	NA	limited	limited	limited	NA	limited	limited	NA	limited	NA	limited	limited	0.0000	8	0.3333	limited	limited	limited
Actinomadura vinacea	moderate	limited	moderate	limited	limited	NA	limited	limited	limited	limited	NA	NA	NA	limited	0.1250	8	0.3333	moderate	limited	limited
Vibrio ostreicida	NA	NA	NA	NA	limited	limited	NA	limited	NA	NA	NA	NA	limited	limited	0.0000	4	0.6667	limited	limited	limited
Chromobacterium aquaticum	moderate	NA	NA	NA	limited	limited	NA	limited	limited	NA	limited	NA	NA	limited	0.0000	5	0.5833	limited	limited	limited
Lachnobacterium bovis	limited	NA	NA	limited	limited	NA	limited	limited	limited	limited	NA	NA	limited	limited	0.0000	7	0.4167	limited	limited	limited
Rhizobium azibense	moderate	limited	limited	NA	limited	NA	NA	limited	limited	limited	limited	NA	limited	limited	0.0000	8	0.3333	limited	limited	limited
Enterobacter quasihormaechei	extensive	moderate	moderate	moderate	limited	moderate	limited	limited	limited	limited	limited	limited	moderate	limited	0.4167	12	0.0000	moderate	limited	limited
Streptococcus hongkongensis	moderate	limited	moderate	limited	limited	limited	NA	limited	limited	NA	NA	limited	moderate	limited	0.2222	9	0.2500	moderate	limited	limited
Acinetobacter apis	moderate	limited	NA	NA	limited	NA	limited	limited	limited	NA	NA	NA	limited	limited	0.0000	6	0.5000	limited	limited	limited
Pseudomonas izuensis	moderate	NA	limited	NA	NA	NA	NA	limited	limited	limited	limited	NA	limited	limited	0.0000	6	0.5000	limited	limited	limited
Pseudomonas kurunegalensis	moderate	NA	limited	NA	limited	limited	limited	limited	limited	limited	limited	limited	limited	limited	0.0000	10	0.1667	limited	limited	limited
Photobacterium indicum	moderate	NA	moderate	limited	limited	limited	NA	limited	NA	NA	NA	NA	moderate	limited	0.3333	6	0.5000	moderate	limited	limited
Bacillus hominis	limited	NA	NA	NA	limited	NA	NA	NA	limited	NA	NA	NA	limited	limited	0.0000	3	0.7500	limited	limited	limited
Aeromonas australiensis	NA	NA	moderate	NA	limited	NA	limited	limited	NA	NA	limited	limited	limited	limited	0.1429	7	0.4167	moderate	limited	limited
Bartonella krasnovii	moderate	limited	limited	limited	limited	limited	limited	limited	limited	moderate	NA	NA	moderate	limited	0.2000	10	0.1667	moderate	limited	limited
Streptomyces bauhiniae	moderate	limited	limited	limited	limited	NA	limited	limited	limited	NA	limited	limited	limited	limited	0.0000	10	0.1667	limited	limited	limited
Mycolicibacter terrae	extensive	limited	moderate	moderate	moderate	moderate	limited	moderate	limited	limited	limited	limited	moderate	moderate	0.5000	12	0.0000	moderate	limited	limited
Mycobacterium pseudokansasii	extensive	limited	limited	moderate	moderate	limited	moderate	moderate	limited	limited	NA	limited	limited	limited	0.3636	11	0.0833	moderate	limited	limited
Streptococcus porcorum	NA	NA	NA	NA	NA	limited	NA	NA	NA	NA	NA	NA	limited	NA	nan	2	0.8333			
Fulvimonas soli	limited	limited	NA	NA	limited	limited	NA	limited	limited	NA	NA	NA	NA	limited	0.0000	5	0.5833	limited	limited	limited
Rhizobium ruizarguesonis	extensive	moderate	moderate	moderate	moderate	moderate	limited	limited	limited	moderate	limited	limited	moderate	moderate	0.5833	12	0.0000	moderate	limited	moderate
Viridibacillus arvi	moderate	limited	moderate	NA	limited	limited	NA	limited	NA	NA	NA	NA	moderate	limited	0.3333	6	0.5000	moderate	limited	limited
Streptococcus rupicaprae	limited	NA	NA	limited	NA	NA	NA	limited	limited	NA	NA	NA	limited	limited	0.0000	4	0.6667	limited	limited	limited
Citrobacter telavivensis	moderate	NA	moderate	limited	limited	limited	limited	limited	limited	limited	NA	limited	moderate	limited	0.2000	10	0.1667	moderate	limited	limited
Rahnella variigena	moderate	moderate	moderate	moderate	limited	limited	limited	limited	limited	limited	moderate	limited	moderate	limited	0.4167	12	0.0000	moderate	limited	limited
Sphingomonas endophytica	moderate	NA	moderate	limited	limited	NA	limited	limited	NA	NA	limited	limited	limited	limited	0.1250	8	0.3333	moderate	limited	limited
Bradyrhizobium amphicarpaeae	moderate	limited	moderate	limited	limited	limited	limited	limited	NA	NA	limited	limited	moderate	limited	0.2000	10	0.1667	moderate	limited	limited
Natrialba hulunbeirensis	moderate	NA	NA	NA	moderate	NA	NA	limited	NA	NA	NA	NA	moderate	moderate	0.6667	3	0.7500	moderate	limited	moderate
Macrococcus hajekii	moderate	NA	NA	NA	limited	NA	limited	limited	limited	NA	NA	NA	NA	limited	0.0000	4	0.6667	limited	limited	limited
Campylobacter ornithocola	NA	NA	NA	NA	NA	NA	limited	limited	limited	NA	NA	NA	limited	limited	0.0000	4	0.6667	limited	limited	limited
Parabacteroides faecis	moderate	limited	moderate	limited	limited	limited	limited	limited	limited	moderate	NA	limited	limited	limited	0.1818	11	0.0833	moderate	limited	limited
Patulibacter medicamentivorans	limited	NA	NA	NA	NA	NA	NA	limited	NA	limited	NA	NA	NA	NA	nan	2	0.8333			
Enterococcus quebecensis	NA	NA	NA	NA	NA	NA	NA	limited	NA	NA	NA	limited	NA	NA	nan	2	0.8333			
Microbulbifer aggregans	limited	NA	moderate	moderate	limited	limited	NA	limited	NA	NA	NA	NA	NA	limited	0.4000	5	0.5833	moderate	limited	limited
Colwellia piezophila	moderate	moderate	moderate	moderate	moderate	NA	NA	limited	NA	NA	NA	NA	moderate	moderate	0.8333	6	0.5000	moderate	limited	moderate
Nocardia vulneris	NA	NA	moderate	NA	NA	limited	NA	limited	limited	NA	NA	NA	NA	limited	0.2500	4	0.6667	moderate	limited	limited
Bradyrhizobium denitrificans	moderate	moderate	moderate	moderate	limited	limited	limited	limited	limited	limited	limited	NA	moderate	limited	0.3636	11	0.0833	moderate	limited	limited
Microbacterium oryzae	moderate	limited	moderate	limited	limited	limited	limited	limited	limited	limited	limited	limited	moderate	limited	0.1667	12	0.0000	moderate	limited	limited
Bartonella rattaustraliani	limited	NA	NA	NA	limited	NA	limited	limited	NA	limited	NA	NA	limited	limited	0.0000	5	0.5833	limited	limited	limited
Arcanobacterium pluranimalium	moderate	limited	moderate	limited	limited	limited	limited	limited	limited	moderate	NA	limited	limited	limited	0.1818	11	0.0833	moderate	limited	limited
Mycetohabitans endofungorum	moderate	NA	NA	NA	limited	NA	NA	limited	limited	NA	NA	NA	limited	limited	0.0000	4	0.6667	limited	limited	limited
Pseudomonas solani	moderate	limited	limited	limited	limited	limited	limited	limited	limited	NA	NA	limited	limited	limited	0.0000	10	0.1667	limited	limited	limited
Nonomuraea jabiensis	limited	NA	NA	NA	NA	NA	NA	limited	NA	NA	NA	NA	NA	NA	nan	1	0.9167			
Actinomadura graeca	moderate	NA	moderate	NA	limited	NA	NA	limited	limited	NA	NA	NA	NA	limited	0.2500	4	0.6667	moderate	limited	limited
Brevibacillus nitrificans	moderate	limited	moderate	NA	limited	NA	NA	limited	limited	NA	NA	limited	NA	limited	0.1667	6	0.5000	moderate	limited	limited
Trichococcus flocculiformis	extensive	moderate	moderate	moderate	limited	limited	limited	limited	limited	NA	limited	limited	moderate	limited	0.3636	11	0.0833	moderate	limited	limited
Streptomyces venetus	moderate	limited	moderate	limited	limited	limited	limited	limited	limited	NA	limited	limited	moderate	limited	0.1818	11	0.0833	moderate	limited	limited
Acinetobacter chinensis	moderate	limited	moderate	limited	limited	limited	limited	limited	limited	limited	limited	limited	limited	limited	0.0833	12	0.0000	moderate	limited	limited
Streptococcus downii	limited	NA	moderate	NA	NA	NA	NA	NA	limited	NA	NA	NA	moderate	moderate	0.6667	3	0.7500	moderate	limited	moderate
Streptomyces geranii	moderate	limited	moderate	limited	limited	NA	NA	limited	limited	NA	limited	limited	moderate	limited	0.2222	9	0.2500	moderate	limited	limited
Clostridium nitrophenolicum	NA	NA	moderate	NA	NA	NA	NA	limited	NA	NA	NA	NA	limited	limited	0.3333	3	0.7500	moderate	limited	limited
Achromobacter anxifer	moderate	limited	moderate	NA	limited	NA	NA	limited	NA	NA	NA	NA	moderate	limited	0.4000	5	0.5833	moderate	limited	limited
Sinorhizobium kummerowiae	moderate	moderate	moderate	moderate	limited	moderate	limited	limited	limited	moderate	limited	limited	moderate	moderate	0.5000	12	0.0000	moderate	limited	moderate
Pseudomonas tensinigenes	moderate	NA	limited	limited	limited	limited	limited	limited	limited	limited	limited	limited	moderate	limited	0.0909	11	0.0833	moderate	limited	limited
Bradyrhizobium shewense	moderate	moderate	moderate	limited	limited	limited	limited	limited	limited	limited	limited	limited	moderate	limited	0.2500	12	0.0000	moderate	limited	limited
Pseudomonas vanderleydeniana	moderate	NA	limited	NA	limited	NA	limited	limited	limited	limited	limited	limited	limited	limited	0.0000	9	0.2500	limited	limited	limited
Rhodonellum psychrophilum	NA	NA	NA	NA	limited	NA	NA	NA	NA	NA	NA	NA	NA	NA	nan	1	0.9167			
Methanosarcina spelaei	moderate	NA	NA	NA	limited	NA	NA	limited	NA	NA	NA	NA	NA	NA	nan	2	0.8333			
Microbacterium hydrothermale	limited	limited	moderate	NA	limited	limited	limited	limited	limited	limited	limited	limited	limited	limited	0.0909	11	0.0833	moderate	limited	limited
Heyndrickxia oleronia	NA	NA	NA	NA	limited	NA	NA	NA	NA	NA	NA	NA	NA	NA	nan	1	0.9167			
Celeribacter neptunius	moderate	limited	NA	limited	limited	limited	limited	limited	limited	limited	limited	NA	limited	limited	0.0000	10	0.1667	limited	limited	limited
Bradyrhizobium iriomotense	moderate	moderate	moderate	moderate	limited	limited	limited	limited	limited	moderate	limited	limited	moderate	limited	0.4167	12	0.0000	moderate	limited	limited
Micromonospora haikouensis	moderate	limited	NA	NA	limited	NA	limited	limited	limited	NA	limited	NA	limited	limited	0.0000	7	0.4167	limited	limited	limited
Marinobacterium rhizophilum	moderate	NA	NA	limited	limited	NA	NA	limited	NA	NA	NA	NA	limited	limited	0.0000	4	0.6667	limited	limited	limited
Sphingobium scionense	NA	NA	NA	NA	NA	NA	NA	limited	NA	NA	NA	NA	NA	NA	nan	1	0.9167			
Pseudomonas asgharzadehiana	NA	limited	limited	limited	limited	limited	NA	limited	limited	limited	limited	limited	limited	limited	0.0000	11	0.0833	limited	limited	limited
Aeromonas lusitana	moderate	moderate	moderate	moderate	limited	limited	limited	limited	limited	limited	limited	limited	moderate	limited	0.3333	12	0.0000	moderate	limited	limited
Bradyrhizobium neotropicale	moderate	limited	moderate	NA	limited	limited	limited	limited	limited	moderate	limited	limited	moderate	limited	0.2727	11	0.0833	moderate	limited	limited
Rhodovastum atsumiense	moderate	NA	moderate	limited	limited	limited	NA	limited	limited	NA	NA	NA	NA	limited	0.1667	6	0.5000	moderate	limited	limited
Microbacterium dextranolyticum	moderate	limited	moderate	limited	limited	limited	limited	limited	limited	limited	limited	NA	limited	limited	0.0909	11	0.0833	moderate	limited	limited
Microbacterium ketosireducens	limited	limited	moderate	NA	limited	NA	NA	limited	limited	NA	limited	limited	limited	limited	0.1250	8	0.3333	moderate	limited	limited
Vibrio hispanicus	NA	NA	NA	NA	NA	NA	NA	limited	NA	NA	NA	NA	NA	NA	nan	1	0.9167			
Shewanella seohaensis	moderate	limited	moderate	moderate	moderate	limited	NA	limited	NA	NA	NA	limited	moderate	moderate	0.5000	8	0.3333	moderate	limited	limited
Streptomyces apricus	moderate	limited	moderate	moderate	limited	limited	limited	limited	limited	NA	limited	limited	moderate	limited	0.2727	11	0.0833	moderate	limited	limited
Enterococcus ureasiticus	NA	NA	NA	NA	NA	NA	NA	limited	NA	NA	NA	NA	NA	NA	nan	1	0.9167			
Musicola paradisiaca	NA	NA	NA	NA	NA	NA	NA	NA	NA	NA	NA	NA	NA	NA	nan	0	1.0000			
Staphylococcus debuckii	moderate	limited	moderate	limited	limited	limited	limited	limited	limited	NA	limited	limited	limited	limited	0.0909	11	0.0833	moderate	limited	limited
Brachyspira alvinipulli	NA	NA	NA	limited	limited	NA	limited	limited	limited	NA	NA	NA	limited	limited	0.0000	6	0.5000	limited	limited	limited
Enterobacter wuhouensis	NA	NA	NA	NA	limited	NA	NA	limited	NA	NA	NA	NA	NA	NA	nan	2	0.8333			
Micromonospora krabiensis	moderate	limited	limited	limited	limited	NA	limited	limited	limited	NA	limited	limited	limited	limited	0.0000	10	0.1667	limited	limited	limited
Legionella santicrucis	NA	limited	NA	NA	limited	limited	NA	limited	NA	NA	NA	NA	NA	limited	0.0000	4	0.6667	limited	limited	limited
Mycobacterium innocens	moderate	limited	NA	limited	limited	NA	NA	limited	NA	limited	NA	limited	limited	limited	0.0000	7	0.4167	limited	limited	limited
Actinopolymorpha singaporensis	NA	NA	NA	NA	NA	NA	NA	NA	NA	NA	NA	NA	NA	NA	nan	0	1.0000			
Methanocorpusculum sinense	limited	NA	NA	limited	limited	NA	NA	limited	limited	NA	NA	NA	limited	limited	0.0000	5	0.5833	limited	limited	limited
Shewanella marinintestina	NA	NA	NA	NA	limited	NA	NA	limited	NA	NA	NA	NA	limited	limited	0.0000	3	0.7500	limited	limited	limited
Pseudomonas brassicae	moderate	NA	limited	NA	limited	NA	NA	limited	limited	NA	NA	NA	NA	limited	0.0000	4	0.6667	limited	limited	limited
Pantoea wallisii	NA	NA	NA	NA	NA	limited	NA	limited	NA	NA	NA	NA	limited	limited	0.0000	3	0.7500	limited	limited	limited
Thomasclavelia ramosa	NA	NA	NA	NA	NA	NA	NA	limited	NA	NA	NA	NA	NA	NA	nan	1	0.9167			
Pseudomonas muyukensis	NA	NA	limited	NA	NA	NA	NA	NA	NA	NA	limited	limited	limited	limited	0.0000	4	0.6667	limited	limited	limited
Streptomyces boluensis	NA	NA	NA	NA	NA	NA	NA	limited	NA	NA	NA	NA	NA	NA	nan	1	0.9167			
Chromobacterium phragmitis	NA	NA	NA	NA	limited	limited	limited	limited	NA	NA	NA	NA	NA	limited	0.0000	4	0.6667	limited	limited	limited
Clostridium ganghwense	moderate	NA	NA	NA	limited	NA	NA	limited	limited	NA	NA	limited	limited	limited	0.0000	5	0.5833	limited	limited	limited
Saccharibacillus kuerlensis	limited	limited	NA	limited	limited	NA	NA	limited	NA	NA	NA	NA	limited	limited	0.0000	5	0.5833	limited	limited	limited
Mycolicibacterium moriokaense	moderate	limited	moderate	moderate	moderate	limited	limited	limited	limited	limited	limited	limited	moderate	limited	0.3333	12	0.0000	moderate	limited	limited
Azospirillum formosense	moderate	moderate	moderate	moderate	limited	limited	limited	limited	limited	limited	limited	NA	moderate	limited	0.3636	11	0.0833	moderate	limited	limited
Aeromonas tecta	moderate	limited	moderate	NA	moderate	limited	limited	limited	limited	NA	NA	NA	limited	limited	0.2500	8	0.3333	moderate	limited	limited
Shewanella aestuarii	moderate	NA	moderate	moderate	limited	limited	limited	limited	limited	NA	limited	limited	moderate	limited	0.3000	10	0.1667	moderate	limited	limited
Alicyclobacillus fastidiosus	moderate	NA	moderate	limited	limited	NA	limited	limited	limited	NA	NA	limited	moderate	limited	0.2500	8	0.3333	moderate	limited	limited
Streptomyces cylindrosporus	moderate	limited	moderate	limited	limited	limited	limited	limited	limited	limited	limited	limited	limited	limited	0.0833	12	0.0000	moderate	limited	limited
Amycolatopsis tolypomycina	moderate	limited	moderate	limited	limited	limited	limited	limited	limited	limited	NA	limited	limited	limited	0.0909	11	0.0833	moderate	limited	limited
Streptomyces durocortorensis	NA	NA	NA	NA	NA	NA	NA	limited	NA	NA	limited	NA	NA	NA	nan	2	0.8333			
Lelliottia jeotgali	moderate	NA	moderate	limited	limited	NA	limited	limited	limited	NA	NA	NA	NA	limited	0.1667	6	0.5000	moderate	limited	limited
Uruburuella suis	NA	NA	NA	NA	limited	NA	NA	NA	NA	NA	NA	NA	NA	NA	nan	1	0.9167			
Pseudomonas fakonensis	moderate	NA	limited	NA	limited	NA	NA	NA	NA	NA	NA	limited	NA	limited	0.0000	3	0.7500	limited	limited	limited
Mammaliicoccus vitulinus	extensive	limited	moderate	limited	limited	limited	limited	limited	limited	limited	NA	limited	limited	limited	0.0909	11	0.0833	moderate	limited	limited
Chromobacterium amazonense	moderate	NA	NA	NA	limited	limited	NA	limited	NA	NA	NA	NA	limited	limited	0.0000	4	0.6667	limited	limited	limited
Nocardia kruczakiae	NA	NA	moderate	NA	limited	NA	limited	limited	NA	NA	NA	NA	limited	limited	0.2000	5	0.5833	moderate	limited	limited
Staphylococcus singaporensis	moderate	limited	NA	NA	limited	NA	NA	limited	limited	NA	NA	limited	limited	limited	0.0000	6	0.5000	limited	limited	limited
Shewanella hafniensis	moderate	limited	moderate	moderate	limited	NA	NA	limited	NA	NA	NA	NA	limited	limited	0.3333	6	0.5000	moderate	limited	limited
Methylomonas paludis	moderate	NA	NA	limited	limited	NA	NA	limited	NA	NA	NA	NA	limited	limited	0.0000	4	0.6667	limited	limited	limited
Streptomyces seymenliensis	NA	limited	limited	NA	NA	NA	NA	NA	limited	NA	NA	NA	limited	limited	0.0000	4	0.6667	limited	limited	limited
Streptomyces polygonati	moderate	NA	moderate	limited	limited	NA	NA	limited	limited	NA	limited	limited	limited	limited	0.1250	8	0.3333	moderate	limited	limited
Enterococcus plantarum	extensive	NA	NA	NA	limited	limited	limited	limited	NA	NA	limited	limited	moderate	limited	0.1429	7	0.4167	moderate	limited	limited
Streptomyces fabae	moderate	limited	moderate	limited	limited	NA	limited	limited	NA	NA	NA	limited	limited	limited	0.1250	8	0.3333	moderate	limited	limited
Mycobacteroides salmoniphilum	NA	limited	limited	limited	limited	limited	NA	limited	limited	limited	NA	limited	limited	limited	0.0000	10	0.1667	limited	limited	limited
Herbaspirillum autotrophicum	moderate	NA	moderate	moderate	limited	limited	NA	limited	limited	limited	limited	NA	moderate	limited	0.3333	9	0.2500	moderate	limited	limited
Gordonia insulae	moderate	NA	moderate	NA	limited	NA	NA	limited	NA	NA	limited	NA	limited	limited	0.2000	5	0.5833	moderate	limited	limited
Corynebacterium lubricantis	NA	NA	NA	NA	limited	NA	NA	limited	NA	NA	NA	limited	limited	limited	0.0000	4	0.6667	limited	limited	limited
Citrifermentans bemidjiense	NA	NA	NA	NA	NA	NA	NA	NA	NA	NA	NA	NA	NA	NA	nan	0	1.0000			
Longispora albida	limited	NA	NA	NA	limited	NA	NA	limited	NA	NA	NA	NA	NA	NA	nan	2	0.8333			
Mycobacteroides immunogenum	moderate	limited	limited	moderate	limited	moderate	limited	moderate	limited	limited	limited	limited	limited	limited	0.2500	12	0.0000	moderate	limited	limited
Planococcus versutus	limited	NA	limited	limited	limited	limited	NA	limited	NA	limited	NA	NA	NA	limited	0.0000	6	0.5000	limited	limited	limited
Paraburkholderia dioscoreae	moderate	moderate	moderate	moderate	moderate	limited	limited	limited	limited	moderate	limited	limited	moderate	moderate	0.5000	12	0.0000	moderate	limited	moderate
Pseudomonas hamedanensis	moderate	NA	limited	NA	limited	NA	NA	limited	limited	NA	NA	NA	limited	limited	0.0000	5	0.5833	limited	limited	limited
Mesorhizobium sangaii	NA	NA	NA	limited	limited	NA	NA	limited	NA	NA	limited	NA	limited	limited	0.0000	5	0.5833	limited	limited	limited
Streptomyces liliiviolaceus	moderate	limited	limited	limited	limited	limited	limited	limited	NA	NA	limited	limited	limited	limited	0.0000	10	0.1667	limited	limited	limited
Streptomyces triticisoli	moderate	limited	moderate	limited	limited	limited	limited	limited	limited	limited	limited	limited	moderate	limited	0.1667	12	0.0000	moderate	limited	limited
Moritella japonica	moderate	NA	NA	moderate	limited	limited	NA	limited	limited	NA	NA	NA	limited	limited	0.1667	6	0.5000	moderate	limited	limited
Pectobacterium peruviense	moderate	NA	moderate	limited	limited	limited	limited	limited	limited	limited	moderate	limited	limited	limited	0.1818	11	0.0833	moderate	limited	limited
Mycobacterium attenuatum	moderate	limited	limited	limited	limited	limited	limited	limited	limited	NA	limited	limited	limited	limited	0.0000	11	0.0833	limited	limited	limited
Actinomadura luteofluorescens	moderate	NA	moderate	NA	limited	NA	NA	limited	limited	NA	NA	NA	limited	limited	0.2000	5	0.5833	moderate	limited	limited
Paenibacillus cellulositrophicus	moderate	limited	moderate	limited	limited	NA	NA	limited	limited	limited	limited	NA	limited	limited	0.1111	9	0.2500	moderate	limited	limited
Mammaliicoccus stepanovicii	limited	NA	NA	limited	limited	limited	limited	limited	limited	limited	NA	limited	NA	limited	0.0000	8	0.3333	limited	limited	limited
Polynucleobacter duraquae	moderate	NA	NA	NA	NA	NA	NA	limited	NA	NA	NA	NA	NA	NA	nan	1	0.9167			
Rhodopseudomonas pseudopalustris	extensive	moderate	moderate	moderate	moderate	moderate	limited	limited	limited	limited	limited	limited	moderate	moderate	0.5000	12	0.0000	moderate	limited	moderate
Streptomyces indoligenes	moderate	limited	limited	limited	limited	NA	NA	limited	NA	NA	limited	limited	moderate	limited	0.1250	8	0.3333	moderate	limited	limited
Streptomyces salinarius	moderate	NA	moderate	NA	limited	limited	limited	limited	NA	limited	limited	limited	moderate	limited	0.2222	9	0.2500	moderate	limited	limited
Nocardiopsis xinjiangensis	limited	limited	NA	NA	limited	limited	NA	limited	NA	NA	NA	limited	limited	limited	0.0000	6	0.5000	limited	limited	limited
Streptomyces coriariae	moderate	limited	moderate	moderate	limited	limited	limited	limited	limited	limited	limited	limited	moderate	limited	0.2500	12	0.0000	moderate	limited	limited
Pseudomonas alvandae	NA	NA	limited	NA	limited	limited	NA	limited	limited	NA	NA	limited	limited	limited	0.0000	7	0.4167	limited	limited	limited
Halobiforma haloterrestris	moderate	moderate	moderate	moderate	moderate	limited	NA	limited	NA	NA	NA	NA	moderate	moderate	0.7143	7	0.4167	moderate	limited	moderate
Reyranella massiliensis	limited	NA	NA	NA	limited	NA	NA	limited	NA	NA	NA	NA	limited	limited	0.0000	3	0.7500	limited	limited	limited
Gordonia hydrophobica	limited	NA	moderate	NA	limited	limited	NA	limited	NA	NA	NA	NA	NA	limited	0.2500	4	0.6667	moderate	limited	limited
Mycobacterium decipiens	NA	limited	limited	NA	limited	NA	NA	limited	NA	NA	NA	NA	limited	limited	0.0000	5	0.5833	limited	limited	limited
Streptomyces hilarionis	moderate	limited	limited	NA	limited	NA	NA	limited	NA	NA	NA	limited	NA	limited	0.0000	5	0.5833	limited	limited	limited
Bacillus sanguinis	NA	NA	NA	limited	limited	NA	NA	limited	limited	NA	NA	NA	NA	limited	0.0000	4	0.6667	limited	limited	limited
Amycolatopsis regifaucium	NA	NA	NA	NA	limited	NA	NA	limited	NA	NA	NA	NA	NA	NA	nan	2	0.8333			
Macrococcus epidermidis	extensive	limited	moderate	limited	limited	limited	limited	limited	limited	limited	limited	limited	moderate	limited	0.1667	12	0.0000	moderate	limited	limited
Streptomyces hayashii	moderate	limited	moderate	moderate	limited	limited	limited	limited	limited	limited	limited	limited	moderate	limited	0.2500	12	0.0000	moderate	limited	limited
Pseudomonas maumuensis	limited	NA	limited	NA	NA	NA	NA	limited	limited	NA	NA	limited	limited	limited	0.0000	5	0.5833	limited	limited	limited
Actinomadura viridis	moderate	NA	limited	limited	limited	limited	NA	limited	NA	limited	NA	NA	limited	limited	0.0000	7	0.4167	limited	limited	limited
Mycobacterium angelicum	NA	NA	limited	NA	limited	NA	NA	NA	NA	NA	NA	limited	limited	limited	0.0000	4	0.6667	limited	limited	limited
Haloarcula amylolytica	moderate	limited	NA	NA	limited	limited	NA	limited	NA	limited	NA	NA	limited	limited	0.0000	6	0.5000	limited	limited	limited
Mycobacterium bourgelatii	limited	limited	limited	limited	limited	NA	limited	limited	limited	NA	NA	limited	limited	limited	0.0000	9	0.2500	limited	limited	limited
Nocardia kroppenstedtii	NA	limited	moderate	NA	limited	NA	NA	limited	NA	NA	NA	NA	moderate	limited	0.4000	5	0.5833	moderate	limited	limited
Paraburkholderia phenazinium	moderate	limited	moderate	moderate	limited	limited	limited	limited	limited	limited	limited	limited	moderate	limited	0.2500	12	0.0000	moderate	limited	limited
Azospirillum melinis	moderate	limited	moderate	moderate	limited	limited	limited	limited	limited	NA	limited	limited	moderate	limited	0.2727	11	0.0833	moderate	limited	limited
Planococcus halotolerans	moderate	NA	moderate	limited	moderate	NA	NA	limited	limited	NA	NA	NA	moderate	moderate	0.5000	6	0.5000	moderate	limited	moderate
Halomonas lutea	moderate	moderate	moderate	moderate	moderate	limited	NA	limited	limited	NA	limited	NA	moderate	moderate	0.5556	9	0.2500	moderate	limited	moderate
Caballeronia grimmiae	NA	NA	NA	NA	NA	NA	NA	limited	NA	NA	NA	NA	NA	NA	nan	1	0.9167			
Phyllobacterium zundukense	NA	NA	NA	NA	NA	NA	NA	NA	NA	NA	NA	NA	limited	NA	nan	1	0.9167			
Dyella marensis	NA	NA	NA	NA	limited	NA	NA	limited	NA	NA	NA	NA	NA	NA	nan	2	0.8333			
Gluconobacter kondonii	limited	NA	NA	NA	NA	NA	NA	limited	limited	NA	NA	limited	NA	limited	0.0000	3	0.7500	limited	limited	limited
Desulforapulum autotrophicum	limited	NA	NA	NA	limited	NA	NA	limited	NA	NA	NA	NA	NA	NA	nan	2	0.8333			
Bacillus ectoiniformans	limited	NA	NA	NA	moderate	NA	NA	limited	NA	NA	limited	limited	limited	limited	0.2000	5	0.5833	moderate	limited	limited
Paenibacillus thailandensis	moderate	limited	moderate	NA	limited	NA	limited	limited	NA	NA	limited	NA	moderate	limited	0.2857	7	0.4167	moderate	limited	limited
Mycolicibacterium aichiense	limited	NA	moderate	limited	limited	NA	NA	limited	NA	NA	limited	limited	limited	limited	0.1429	7	0.4167	moderate	limited	limited
Xanthomonas codiaei	moderate	limited	moderate	limited	limited	limited	limited	limited	limited	limited	limited	limited	limited	limited	0.0833	12	0.0000	moderate	limited	limited
Vibrio gallicus	NA	NA	NA	NA	limited	NA	NA	limited	limited	NA	NA	NA	limited	limited	0.0000	4	0.6667	limited	limited	limited
Aliivibrio finisterrensis	NA	limited	NA	NA	limited	NA	NA	limited	limited	NA	NA	NA	NA	limited	0.0000	4	0.6667	limited	limited	limited
Mycolicibacterium tokaiense	moderate	limited	limited	limited	limited	limited	NA	limited	limited	limited	limited	limited	moderate	limited	0.0909	11	0.0833	moderate	limited	limited
Streptococcus orisasini	moderate	limited	moderate	NA	limited	limited	NA	limited	limited	moderate	NA	limited	moderate	limited	0.3333	9	0.2500	moderate	limited	limited
Alteromonas lipolytica	moderate	limited	moderate	limited	limited	limited	limited	limited	NA	limited	limited	limited	limited	limited	0.0909	11	0.0833	moderate	limited	limited
Pseudoalteromonas peptidolytica	moderate	limited	moderate	limited	limited	limited	limited	limited	limited	limited	limited	limited	limited	limited	0.0833	12	0.0000	moderate	limited	limited
Aminobacter aganoensis	moderate	limited	moderate	NA	limited	limited	NA	limited	NA	limited	limited	limited	moderate	limited	0.2222	9	0.2500	moderate	limited	limited
Enterococcus ureilyticus	NA	NA	NA	NA	limited	limited	NA	limited	NA	NA	NA	NA	NA	limited	0.0000	3	0.7500	limited	limited	limited
Nocardiopsis metallicus	moderate	NA	moderate	NA	limited	NA	NA	limited	NA	NA	NA	limited	limited	limited	0.2000	5	0.5833	moderate	limited	limited
Micromonospora siamensis	moderate	NA	moderate	limited	limited	limited	limited	limited	limited	NA	limited	limited	limited	limited	0.1000	10	0.1667	moderate	limited	limited
Arcanobacterium canis	limited	limited	limited	limited	limited	limited	limited	limited	limited	limited	limited	NA	limited	limited	0.0000	11	0.0833	limited	limited	limited
Streptomyces fructofermentans	moderate	limited	moderate	limited	limited	NA	NA	limited	limited	limited	limited	limited	limited	limited	0.1000	10	0.1667	moderate	limited	limited
Streptococcus azizii	NA	NA	NA	NA	NA	NA	NA	NA	NA	NA	NA	NA	NA	NA	nan	0	1.0000			
Actinomadura nitritigenes	moderate	NA	limited	NA	limited	NA	NA	limited	limited	NA	NA	NA	NA	limited	0.0000	4	0.6667	limited	limited	limited
Priestia koreensis	moderate	NA	NA	NA	limited	NA	NA	limited	limited	NA	NA	NA	limited	limited	0.0000	4	0.6667	limited	limited	limited
Acetomicrobium flavidum	NA	NA	NA	limited	limited	NA	NA	limited	limited	NA	NA	limited	NA	limited	0.0000	5	0.5833	limited	limited	limited
Candidimonas nitroreducens	NA	NA	NA	NA	limited	NA	NA	limited	limited	NA	NA	NA	NA	limited	0.0000	3	0.7500	limited	limited	limited
Pigmentiphaga daeguensis	NA	NA	NA	NA	limited	NA	NA	limited	NA	NA	NA	NA	NA	NA	nan	2	0.8333			
Acinetobacter lanii	limited	limited	moderate	moderate	limited	limited	limited	limited	limited	limited	limited	limited	limited	limited	0.1667	12	0.0000	moderate	limited	limited
Nocardia altamirensis	moderate	NA	moderate	limited	limited	limited	NA	limited	NA	NA	limited	NA	limited	limited	0.1429	7	0.4167	moderate	limited	limited
Streptococcus saliviloxodontae	NA	NA	NA	NA	NA	NA	NA	NA	NA	NA	NA	NA	NA	NA	nan	0	1.0000			
Flavobacterium sinopsychrotolerans	limited	NA	limited	NA	limited	NA	limited	limited	limited	NA	limited	limited	limited	limited	0.0000	8	0.3333	limited	limited	limited
Vibrio comitans	NA	NA	NA	NA	limited	NA	NA	limited	NA	NA	NA	NA	NA	NA	nan	2	0.8333			
Enterococcus viikkiensis	moderate	NA	NA	NA	NA	NA	NA	NA	NA	NA	NA	NA	NA	NA	nan	0	1.0000			
Staphylococcus argensis	NA	limited	NA	NA	limited	limited	NA	limited	NA	NA	NA	limited	limited	limited	0.0000	6	0.5000	limited	limited	limited
Streptomyces silvae	moderate	limited	limited	moderate	limited	limited	limited	limited	limited	limited	limited	limited	moderate	limited	0.1667	12	0.0000	moderate	limited	limited
Mycolicibacterium parafortuitum	extensive	limited	moderate	moderate	moderate	limited	limited	moderate	limited	limited	limited	limited	moderate	limited	0.4167	12	0.0000	moderate	limited	limited
Actinophytocola oryzae	NA	NA	NA	NA	limited	NA	NA	limited	limited	limited	NA	limited	NA	limited	0.0000	5	0.5833	limited	limited	limited
Rhizobium viscosum	moderate	NA	limited	NA	NA	NA	NA	limited	NA	NA	limited	NA	limited	limited	0.0000	4	0.6667	limited	limited	limited
Mycolicibacterium flavescens	moderate	limited	limited	limited	limited	limited	limited	limited	limited	limited	limited	limited	moderate	limited	0.0833	12	0.0000	moderate	limited	limited
Vibrio bivalvicida	moderate	moderate	moderate	NA	limited	limited	limited	limited	NA	limited	limited	NA	moderate	limited	0.3333	9	0.2500	moderate	limited	limited
Trueperella abortisuis	moderate	limited	moderate	NA	limited	limited	limited	limited	limited	limited	limited	NA	limited	limited	0.1000	10	0.1667	moderate	limited	limited
Pseudarthrobacter siccitolerans	moderate	NA	moderate	limited	moderate	limited	NA	limited	limited	NA	limited	limited	limited	limited	0.2222	9	0.2500	moderate	limited	limited
Chryseobacterium arachidis	limited	limited	moderate	limited	limited	limited	limited	limited	limited	NA	NA	limited	limited	limited	0.1000	10	0.1667	moderate	limited	limited
Mycolicibacterium poriferae	NA	NA	NA	NA	limited	NA	NA	limited	NA	NA	NA	limited	NA	limited	0.0000	3	0.7500	limited	limited	limited
Acinetobacter pragensis	moderate	limited	moderate	NA	limited	NA	NA	limited	limited	NA	limited	NA	limited	limited	0.1429	7	0.4167	moderate	limited	limited
Micromonospora pisi	moderate	limited	moderate	NA	limited	NA	NA	limited	limited	NA	limited	limited	limited	limited	0.1250	8	0.3333	moderate	limited	limited
Pseudoalteromonas donghaensis	moderate	limited	moderate	limited	limited	limited	limited	limited	NA	limited	limited	NA	limited	limited	0.1000	10	0.1667	moderate	limited	limited
Streptomyces caeni	moderate	limited	moderate	limited	limited	limited	limited	limited	limited	NA	limited	limited	moderate	limited	0.1818	11	0.0833	moderate	limited	limited
Duffyella gerundensis	NA	NA	NA	NA	NA	NA	NA	NA	NA	NA	NA	NA	NA	NA	nan	0	1.0000			
Aerosticca soli	NA	NA	NA	NA	NA	NA	NA	NA	NA	NA	NA	NA	NA	NA	nan	0	1.0000			
Herminiimonas glaciei	limited	limited	moderate	NA	moderate	limited	NA	limited	NA	NA	NA	NA	limited	limited	0.3333	6	0.5000	moderate	limited	limited
Bacillus manusensis	NA	NA	NA	NA	NA	NA	NA	NA	NA	NA	NA	NA	NA	NA	nan	0	1.0000			
Pseudomonas kitaguniensis	limited	NA	NA	NA	limited	NA	limited	limited	NA	NA	limited	limited	limited	limited	0.0000	6	0.5000	limited	limited	limited
Phocaeicola massiliensis	moderate	limited	moderate	limited	NA	limited	NA	limited	limited	limited	NA	limited	limited	limited	0.1111	9	0.2500	moderate	limited	limited
Streptomyces griseiscabiei	moderate	limited	limited	limited	limited	limited	limited	limited	limited	limited	moderate	limited	moderate	limited	0.1667	12	0.0000	moderate	limited	limited
Vibrio gallaecicus	NA	NA	NA	NA	NA	NA	NA	limited	NA	NA	NA	NA	NA	NA	nan	1	0.9167			
Paucilactobacillus wasatchensis	moderate	limited	moderate	limited	limited	limited	limited	limited	limited	limited	limited	limited	moderate	limited	0.1667	12	0.0000	moderate	limited	limited
Neisseria dumasiana	NA	NA	NA	NA	NA	NA	NA	limited	NA	NA	NA	NA	NA	NA	nan	1	0.9167			
Kutzneria buriramensis	limited	NA	NA	NA	NA	NA	NA	limited	NA	NA	NA	NA	NA	NA	nan	1	0.9167			
Vibrio hyugaensis	moderate	limited	NA	limited	limited	NA	limited	limited	limited	NA	NA	NA	limited	limited	0.0000	7	0.4167	limited	limited	limited
Paraburkholderia kirstenboschensis	moderate	NA	moderate	NA	limited	NA	NA	limited	NA	NA	limited	NA	limited	limited	0.2000	5	0.5833	moderate	limited	limited
Rhizobium aegyptiacum	NA	NA	NA	NA	limited	NA	NA	limited	limited	NA	limited	NA	NA	limited	0.0000	4	0.6667	limited	limited	limited
Phyllobacterium endophyticum	moderate	NA	moderate	limited	limited	NA	NA	limited	NA	NA	limited	NA	limited	limited	0.1667	6	0.5000	moderate	limited	limited
Micromonospora mirobrigensis	limited	NA	limited	NA	limited	NA	NA	limited	NA	NA	NA	limited	limited	limited	0.0000	5	0.5833	limited	limited	limited
Streptomyces guryensis	moderate	NA	moderate	limited	limited	NA	NA	limited	NA	NA	NA	limited	limited	limited	0.1667	6	0.5000	moderate	limited	limited
Xanthomonas bromi	moderate	limited	moderate	NA	limited	limited	limited	limited	limited	moderate	moderate	limited	moderate	limited	0.3636	11	0.0833	moderate	limited	limited
Pseudoalteromonas byunsanensis	moderate	limited	moderate	limited	limited	limited	limited	limited	limited	limited	limited	limited	limited	limited	0.0833	12	0.0000	moderate	limited	limited
Bacillus rhizoplanae	moderate	NA	NA	NA	NA	NA	NA	limited	limited	NA	limited	NA	NA	limited	0.0000	3	0.7500	limited	limited	limited
Yersinia canariae	moderate	limited	limited	limited	limited	limited	limited	limited	limited	limited	limited	NA	limited	limited	0.0000	11	0.0833	limited	limited	limited
Yersinia nurmii	moderate	limited	moderate	NA	limited	limited	limited	limited	limited	NA	NA	NA	limited	limited	0.1250	8	0.3333	moderate	limited	limited
Vibrio thalassae	moderate	NA	NA	NA	limited	NA	NA	limited	NA	NA	NA	NA	limited	limited	0.0000	3	0.7500	limited	limited	limited
Paraburkholderia piptadeniae	moderate	limited	moderate	limited	limited	NA	NA	limited	limited	NA	limited	limited	moderate	limited	0.2222	9	0.2500	moderate	limited	limited
Hoeflea marina	moderate	limited	moderate	limited	limited	limited	limited	limited	NA	NA	NA	NA	limited	limited	0.1250	8	0.3333	moderate	limited	limited
Lewinella cohaerens	moderate	moderate	moderate	NA	limited	limited	limited	limited	limited	NA	NA	NA	moderate	limited	0.3750	8	0.3333	moderate	limited	limited
Xenorhabdus japonica	moderate	NA	moderate	limited	limited	limited	limited	limited	limited	moderate	limited	limited	limited	limited	0.1818	11	0.0833	moderate	limited	limited
Actinomadura meyerae	NA	NA	NA	NA	limited	NA	NA	limited	limited	limited	NA	NA	NA	limited	0.0000	4	0.6667	limited	limited	limited
Luteibacter yeojuensis	moderate	limited	NA	limited	limited	limited	NA	limited	limited	limited	limited	limited	limited	limited	0.0000	10	0.1667	limited	limited	limited
Xenorhabdus beddingii	NA	NA	NA	NA	limited	NA	NA	limited	NA	NA	NA	NA	NA	NA	nan	2	0.8333			
Nonomuraea dietziae	moderate	NA	NA	NA	limited	NA	NA	limited	NA	NA	NA	NA	limited	limited	0.0000	3	0.7500	limited	limited	limited
Listeria costaricensis	limited	NA	moderate	NA	limited	NA	NA	limited	NA	NA	NA	NA	NA	limited	0.3333	3	0.7500	moderate	limited	limited
Bifidobacterium castoris	moderate	limited	moderate	limited	limited	limited	limited	limited	limited	limited	NA	limited	moderate	limited	0.1818	11	0.0833	moderate	limited	limited
[Corynebacterium] ilicis	NA	limited	moderate	limited	limited	limited	limited	limited	limited	NA	limited	limited	limited	limited	0.0909	11	0.0833	moderate	limited	limited
Pantoea coffeiphila	moderate	NA	moderate	NA	limited	NA	limited	limited	NA	NA	NA	NA	limited	limited	0.2000	5	0.5833	moderate	limited	limited
Lentilactobacillus parakefiri	moderate	NA	moderate	limited	limited	limited	limited	limited	limited	limited	limited	limited	moderate	limited	0.1818	11	0.0833	moderate	limited	limited
Paraburkholderia ginsengisoli	moderate	limited	moderate	limited	limited	NA	limited	limited	limited	NA	limited	limited	limited	limited	0.1000	10	0.1667	moderate	limited	limited
Bifidobacterium imperatoris	moderate	limited	moderate	limited	limited	limited	limited	limited	limited	limited	limited	limited	moderate	limited	0.1667	12	0.0000	moderate	limited	limited
Pseudomonas bubulae	NA	limited	limited	NA	limited	limited	limited	limited	limited	NA	NA	limited	limited	limited	0.0000	9	0.2500	limited	limited	limited
Paraburkholderia monticola	moderate	NA	moderate	limited	limited	limited	limited	limited	limited	NA	limited	limited	moderate	limited	0.2000	10	0.1667	moderate	limited	limited
Leifsonia naganoensis	limited	limited	moderate	limited	limited	limited	NA	limited	NA	limited	limited	limited	moderate	limited	0.2000	10	0.1667	moderate	limited	limited
Streptococcus loxodontisalivarius	NA	NA	NA	NA	NA	NA	NA	limited	limited	NA	NA	limited	limited	limited	0.0000	4	0.6667	limited	limited	limited
Pseudomonas xanthosomatis	moderate	NA	limited	NA	limited	NA	NA	limited	limited	NA	NA	limited	limited	limited	0.0000	6	0.5000	limited	limited	limited
Vibrio superstes	NA	NA	NA	NA	limited	NA	NA	limited	NA	NA	NA	NA	limited	limited	0.0000	3	0.7500	limited	limited	limited
Staphylococcus roterodami	NA	limited	NA	NA	limited	NA	NA	NA	NA	NA	NA	limited	limited	limited	0.0000	4	0.6667	limited	limited	limited
Clostridium aestuarii	moderate	limited	limited	limited	limited	limited	NA	limited	NA	NA	NA	limited	limited	limited	0.0000	8	0.3333	limited	limited	limited
Elizabethkingia occulta	limited	NA	NA	NA	limited	NA	limited	limited	limited	NA	limited	NA	NA	limited	0.0000	5	0.5833	limited	limited	limited
Staphylococcus ureilyticus	moderate	limited	moderate	limited	limited	limited	limited	limited	limited	NA	NA	limited	limited	limited	0.1000	10	0.1667	moderate	limited	limited
Burkholderia savannae	NA	NA	moderate	NA	limited	NA	NA	NA	NA	NA	NA	NA	NA	NA	nan	2	0.8333			
Bradyrhizobium stylosanthis	moderate	moderate	moderate	moderate	limited	limited	limited	limited	limited	moderate	limited	limited	moderate	limited	0.4167	12	0.0000	moderate	limited	limited
Neisseria zalophi	NA	NA	moderate	NA	limited	NA	NA	limited	NA	NA	NA	NA	limited	limited	0.2500	4	0.6667	moderate	limited	limited
Vibrio hangzhouensis	limited	NA	NA	NA	limited	NA	NA	limited	limited	limited	NA	NA	NA	limited	0.0000	4	0.6667	limited	limited	limited
Pseudomonas laurylsulfatiphila	NA	NA	limited	NA	limited	NA	NA	limited	NA	NA	NA	limited	limited	limited	0.0000	5	0.5833	limited	limited	limited
Flavobacterium swingsii	NA	NA	NA	NA	NA	NA	NA	limited	NA	NA	NA	NA	limited	NA	nan	2	0.8333			
Acidiphilium organovorum	limited	moderate	moderate	moderate	limited	limited	NA	limited	NA	NA	NA	NA	moderate	moderate	0.5714	7	0.4167	moderate	limited	moderate
Sphingomonas rubra	moderate	limited	moderate	moderate	limited	limited	limited	limited	limited	limited	limited	limited	moderate	limited	0.2500	12	0.0000	moderate	limited	limited
Phyllobacterium leguminum	moderate	limited	moderate	moderate	limited	limited	NA	limited	limited	moderate	limited	limited	moderate	limited	0.3636	11	0.0833	moderate	limited	limited
Sphingobium abikonense	NA	limited	NA	NA	limited	NA	NA	NA	NA	limited	NA	NA	limited	limited	0.0000	4	0.6667	limited	limited	limited
Mesorhizobium hawassense	moderate	limited	moderate	limited	limited	limited	limited	limited	limited	limited	limited	limited	moderate	limited	0.1667	12	0.0000	moderate	limited	limited
Bradyrhizobium tropiciagri	moderate	moderate	moderate	moderate	moderate	limited	limited	limited	limited	moderate	limited	limited	moderate	moderate	0.5000	12	0.0000	moderate	limited	moderate
Serratia inhibens	moderate	NA	NA	NA	limited	limited	NA	limited	limited	NA	NA	NA	NA	limited	0.0000	4	0.6667	limited	limited	limited
Shewanella inventionis	limited	NA	NA	moderate	limited	limited	limited	limited	limited	NA	NA	NA	NA	limited	0.1667	6	0.5000	moderate	limited	limited
Stigmatella erecta	extensive	moderate	moderate	moderate	limited	NA	NA	limited	NA	limited	NA	NA	moderate	moderate	0.5714	7	0.4167	moderate	limited	moderate
Agromyces italicus	limited	NA	NA	NA	NA	NA	NA	limited	NA	NA	NA	NA	NA	NA	nan	1	0.9167			
Microbacterium marinum	moderate	limited	moderate	limited	limited	limited	limited	limited	limited	NA	limited	limited	moderate	limited	0.1818	11	0.0833	moderate	limited	limited
Novosphingobium naphthalenivorans	moderate	moderate	moderate	moderate	limited	limited	limited	limited	NA	NA	NA	NA	moderate	moderate	0.5000	8	0.3333	moderate	limited	moderate
Mycolicibacterium peregrinum	extensive	moderate	moderate	moderate	moderate	moderate	limited	moderate	limited	limited	limited	limited	moderate	moderate	0.5833	12	0.0000	moderate	limited	moderate
Dickeya undicola	NA	NA	NA	NA	NA	NA	NA	limited	NA	NA	NA	NA	NA	NA	nan	1	0.9167			
Mycolicibacterium madagascariense	moderate	limited	limited	limited	limited	limited	limited	limited	limited	NA	limited	limited	moderate	limited	0.0909	11	0.0833	moderate	limited	limited
Aquaspirillum arcticum	limited	NA	NA	NA	limited	limited	NA	limited	limited	NA	NA	NA	moderate	limited	0.2000	5	0.5833	moderate	limited	limited
Microbacterium natoriense	limited	limited	moderate	limited	limited	NA	NA	limited	limited	limited	NA	limited	limited	limited	0.1111	9	0.2500	moderate	limited	limited
Cupriavidus plantarum	moderate	NA	moderate	NA	limited	NA	limited	limited	limited	NA	limited	NA	moderate	limited	0.2857	7	0.4167	moderate	limited	limited
Levilactobacillus zymae	moderate	NA	NA	limited	limited	NA	NA	limited	limited	NA	limited	limited	limited	limited	0.0000	7	0.4167	limited	limited	limited
Myroides marinus	moderate	NA	moderate	limited	limited	limited	limited	limited	limited	NA	NA	NA	moderate	limited	0.2500	8	0.3333	moderate	limited	limited
Kribbella sandramycini	NA	NA	NA	NA	limited	NA	NA	NA	NA	NA	NA	NA	NA	NA	nan	1	0.9167			
Mesobacillus jeotgali	limited	NA	NA	NA	limited	NA	NA	limited	NA	NA	NA	NA	moderate	limited	0.3333	3	0.7500	moderate	limited	limited
Pseudomonas persica	moderate	NA	limited	NA	limited	NA	NA	limited	limited	limited	NA	limited	limited	limited	0.0000	7	0.4167	limited	limited	limited
Nocardia gamkensis	NA	NA	NA	NA	NA	NA	NA	limited	NA	NA	NA	NA	NA	NA	nan	1	0.9167			
Brevibacillus gelatini	limited	NA	moderate	limited	limited	NA	NA	limited	limited	NA	limited	limited	moderate	limited	0.2500	8	0.3333	moderate	limited	limited
Cytobacillus solani	limited	NA	moderate	NA	limited	NA	NA	limited	limited	NA	NA	limited	moderate	limited	0.3333	6	0.5000	moderate	limited	limited
Nonomuraea endophytica	limited	NA	NA	NA	NA	NA	NA	NA	NA	NA	NA	NA	NA	NA	nan	0	1.0000			
Agrobacterium leguminum	limited	limited	moderate	limited	limited	limited	NA	limited	NA	moderate	moderate	NA	moderate	limited	0.4444	9	0.2500	moderate	limited	limited
Rhizobium metallidurans	moderate	limited	moderate	NA	NA	NA	NA	limited	limited	NA	limited	NA	NA	limited	0.2000	5	0.5833	moderate	limited	limited
Halopelagius inordinatus	NA	NA	NA	NA	NA	NA	NA	NA	NA	NA	NA	NA	NA	NA	nan	0	1.0000			
Kaistia adipata	moderate	limited	NA	limited	limited	limited	NA	limited	limited	NA	NA	NA	limited	limited	0.0000	7	0.4167	limited	limited	limited
Haemophilus paracuniculus	NA	NA	moderate	limited	NA	NA	NA	limited	NA	NA	NA	NA	limited	limited	0.2500	4	0.6667	moderate	limited	limited
Gluconobacter cerevisiae	NA	NA	NA	NA	NA	NA	NA	limited	NA	NA	NA	NA	NA	NA	nan	1	0.9167			
Pseudomonas palmensis	moderate	NA	limited	NA	limited	NA	NA	limited	NA	NA	limited	limited	limited	limited	0.0000	6	0.5000	limited	limited	limited
Trichococcus collinsii	NA	NA	NA	NA	NA	NA	NA	NA	NA	NA	NA	NA	NA	NA	nan	0	1.0000			
Clostridium bovifaecis	limited	NA	NA	NA	limited	NA	NA	limited	NA	NA	NA	NA	limited	limited	0.0000	3	0.7500	limited	limited	limited
Alicyclobacillus sacchari	moderate	limited	moderate	limited	moderate	limited	NA	limited	limited	NA	limited	limited	moderate	limited	0.3000	10	0.1667	moderate	limited	limited
Mycolicibacterium gadium	moderate	NA	moderate	limited	limited	limited	limited	limited	limited	limited	limited	limited	moderate	limited	0.1818	11	0.0833	moderate	limited	limited
Microbulbifer salipaludis	limited	NA	NA	NA	limited	NA	NA	limited	limited	NA	NA	NA	NA	limited	0.0000	3	0.7500	limited	limited	limited
Oceanimonas smirnovii	NA	NA	NA	NA	limited	NA	NA	limited	NA	NA	NA	NA	limited	limited	0.0000	3	0.7500	limited	limited	limited
Sphingomonas ginsenosidimutans	moderate	limited	limited	limited	limited	NA	limited	limited	limited	limited	limited	limited	limited	limited	0.0000	11	0.0833	limited	limited	limited
Planococcus maitriensis	NA	NA	NA	NA	limited	NA	NA	limited	NA	NA	NA	NA	NA	NA	nan	2	0.8333			
Enterococcus innesii	moderate	limited	moderate	limited	limited	limited	limited	limited	limited	limited	limited	limited	moderate	limited	0.1667	12	0.0000	moderate	limited	limited
Acinetobacter modestus	moderate	limited	moderate	limited	limited	limited	limited	limited	limited	limited	limited	limited	limited	limited	0.0833	12	0.0000	moderate	limited	limited
Pseudomonas azerbaijanorientalis	moderate	NA	limited	NA	limited	NA	limited	limited	limited	NA	NA	NA	limited	limited	0.0000	6	0.5000	limited	limited	limited
Mycolicibacterium aubagnense	moderate	limited	moderate	limited	limited	limited	limited	limited	limited	NA	limited	limited	moderate	limited	0.1818	11	0.0833	moderate	limited	limited
Mycobacterium grossiae	NA	NA	limited	NA	limited	limited	NA	limited	NA	NA	NA	limited	limited	limited	0.0000	6	0.5000	limited	limited	limited
Nocardia testacea	moderate	limited	moderate	NA	limited	limited	limited	limited	limited	NA	limited	NA	moderate	limited	0.2222	9	0.2500	moderate	limited	limited
Mycolicibacterium insubricum	moderate	NA	limited	limited	limited	limited	limited	limited	limited	NA	limited	limited	moderate	limited	0.1000	10	0.1667	moderate	limited	limited
Kribbella qitaiheensis	limited	NA	NA	NA	limited	NA	NA	limited	NA	NA	NA	NA	NA	NA	nan	2	0.8333			
Acinetobacter portensis	NA	NA	NA	NA	limited	NA	NA	limited	limited	NA	NA	NA	limited	limited	0.0000	4	0.6667	limited	limited	limited
Sphingobium wenxiniae	moderate	limited	limited	limited	limited	limited	NA	limited	limited	limited	limited	NA	NA	limited	0.0000	9	0.2500	limited	limited	limited
Acidithiobacillus ferrianus	NA	limited	moderate	NA	limited	limited	NA	limited	limited	NA	limited	limited	limited	limited	0.1111	9	0.2500	moderate	limited	limited
Pseudomonas humi	moderate	NA	moderate	moderate	limited	limited	limited	limited	limited	limited	NA	limited	moderate	limited	0.3000	10	0.1667	moderate	limited	limited
Kutzneria kofuensis	limited	NA	NA	NA	limited	NA	NA	limited	NA	NA	NA	NA	NA	NA	nan	2	0.8333			
Dickeya lacustris	limited	NA	NA	NA	NA	NA	NA	NA	NA	NA	NA	NA	NA	NA	nan	0	1.0000			
Micromonospora rhizosphaerae	moderate	NA	moderate	limited	limited	NA	NA	limited	NA	NA	limited	limited	limited	limited	0.1429	7	0.4167	moderate	limited	limited
Nitrobacter alkalicus	limited	limited	limited	NA	limited	NA	NA	limited	NA	NA	NA	NA	limited	limited	0.0000	5	0.5833	limited	limited	limited
Actinomadura macra	moderate	NA	moderate	limited	limited	limited	limited	limited	limited	limited	limited	NA	moderate	limited	0.2000	10	0.1667	moderate	limited	limited
Aliivibrio sifiae	NA	moderate	NA	NA	limited	limited	NA	limited	NA	NA	limited	NA	moderate	limited	0.3333	6	0.5000	moderate	limited	limited
Vibrio inusitatus	NA	NA	limited	limited	limited	NA	limited	limited	NA	NA	NA	NA	limited	limited	0.0000	6	0.5000	limited	limited	limited
Ramlibacter henchirensis	limited	NA	NA	NA	NA	limited	NA	limited	NA	NA	limited	NA	limited	limited	0.0000	4	0.6667	limited	limited	limited
Paraburkholderia madseniana	moderate	NA	NA	NA	limited	NA	NA	limited	limited	NA	limited	NA	limited	limited	0.0000	5	0.5833	limited	limited	limited
Comamonas composti	moderate	moderate	moderate	limited	limited	limited	limited	limited	NA	NA	limited	limited	moderate	limited	0.3000	10	0.1667	moderate	limited	limited
Actinoplanes globisporus	extensive	limited	moderate	moderate	limited	limited	limited	limited	limited	NA	limited	limited	moderate	limited	0.2727	11	0.0833	moderate	limited	limited
Pseudomonas neuropathica	NA	NA	limited	NA	NA	NA	NA	NA	NA	NA	NA	limited	NA	NA	nan	2	0.8333			
Cutibacterium namnetense	moderate	NA	moderate	NA	limited	limited	limited	limited	limited	NA	NA	limited	limited	limited	0.1250	8	0.3333	moderate	limited	limited
Pseudomonas karstica	moderate	NA	limited	NA	limited	limited	NA	limited	limited	NA	NA	NA	limited	limited	0.0000	6	0.5000	limited	limited	limited
Aeromonas fluvialis	extensive	moderate	moderate	moderate	moderate	moderate	moderate	moderate	limited	moderate	limited	limited	moderate	moderate	0.7500	12	0.0000	moderate	limited	moderate
Phyllobacterium bourgognense	moderate	limited	limited	limited	limited	limited	NA	limited	limited	NA	limited	NA	limited	limited	0.0000	9	0.2500	limited	limited	limited
Vibrio areninigrae	limited	NA	limited	NA	limited	limited	NA	limited	limited	limited	NA	NA	limited	limited	0.0000	7	0.4167	limited	limited	limited
Mammaliicoccus fleurettii	moderate	NA	limited	limited	limited	limited	limited	limited	limited	limited	NA	NA	limited	limited	0.0000	9	0.2500	limited	limited	limited
Alteromonas portus	moderate	moderate	moderate	moderate	moderate	limited	limited	limited	limited	limited	limited	limited	moderate	limited	0.4167	12	0.0000	moderate	limited	limited
Brevibacterium senegalense	moderate	limited	moderate	limited	limited	NA	NA	limited	limited	NA	NA	NA	limited	limited	0.1429	7	0.4167	moderate	limited	limited
Proteus alimentorum	NA	NA	NA	NA	NA	NA	limited	limited	limited	NA	NA	NA	NA	limited	0.0000	3	0.7500	limited	limited	limited
Photobacterium frigidiphilum	moderate	limited	moderate	moderate	moderate	NA	limited	limited	limited	limited	NA	limited	moderate	limited	0.4000	10	0.1667	moderate	limited	limited
Micromonospora pattaloongensis	limited	NA	NA	limited	limited	NA	NA	limited	NA	NA	limited	NA	NA	limited	0.0000	4	0.6667	limited	limited	limited
Vibrio artabrorum	NA	NA	NA	NA	NA	NA	NA	NA	NA	NA	NA	NA	NA	NA	nan	0	1.0000			
Pseudomonas oryzicola	moderate	limited	limited	limited	limited	limited	limited	limited	limited	limited	moderate	limited	moderate	limited	0.1667	12	0.0000	moderate	limited	limited
Streptococcus himalayensis	NA	NA	NA	NA	NA	NA	NA	NA	NA	NA	NA	NA	limited	NA	nan	1	0.9167			
Nocardiopsis sinuspersici	moderate	limited	moderate	limited	limited	limited	NA	limited	limited	NA	limited	limited	limited	limited	0.1000	10	0.1667	moderate	limited	limited
Chromobacterium rhizoryzae	moderate	NA	moderate	limited	limited	limited	limited	limited	NA	NA	NA	NA	limited	limited	0.1429	7	0.4167	moderate	limited	limited
Sphingomonas yunnanensis	moderate	limited	limited	limited	limited	NA	limited	limited	limited	NA	limited	limited	limited	limited	0.0000	10	0.1667	limited	limited	limited
Okibacterium fritillariae	NA	NA	NA	NA	limited	NA	NA	limited	limited	NA	NA	NA	NA	limited	0.0000	3	0.7500	limited	limited	limited
Clostridium moniliforme	extensive	limited	moderate	limited	limited	limited	limited	limited	limited	limited	NA	limited	limited	limited	0.0909	11	0.0833	moderate	limited	limited
Catellatospora chokoriensis	limited	NA	NA	NA	limited	NA	NA	limited	NA	NA	NA	NA	NA	NA	nan	2	0.8333			
Polynucleobacter cosmopolitanus	moderate	limited	moderate	limited	limited	limited	limited	limited	limited	limited	NA	NA	moderate	limited	0.2000	10	0.1667	moderate	limited	limited
Streptococcus ilei	NA	NA	moderate	limited	limited	limited	NA	limited	limited	NA	NA	NA	limited	limited	0.1429	7	0.4167	moderate	limited	limited
Micromonospora wenchangensis	limited	NA	limited	limited	limited	NA	NA	limited	NA	NA	NA	NA	limited	limited	0.0000	5	0.5833	limited	limited	limited
Flavobacterium piscis	NA	NA	moderate	limited	limited	NA	limited	limited	NA	NA	limited	NA	limited	limited	0.1429	7	0.4167	moderate	limited	limited
Vibrio tarriae	moderate	limited	limited	moderate	limited	NA	limited	limited	NA	moderate	NA	NA	limited	limited	0.2500	8	0.3333	moderate	limited	limited
Vibrio algivorus	limited	NA	NA	NA	limited	NA	NA	limited	NA	NA	NA	NA	NA	NA	nan	2	0.8333			
Dyella soli	moderate	limited	limited	NA	limited	limited	NA	limited	NA	NA	limited	NA	limited	limited	0.0000	7	0.4167	limited	limited	limited
Shewanella sairae	NA	NA	NA	limited	limited	limited	NA	limited	NA	NA	NA	NA	NA	limited	0.0000	4	0.6667	limited	limited	limited
Amycolatopsis kentuckyensis	moderate	limited	moderate	NA	limited	limited	NA	limited	NA	NA	NA	NA	limited	limited	0.1667	6	0.5000	moderate	limited	limited
Marinobacter mobilis	moderate	NA	moderate	moderate	limited	limited	NA	limited	NA	NA	NA	NA	moderate	moderate	0.5000	6	0.5000	moderate	limited	moderate
Chromobacterium paludis	moderate	NA	NA	limited	limited	NA	limited	limited	NA	NA	NA	NA	limited	limited	0.0000	5	0.5833	limited	limited	limited
Flavobacterium urumqiense	limited	NA	limited	NA	NA	limited	NA	limited	NA	NA	limited	limited	limited	limited	0.0000	6	0.5000	limited	limited	limited
Paraglaciecola agarilytica	moderate	NA	NA	limited	limited	NA	NA	limited	limited	NA	NA	NA	NA	limited	0.0000	4	0.6667	limited	limited	limited
Marinobacter guineae	moderate	NA	NA	NA	limited	limited	NA	limited	NA	NA	NA	NA	NA	limited	0.0000	3	0.7500	limited	limited	limited
Cytobacillus gottheilii	moderate	NA	moderate	limited	limited	limited	limited	limited	limited	limited	limited	limited	moderate	limited	0.1818	11	0.0833	moderate	limited	limited
Bartonella kosoyi	limited	NA	limited	NA	NA	limited	limited	limited	limited	NA	NA	NA	limited	limited	0.0000	6	0.5000	limited	limited	limited
Bacillus paramobilis	limited	NA	moderate	NA	limited	NA	NA	limited	limited	NA	NA	NA	limited	limited	0.2000	5	0.5833	moderate	limited	limited
Paracidovorax citrulli	moderate	limited	moderate	limited	limited	limited	limited	limited	NA	moderate	extensive	NA	limited	limited	0.4000	10	0.1667	extensive	limited	limited
Shewanella pneumatophori	moderate	limited	moderate	NA	limited	NA	limited	limited	limited	NA	NA	NA	limited	limited	0.1429	7	0.4167	moderate	limited	limited
Brevibacillus limnophilus	moderate	limited	moderate	limited	limited	limited	NA	limited	NA	NA	NA	limited	moderate	limited	0.2500	8	0.3333	moderate	limited	limited
Amycolatopsis roodepoortensis	limited	NA	NA	NA	limited	NA	NA	limited	NA	NA	NA	NA	NA	NA	nan	2	0.8333			
Nonomuraea turkmeniaca	moderate	limited	NA	NA	limited	limited	NA	limited	NA	NA	NA	limited	limited	limited	0.0000	6	0.5000	limited	limited	limited
Micromonospora humi	moderate	NA	moderate	limited	limited	NA	NA	limited	limited	NA	limited	limited	limited	limited	0.1250	8	0.3333	moderate	limited	limited
Vibrio atypicus	moderate	NA	NA	NA	limited	NA	NA	limited	NA	limited	NA	NA	NA	limited	0.0000	3	0.7500	limited	limited	limited
Thiococcus pfennigii	limited	NA	NA	NA	limited	NA	NA	NA	NA	NA	NA	NA	NA	NA	nan	1	0.9167			
Nocardia vermiculata	NA	NA	moderate	NA	limited	limited	limited	limited	limited	NA	limited	limited	limited	limited	0.1111	9	0.2500	moderate	limited	limited
Micromonospora noduli	moderate	limited	moderate	limited	limited	limited	limited	limited	limited	NA	limited	limited	limited	limited	0.0909	11	0.0833	moderate	limited	limited
Lentilactobacillus curieae	moderate	NA	NA	NA	NA	NA	NA	limited	NA	NA	NA	limited	NA	NA	nan	2	0.8333			
Caballeronia humi	moderate	NA	NA	NA	limited	NA	NA	limited	limited	NA	NA	NA	limited	limited	0.0000	4	0.6667	limited	limited	limited
Rhizobium aethiopicum	moderate	limited	moderate	limited	limited	limited	limited	limited	limited	limited	limited	limited	moderate	limited	0.1667	12	0.0000	moderate	limited	limited
Bradyrhizobium guangxiense	moderate	moderate	moderate	moderate	limited	limited	NA	limited	NA	moderate	limited	limited	moderate	moderate	0.5000	10	0.1667	moderate	limited	moderate
Dickeya parazeae	NA	NA	NA	NA	limited	NA	NA	limited	limited	NA	NA	limited	NA	limited	0.0000	4	0.6667	limited	limited	limited
Alishewanella fetalis	NA	limited	NA	NA	limited	NA	NA	limited	NA	NA	NA	NA	NA	limited	0.0000	3	0.7500	limited	limited	limited
Brucella tritici	extensive	limited	moderate	limited	limited	NA	NA	limited	limited	NA	NA	NA	limited	limited	0.1429	7	0.4167	moderate	limited	limited
Microbacterium arthrosphaerae	moderate	NA	moderate	limited	limited	limited	limited	limited	limited	NA	limited	limited	limited	limited	0.1000	10	0.1667	moderate	limited	limited
Mycolicibacterium alvei	moderate	limited	limited	limited	limited	limited	limited	limited	limited	limited	limited	limited	limited	limited	0.0000	12	0.0000	limited	limited	limited
Natrialba chahannaoensis	NA	NA	NA	NA	moderate	NA	NA	limited	NA	NA	NA	NA	moderate	moderate	0.6667	3	0.7500	moderate	limited	moderate
Pseudomonas alliivorans	moderate	NA	limited	NA	limited	NA	limited	limited	limited	NA	limited	limited	moderate	limited	0.1250	8	0.3333	moderate	limited	limited
Brevibacterium yomogidense	limited	NA	NA	limited	limited	NA	limited	limited	NA	NA	NA	NA	limited	limited	0.0000	5	0.5833	limited	limited	limited
Photobacterium carnosum	moderate	moderate	moderate	moderate	moderate	limited	limited	limited	NA	moderate	NA	limited	moderate	moderate	0.6000	10	0.1667	moderate	limited	moderate
Melittangium lichenicola	NA	NA	NA	NA	NA	NA	NA	NA	NA	NA	NA	NA	NA	NA	nan	0	1.0000			
Trichococcus palustris	moderate	limited	moderate	moderate	limited	limited	NA	limited	limited	NA	NA	limited	moderate	limited	0.3333	9	0.2500	moderate	limited	limited
Bradyrhizobium septentrionale	moderate	NA	moderate	NA	limited	limited	NA	limited	limited	NA	limited	limited	limited	limited	0.1250	8	0.3333	moderate	limited	limited
Flavobacterium cerinum	limited	limited	moderate	limited	limited	NA	limited	limited	limited	NA	limited	NA	moderate	limited	0.2222	9	0.2500	moderate	limited	limited
Methanolobus profundi	limited	NA	NA	NA	limited	NA	NA	limited	NA	NA	NA	NA	NA	NA	nan	2	0.8333			
Xenorhabdus koppenhoeferi	limited	NA	NA	NA	limited	NA	NA	limited	limited	NA	NA	limited	limited	limited	0.0000	5	0.5833	limited	limited	limited
Paraburkholderia aspalathi	moderate	limited	moderate	limited	limited	limited	limited	limited	limited	limited	limited	NA	limited	limited	0.0909	11	0.0833	moderate	limited	limited
Limosilactobacillus frumenti	moderate	NA	moderate	limited	limited	limited	limited	limited	limited	limited	limited	limited	limited	limited	0.0909	11	0.0833	moderate	limited	limited
Myroides pelagicus	limited	NA	NA	NA	NA	NA	NA	limited	NA	NA	NA	NA	NA	NA	nan	1	0.9167			
Helicobacter anseris	limited	NA	NA	NA	NA	NA	limited	limited	NA	limited	NA	NA	NA	limited	0.0000	3	0.7500	limited	limited	limited
Bradyrhizobium embrapense	moderate	limited	moderate	moderate	limited	limited	limited	limited	limited	moderate	limited	NA	limited	limited	0.2727	11	0.0833	moderate	limited	limited
Stenotrophomonas tumulicola	NA	NA	NA	limited	limited	NA	limited	limited	limited	NA	limited	NA	limited	limited	0.0000	7	0.4167	limited	limited	limited
Candidimonas bauzanensis	limited	NA	NA	limited	limited	limited	NA	limited	NA	NA	NA	NA	limited	limited	0.0000	5	0.5833	limited	limited	limited
Yersinia pekkanenii	moderate	limited	moderate	limited	limited	limited	limited	limited	limited	NA	limited	NA	moderate	limited	0.2000	10	0.1667	moderate	limited	limited
Rhodococcus pseudokoreensis	NA	limited	moderate	NA	limited	limited	NA	limited	limited	NA	NA	NA	limited	limited	0.1429	7	0.4167	moderate	limited	limited
Acinetobacter piscicola	moderate	limited	moderate	limited	limited	limited	limited	limited	limited	NA	limited	limited	moderate	limited	0.1818	11	0.0833	moderate	limited	limited
Actinomadura fibrosa	moderate	limited	moderate	NA	limited	limited	limited	limited	limited	limited	NA	limited	moderate	limited	0.2000	10	0.1667	moderate	limited	limited
Methanolobus taylorii	NA	NA	NA	NA	limited	NA	NA	limited	NA	NA	NA	NA	NA	NA	nan	2	0.8333			
Mycolicibacterium fallax	extensive	limited	moderate	moderate	moderate	limited	limited	moderate	limited	limited	limited	limited	moderate	limited	0.4167	12	0.0000	moderate	limited	limited
Corynebacterium gerontici	moderate	limited	moderate	limited	limited	limited	limited	limited	limited	NA	limited	limited	moderate	limited	0.1818	11	0.0833	moderate	limited	limited
Serinicoccus marinus	limited	NA	limited	NA	limited	limited	NA	limited	limited	NA	NA	NA	limited	limited	0.0000	6	0.5000	limited	limited	limited
Shewanella schlegeliana	moderate	NA	limited	moderate	limited	limited	NA	limited	limited	NA	NA	NA	limited	limited	0.1429	7	0.4167	moderate	limited	limited
Campylobacter vulpis	limited	limited	limited	limited	limited	NA	limited	limited	limited	NA	NA	NA	limited	limited	0.0000	8	0.3333	limited	limited	limited
Shewanella oncorhynchi	moderate	moderate	moderate	moderate	limited	limited	limited	limited	limited	limited	NA	NA	moderate	limited	0.4000	10	0.1667	moderate	limited	limited
Paraburkholderia pallida	moderate	NA	moderate	moderate	limited	limited	NA	limited	limited	NA	limited	NA	moderate	limited	0.3750	8	0.3333	moderate	limited	limited
Kocuria aegyptia	moderate	limited	moderate	limited	limited	limited	limited	limited	limited	NA	limited	limited	limited	limited	0.0909	11	0.0833	moderate	limited	limited
Gordonia jinghuaiqii	NA	NA	NA	NA	NA	NA	NA	NA	NA	NA	NA	NA	NA	NA	nan	0	1.0000			
Mycolicibacterium duvalii	moderate	limited	moderate	limited	limited	NA	limited	limited	limited	limited	limited	limited	moderate	limited	0.1818	11	0.0833	moderate	limited	limited
Microbulbifer pacificus	limited	NA	NA	NA	limited	NA	NA	limited	NA	NA	NA	NA	NA	NA	nan	2	0.8333			
Bhargavaea ginsengi	limited	NA	NA	NA	limited	NA	NA	NA	limited	NA	NA	NA	NA	NA	nan	2	0.8333			
Kineococcus xinjiangensis	limited	NA	moderate	NA	limited	NA	NA	limited	NA	NA	NA	NA	limited	limited	0.2500	4	0.6667	moderate	limited	limited
Niallia taxi	limited	NA	moderate	NA	limited	NA	limited	limited	NA	NA	NA	limited	limited	limited	0.1667	6	0.5000	moderate	limited	limited
Mycobacterium kiyosense	moderate	limited	NA	NA	limited	limited	NA	limited	limited	NA	NA	limited	limited	limited	0.0000	7	0.4167	limited	limited	limited
Herminiimonas fonticola	limited	NA	moderate	limited	limited	limited	NA	limited	NA	NA	NA	NA	limited	limited	0.1667	6	0.5000	moderate	limited	limited
Streptococcus troglodytidis	moderate	limited	moderate	limited	NA	limited	limited	limited	limited	limited	NA	limited	limited	limited	0.1000	10	0.1667	moderate	limited	limited
Bifidobacterium criceti	moderate	limited	moderate	limited	limited	limited	limited	limited	limited	limited	limited	limited	moderate	limited	0.1667	12	0.0000	moderate	limited	limited
Pseudomonas gozinkensis	NA	NA	NA	NA	NA	NA	NA	NA	NA	NA	NA	limited	limited	NA	nan	2	0.8333			
Mycolicibacterium helvum	moderate	limited	moderate	limited	limited	limited	limited	limited	NA	limited	limited	limited	moderate	limited	0.1818	11	0.0833	moderate	limited	limited
Polynucleobacter paneuropaeus	moderate	NA	moderate	NA	limited	NA	limited	limited	limited	limited	NA	NA	moderate	limited	0.2857	7	0.4167	moderate	limited	limited
Bifidobacterium anseris	NA	NA	limited	limited	NA	NA	NA	limited	NA	NA	NA	NA	limited	limited	0.0000	4	0.6667	limited	limited	limited
Pseudarthrobacter defluvii	moderate	limited	NA	limited	limited	limited	limited	limited	limited	limited	limited	NA	limited	limited	0.0000	10	0.1667	limited	limited	limited
Paraburkholderia sediminicola	moderate	NA	moderate	NA	limited	NA	limited	limited	limited	NA	limited	limited	moderate	limited	0.2500	8	0.3333	moderate	limited	limited
Neorhizobium alkalisoli	moderate	limited	moderate	limited	limited	NA	NA	limited	limited	moderate	limited	NA	moderate	limited	0.3333	9	0.2500	moderate	limited	limited
Pectobacterium quasiaquaticum	NA	NA	NA	NA	NA	NA	NA	limited	NA	NA	NA	NA	NA	NA	nan	1	0.9167			
Bifidobacterium primatium	NA	NA	NA	limited	NA	limited	NA	limited	NA	NA	NA	limited	limited	limited	0.0000	5	0.5833	limited	limited	limited
Campylobacter novaezeelandiae	limited	NA	NA	limited	limited	NA	limited	limited	NA	NA	NA	NA	limited	limited	0.0000	5	0.5833	limited	limited	limited
Amycolatopsis eburnea	moderate	limited	moderate	limited	limited	NA	NA	limited	limited	NA	limited	NA	NA	limited	0.1429	7	0.4167	moderate	limited	limited
Brevibacterium pityocampae	NA	limited	moderate	NA	NA	NA	NA	limited	limited	NA	NA	NA	limited	limited	0.2000	5	0.5833	moderate	limited	limited
Mycolicibacterium anyangense	moderate	limited	moderate	limited	limited	limited	limited	limited	limited	limited	limited	limited	moderate	limited	0.1667	12	0.0000	moderate	limited	limited
Photobacterium jeanii	moderate	NA	moderate	NA	limited	NA	NA	limited	NA	NA	NA	limited	moderate	limited	0.4000	5	0.5833	moderate	limited	limited
Sphingomonas insulae	moderate	limited	moderate	limited	limited	limited	NA	limited	limited	limited	limited	limited	moderate	limited	0.1818	11	0.0833	moderate	limited	limited
Mycolicibacterium iranicum	moderate	limited	moderate	moderate	moderate	moderate	limited	moderate	limited	limited	limited	limited	moderate	moderate	0.5000	12	0.0000	moderate	limited	limited
Photobacterium piscicola	moderate	moderate	moderate	moderate	moderate	limited	limited	limited	limited	moderate	limited	limited	moderate	moderate	0.5000	12	0.0000	moderate	limited	moderate
Bradyrhizobium nitroreducens	moderate	NA	moderate	limited	limited	limited	limited	limited	limited	limited	limited	NA	moderate	limited	0.2000	10	0.1667	moderate	limited	limited
Mycobacterium alsense	moderate	limited	limited	limited	limited	limited	limited	limited	limited	NA	NA	limited	limited	limited	0.0000	10	0.1667	limited	limited	limited
Nonomuraea rubra	moderate	NA	limited	NA	limited	NA	NA	limited	NA	NA	NA	NA	NA	limited	0.0000	3	0.7500	limited	limited	limited
Aeromonas aquatica	moderate	NA	limited	NA	limited	limited	NA	limited	NA	NA	limited	NA	limited	limited	0.0000	6	0.5000	limited	limited	limited
Actinokineospora cianjurensis	NA	NA	NA	NA	NA	NA	NA	limited	NA	NA	NA	limited	limited	limited	0.0000	3	0.7500	limited	limited	limited
Mycolicibacterium frederiksbergense	extensive	limited	limited	moderate	limited	limited	limited	limited	limited	NA	limited	limited	moderate	limited	0.1818	11	0.0833	moderate	limited	limited
Pseudochrobactrum algeriensis	limited	limited	NA	NA	NA	NA	NA	limited	NA	NA	limited	NA	limited	limited	0.0000	4	0.6667	limited	limited	limited
Neisseria arctica	moderate	NA	NA	NA	limited	NA	NA	limited	NA	NA	NA	NA	limited	limited	0.0000	3	0.7500	limited	limited	limited
Vibrio neonatus	moderate	NA	NA	NA	limited	NA	limited	limited	limited	limited	NA	NA	limited	limited	0.0000	6	0.5000	limited	limited	limited
Microbacterium caowuchunii	limited	NA	limited	NA	limited	limited	limited	limited	NA	NA	NA	limited	limited	limited	0.0000	7	0.4167	limited	limited	limited
Pseudomonas allokribbensis	limited	NA	limited	NA	NA	NA	NA	limited	limited	NA	NA	limited	NA	limited	0.0000	4	0.6667	limited	limited	limited
Mycobacterium syngnathidarum	NA	NA	NA	limited	limited	NA	NA	limited	NA	NA	NA	limited	limited	limited	0.0000	5	0.5833	limited	limited	limited
Achromobacter veterisilvae	NA	NA	NA	NA	limited	NA	NA	limited	NA	NA	NA	NA	NA	NA	nan	2	0.8333			
Nocardia barduliensis	NA	NA	NA	NA	NA	NA	NA	limited	NA	NA	NA	NA	NA	NA	nan	1	0.9167			
Pseudomonas marianensis	NA	NA	limited	NA	NA	NA	NA	limited	NA	NA	NA	limited	limited	limited	0.0000	4	0.6667	limited	limited	limited
Spirillospora albida	limited	NA	NA	NA	limited	NA	NA	limited	NA	NA	NA	NA	NA	NA	nan	2	0.8333			
Pseudomonas pharmacofabricae	moderate	NA	limited	NA	limited	NA	NA	limited	NA	limited	limited	limited	moderate	limited	0.1429	7	0.4167	moderate	limited	limited
Clostridium combesii	moderate	NA	limited	limited	limited	NA	NA	limited	limited	NA	NA	NA	limited	limited	0.0000	6	0.5000	limited	limited	limited
Corynebacterium guangdongense	moderate	NA	NA	NA	NA	NA	NA	limited	NA	NA	NA	limited	limited	limited	0.0000	3	0.7500	limited	limited	limited
Staphylococcus lloydii	NA	limited	NA	NA	limited	NA	NA	limited	NA	NA	NA	limited	limited	limited	0.0000	5	0.5833	limited	limited	limited
Mycolicibacterium sarraceniae	NA	NA	NA	NA	limited	NA	NA	limited	NA	limited	NA	limited	NA	limited	0.0000	4	0.6667	limited	limited	limited
Mycoplasmopsis synoviae	extensive	moderate	limited	moderate	moderate	limited	extensive	moderate	moderate	moderate	limited	NA	limited	moderate	0.7273	11	0.0833	extensive	limited	moderate
Mycobacterium neglectum	extensive	limited	limited	limited	limited	limited	limited	limited	limited	NA	limited	NA	limited	limited	0.0000	10	0.1667	limited	limited	limited
Kribbella antibiotica	limited	NA	NA	NA	limited	NA	NA	limited	NA	NA	NA	NA	NA	NA	nan	2	0.8333			
Asticcacaulis taihuensis	limited	NA	NA	NA	limited	NA	NA	NA	NA	NA	NA	NA	limited	NA	nan	2	0.8333			
Yersinia wautersii	moderate	NA	NA	NA	limited	NA	limited	limited	NA	NA	NA	NA	NA	limited	0.0000	3	0.7500	limited	limited	limited
Bifidobacterium simiarum	moderate	NA	limited	limited	limited	limited	limited	limited	limited	limited	limited	NA	limited	limited	0.0000	10	0.1667	limited	limited	limited
Limosilactobacillus gastricus	moderate	limited	moderate	NA	limited	NA	limited	limited	limited	limited	limited	NA	limited	limited	0.1111	9	0.2500	moderate	limited	limited
Xanthomonas hydrangeae	moderate	limited	moderate	limited	limited	limited	limited	limited	limited	limited	moderate	limited	moderate	limited	0.2500	12	0.0000	moderate	limited	limited
Gordonia humi	moderate	NA	moderate	NA	limited	NA	NA	limited	limited	NA	NA	NA	limited	limited	0.2000	5	0.5833	moderate	limited	limited
Rhizobium altiplani	moderate	limited	moderate	limited	limited	limited	limited	limited	limited	limited	limited	NA	moderate	limited	0.1818	11	0.0833	moderate	limited	limited
Trueperella bialowiezensis	limited	NA	NA	NA	NA	NA	NA	limited	limited	limited	NA	NA	NA	limited	0.0000	3	0.7500	limited	limited	limited
Sandarakinorhabdus limnophila	limited	NA	NA	NA	NA	NA	NA	limited	NA	NA	NA	NA	NA	NA	nan	1	0.9167			
Bacillus massiliigabonensis	limited	NA	moderate	limited	NA	NA	NA	limited	NA	NA	NA	NA	limited	limited	0.2500	4	0.6667	moderate	limited	limited
Micromonospora sediminicola	moderate	NA	NA	limited	limited	NA	NA	limited	NA	NA	limited	limited	NA	limited	0.0000	5	0.5833	limited	limited	limited
Endobacter medicaginis	limited	NA	NA	NA	limited	NA	NA	limited	NA	limited	NA	NA	NA	limited	0.0000	3	0.7500	limited	limited	limited
Rhodopseudomonas pentothenatexigens	moderate	NA	limited	limited	limited	limited	NA	limited	NA	limited	limited	limited	limited	limited	0.0000	9	0.2500	limited	limited	limited
Aquibium oceanicum	NA	NA	NA	NA	NA	NA	NA	NA	NA	NA	NA	NA	NA	NA	nan	0	1.0000			
Legionella steelei	moderate	limited	NA	limited	limited	limited	limited	limited	limited	NA	NA	NA	NA	limited	0.0000	7	0.4167	limited	limited	limited
Sphingobium phenoxybenzoativorans	moderate	limited	moderate	limited	limited	limited	limited	limited	limited	limited	limited	NA	limited	limited	0.0909	11	0.0833	moderate	limited	limited
Bifidobacterium scaligerum	moderate	limited	moderate	limited	limited	limited	limited	limited	limited	limited	limited	limited	limited	limited	0.0833	12	0.0000	moderate	limited	limited
Arthrobacter ulcerisalmonis	limited	NA	moderate	limited	limited	limited	NA	limited	NA	NA	limited	limited	limited	limited	0.1250	8	0.3333	moderate	limited	limited
Pseudomonas aromaticivorans	moderate	NA	limited	NA	limited	limited	NA	limited	limited	NA	NA	limited	moderate	limited	0.1429	7	0.4167	moderate	limited	limited
Brevibacterium jeotgali	moderate	NA	moderate	NA	limited	NA	limited	limited	NA	NA	limited	NA	limited	limited	0.1667	6	0.5000	moderate	limited	limited
Mycolicibacter hiberniae	NA	NA	NA	NA	limited	NA	NA	limited	NA	NA	limited	NA	NA	limited	0.0000	3	0.7500	limited	limited	limited
Caballeronia terrestris	NA	NA	NA	NA	NA	NA	NA	limited	NA	NA	NA	NA	NA	NA	nan	1	0.9167			
Mycolicibacterium senegalense	extensive	moderate	moderate	moderate	moderate	limited	limited	moderate	limited	NA	limited	limited	moderate	moderate	0.5455	11	0.0833	moderate	limited	moderate
Pusillimonas ginsengisoli	limited	limited	NA	limited	limited	limited	NA	limited	limited	NA	NA	NA	limited	limited	0.0000	7	0.4167	limited	limited	limited
Arthrobacter bambusae	moderate	limited	moderate	limited	limited	NA	limited	limited	NA	NA	limited	limited	moderate	limited	0.2222	9	0.2500	moderate	limited	limited
Nocardiopsis listeri	moderate	NA	moderate	limited	limited	limited	NA	limited	limited	NA	limited	limited	limited	limited	0.1111	9	0.2500	moderate	limited	limited
Nonomuraea solani	NA	NA	NA	NA	limited	NA	NA	NA	NA	NA	NA	NA	NA	NA	nan	1	0.9167			
Bradyrhizobium nanningense	moderate	moderate	moderate	moderate	limited	limited	limited	limited	limited	moderate	limited	limited	moderate	limited	0.4167	12	0.0000	moderate	limited	limited
Pseudomonas uvaldensis	moderate	NA	limited	limited	limited	NA	NA	limited	limited	limited	limited	limited	limited	limited	0.0000	9	0.2500	limited	limited	limited
Azospirillum palustre	moderate	limited	moderate	moderate	limited	limited	limited	limited	NA	NA	limited	limited	moderate	limited	0.3000	10	0.1667	moderate	limited	limited
Pseudomonas defluvii	moderate	limited	limited	limited	limited	limited	limited	limited	limited	limited	limited	limited	moderate	limited	0.0833	12	0.0000	moderate	limited	limited
Desulforamulus ruminis	limited	NA	NA	NA	limited	limited	limited	limited	NA	NA	NA	NA	NA	limited	0.0000	4	0.6667	limited	limited	limited
Rhizobium herbae	limited	limited	moderate	limited	limited	limited	limited	limited	limited	NA	limited	NA	moderate	limited	0.2000	10	0.1667	moderate	limited	limited
Nocardia ninae	NA	NA	NA	NA	limited	NA	NA	limited	NA	NA	NA	NA	NA	NA	nan	2	0.8333			
Leifsonia psychrotolerans	moderate	NA	moderate	moderate	moderate	limited	limited	limited	limited	NA	NA	limited	moderate	limited	0.4444	9	0.2500	moderate	limited	limited
Corynebacterium faecale	moderate	NA	moderate	NA	limited	limited	limited	limited	limited	NA	NA	limited	limited	limited	0.1250	8	0.3333	moderate	limited	limited
Pseudoalteromonas neustonica	moderate	NA	moderate	NA	moderate	limited	limited	limited	limited	NA	limited	limited	limited	limited	0.2222	9	0.2500	moderate	limited	limited
Staphylococcus casei	moderate	limited	NA	limited	limited	NA	limited	limited	limited	NA	NA	NA	moderate	limited	0.1429	7	0.4167	moderate	limited	limited
Mycolicibacter minnesotensis	extensive	limited	limited	moderate	moderate	limited	limited	limited	limited	limited	limited	limited	moderate	limited	0.2500	12	0.0000	moderate	limited	limited
Rahnella woolbedingensis	NA	NA	NA	NA	NA	NA	NA	limited	NA	NA	NA	NA	NA	NA	nan	1	0.9167			
Bradyrhizobium niftali	moderate	moderate	moderate	moderate	limited	limited	limited	limited	limited	moderate	limited	NA	moderate	limited	0.4545	11	0.0833	moderate	limited	limited
Nonomuraea jiangxiensis	NA	NA	NA	NA	NA	NA	NA	limited	NA	NA	NA	NA	NA	NA	nan	1	0.9167			
Pseudomonas asuensis	moderate	limited	limited	limited	limited	NA	limited	limited	limited	limited	limited	limited	limited	limited	0.0000	11	0.0833	limited	limited	limited
Arthrobacter polaris	moderate	limited	moderate	moderate	moderate	limited	limited	limited	limited	limited	limited	limited	moderate	limited	0.3333	12	0.0000	moderate	limited	limited
Borreliella spielmanii	extensive	NA	NA	limited	limited	limited	limited	limited	limited	moderate	limited	NA	moderate	limited	0.2222	9	0.2500	moderate	limited	limited
Bartonella callosciuri	limited	NA	limited	limited	limited	NA	NA	limited	limited	limited	NA	NA	NA	limited	0.0000	6	0.5000	limited	limited	limited
Caballeronia calidae	NA	NA	NA	NA	NA	NA	NA	limited	limited	NA	NA	NA	NA	NA	nan	2	0.8333			
Perlucidibaca piscinae	moderate	limited	moderate	moderate	limited	limited	NA	limited	NA	limited	limited	NA	limited	limited	0.2222	9	0.2500	moderate	limited	limited
Actinopolymorpha cephalotaxi	NA	NA	NA	NA	limited	NA	NA	limited	NA	NA	NA	NA	NA	NA	nan	2	0.8333			
Actinomadura formosensis	NA	NA	limited	NA	limited	NA	NA	limited	limited	NA	NA	NA	NA	limited	0.0000	4	0.6667	limited	limited	limited
Acinetobacter guerrae	moderate	NA	limited	limited	limited	limited	limited	limited	limited	NA	limited	NA	limited	limited	0.0000	9	0.2500	limited	limited	limited
Tatumella punctata	limited	NA	NA	NA	limited	NA	NA	limited	NA	NA	NA	NA	NA	NA	nan	2	0.8333			
Nocardia donostiensis	moderate	limited	moderate	NA	limited	NA	limited	limited	limited	NA	NA	limited	moderate	limited	0.2500	8	0.3333	moderate	limited	limited
Micromonospora ferruginea	moderate	limited	moderate	limited	limited	limited	limited	limited	limited	limited	limited	limited	limited	limited	0.0833	12	0.0000	moderate	limited	limited
Bifidobacterium italicum	NA	NA	NA	limited	NA	NA	NA	limited	limited	limited	NA	NA	NA	limited	0.0000	4	0.6667	limited	limited	limited
Actinomyces haliotis	NA	limited	NA	NA	limited	NA	NA	limited	NA	NA	NA	NA	NA	limited	0.0000	3	0.7500	limited	limited	limited
Chryseobacterium capnotolerans	limited	limited	moderate	limited	limited	limited	limited	limited	limited	limited	limited	limited	moderate	limited	0.1667	12	0.0000	moderate	limited	limited
Jeotgalibaca arthritidis	NA	NA	NA	NA	NA	NA	NA	NA	NA	NA	NA	NA	NA	NA	nan	0	1.0000			
Nocardia aurantia	moderate	limited	moderate	limited	limited	NA	NA	limited	limited	limited	limited	limited	moderate	limited	0.2000	10	0.1667	moderate	limited	limited
Pseudomonas tehranensis	moderate	limited	limited	NA	limited	NA	NA	limited	limited	NA	limited	limited	limited	limited	0.0000	8	0.3333	limited	limited	limited
Bifidobacterium catulorum	NA	NA	NA	NA	NA	NA	NA	NA	NA	NA	NA	NA	limited	NA	nan	1	0.9167			
Xanthomonas maliensis	moderate	limited	moderate	limited	limited	limited	limited	limited	limited	limited	NA	limited	moderate	limited	0.1818	11	0.0833	moderate	limited	limited
Actinomadura montaniterrae	NA	NA	NA	NA	NA	NA	NA	NA	NA	NA	NA	NA	NA	NA	nan	0	1.0000			
Caballeronia cordobensis	moderate	NA	NA	NA	limited	NA	NA	limited	NA	NA	NA	NA	NA	NA	nan	2	0.8333			
Kaistella antarctica	limited	NA	NA	NA	limited	NA	NA	limited	NA	NA	NA	NA	NA	NA	nan	2	0.8333			
Paraburkholderia steynii	limited	NA	NA	limited	limited	NA	NA	limited	NA	NA	limited	NA	limited	limited	0.0000	5	0.5833	limited	limited	limited
Jeotgalibaca porci	limited	NA	NA	NA	limited	NA	NA	limited	limited	NA	NA	NA	NA	limited	0.0000	3	0.7500	limited	limited	limited
Ideonella azotifigens	moderate	NA	NA	NA	limited	NA	NA	limited	NA	NA	NA	limited	NA	limited	0.0000	3	0.7500	limited	limited	limited
Vibrio madracius	NA	NA	NA	moderate	limited	NA	NA	limited	NA	NA	NA	NA	limited	limited	0.2500	4	0.6667	moderate	limited	limited
Actinophytocola algeriensis	NA	NA	NA	NA	NA	NA	NA	limited	NA	NA	NA	NA	NA	NA	nan	1	0.9167			
Dyella koreensis	moderate	limited	moderate	limited	limited	limited	NA	limited	NA	NA	limited	NA	moderate	limited	0.2500	8	0.3333	moderate	limited	limited
Nguyenibacter vanlangensis	NA	NA	NA	NA	NA	NA	NA	NA	NA	NA	NA	NA	NA	NA	nan	0	1.0000			
Gillisia mitskevichiae	NA	NA	NA	NA	limited	NA	NA	limited	NA	NA	NA	NA	NA	NA	nan	2	0.8333			
Bifidobacterium goeldii	NA	limited	limited	limited	limited	limited	limited	limited	limited	limited	NA	limited	limited	limited	0.0000	11	0.0833	limited	limited	limited
Pseudomonas schmalbachii	limited	NA	NA	NA	limited	NA	NA	limited	limited	limited	NA	limited	limited	limited	0.0000	6	0.5000	limited	limited	limited
Isoptericola jiangsuensis	moderate	NA	moderate	limited	limited	limited	NA	limited	limited	NA	NA	NA	limited	limited	0.1429	7	0.4167	moderate	limited	limited
Swingsia samuiensis	NA	NA	NA	NA	NA	NA	NA	NA	NA	NA	NA	NA	NA	NA	nan	0	1.0000			
Psychromicrobium lacuslunae	NA	NA	NA	NA	NA	NA	NA	NA	NA	NA	NA	NA	NA	NA	nan	0	1.0000			
Paenibacillus guangzhouensis	moderate	NA	moderate	limited	limited	NA	limited	limited	NA	NA	limited	limited	moderate	limited	0.2500	8	0.3333	moderate	limited	limited
Staphylococcus shinii	NA	limited	NA	NA	limited	NA	NA	NA	NA	NA	NA	limited	limited	limited	0.0000	4	0.6667	limited	limited	limited
Clostridium huakuii	NA	limited	NA	limited	limited	NA	NA	limited	limited	NA	NA	limited	limited	limited	0.0000	7	0.4167	limited	limited	limited
Borrelia maritima	NA	NA	NA	NA	NA	NA	NA	limited	NA	NA	NA	NA	limited	NA	nan	2	0.8333			
Phyllobacterium salinisoli	NA	NA	limited	NA	NA	NA	NA	limited	NA	NA	NA	NA	limited	limited	0.0000	3	0.7500	limited	limited	limited
Bifidobacterium margollesii	moderate	limited	moderate	limited	limited	limited	limited	limited	limited	limited	limited	limited	moderate	limited	0.1667	12	0.0000	moderate	limited	limited
Dyella telluris	NA	NA	NA	NA	limited	NA	NA	limited	NA	NA	limited	NA	NA	limited	0.0000	3	0.7500	limited	limited	limited
Psychromonas marina	moderate	moderate	moderate	moderate	limited	limited	NA	limited	NA	limited	NA	limited	moderate	limited	0.4444	9	0.2500	moderate	limited	limited
Janthinobacterium rivuli	moderate	moderate	moderate	moderate	limited	limited	limited	limited	NA	NA	limited	limited	moderate	limited	0.4000	10	0.1667	moderate	limited	limited
Pseudomonas yangonensis	moderate	NA	limited	NA	limited	NA	limited	limited	limited	NA	limited	limited	limited	limited	0.0000	8	0.3333	limited	limited	limited
Pseudomonas arcuscaelestis	NA	NA	NA	limited	NA	NA	NA	limited	NA	NA	NA	limited	NA	limited	0.0000	3	0.7500	limited	limited	limited
Mycobacterium lehmannii	moderate	limited	limited	limited	limited	limited	limited	limited	limited	limited	NA	limited	limited	limited	0.0000	11	0.0833	limited	limited	limited
Ensifer sesbaniae	moderate	limited	NA	NA	limited	NA	NA	limited	limited	moderate	limited	NA	moderate	limited	0.2857	7	0.4167	moderate	limited	limited
Enterococcus wangshanyuanii	NA	NA	NA	NA	NA	NA	NA	NA	NA	NA	NA	NA	NA	NA	nan	0	1.0000			
Rhodopseudomonas harwoodiae	moderate	NA	NA	limited	limited	NA	NA	limited	NA	NA	limited	limited	limited	limited	0.0000	6	0.5000	limited	limited	limited
Pseudoalteromonas arabiensis	moderate	limited	moderate	NA	limited	limited	limited	limited	limited	NA	NA	NA	limited	limited	0.1250	8	0.3333	moderate	limited	limited
Novosphingobium chloroacetimidivorans	NA	limited	NA	limited	limited	NA	NA	limited	NA	NA	NA	limited	limited	limited	0.0000	6	0.5000	limited	limited	limited
Caulobacter fusiformis	NA	NA	NA	NA	NA	limited	NA	limited	NA	NA	NA	NA	NA	NA	nan	2	0.8333			
Shewanella gaetbuli	moderate	moderate	moderate	moderate	moderate	limited	limited	limited	limited	NA	limited	NA	moderate	moderate	0.5000	10	0.1667	moderate	limited	moderate
Promicromonospora vindobonensis	limited	limited	moderate	NA	limited	NA	limited	limited	NA	NA	NA	NA	limited	limited	0.1667	6	0.5000	moderate	limited	limited
Corallococcus exercitus	NA	NA	NA	NA	NA	NA	NA	NA	NA	NA	NA	NA	NA	NA	nan	0	1.0000			
Pseudomonas farris	moderate	NA	limited	NA	limited	limited	NA	limited	limited	NA	limited	limited	moderate	limited	0.1250	8	0.3333	moderate	limited	limited
Pandoraea commovens	limited	limited	limited	limited	limited	limited	limited	limited	limited	NA	NA	NA	limited	limited	0.0000	9	0.2500	limited	limited	limited
Mycolicibacterium diernhoferi	moderate	NA	moderate	limited	limited	NA	limited	limited	limited	limited	limited	limited	limited	limited	0.1000	10	0.1667	moderate	limited	limited
Komagataeibacter melomenusus	limited	NA	limited	limited	limited	limited	NA	limited	limited	limited	limited	NA	limited	limited	0.0000	9	0.2500	limited	limited	limited
Polynucleobacter yangtzensis	moderate	limited	NA	moderate	limited	limited	limited	limited	limited	NA	NA	NA	limited	limited	0.1250	8	0.3333	moderate	limited	limited
Mycolicibacter heraklionensis	moderate	NA	limited	limited	limited	limited	limited	limited	limited	limited	NA	limited	moderate	limited	0.1000	10	0.1667	moderate	limited	limited
Azospirillum picis	limited	NA	NA	NA	limited	limited	NA	limited	NA	NA	limited	limited	limited	limited	0.0000	6	0.5000	limited	limited	limited
Rahnella bruchi	moderate	NA	NA	NA	limited	limited	limited	limited	limited	NA	limited	NA	limited	limited	0.0000	7	0.4167	limited	limited	limited
Diaminobutyricimonas aerilata	NA	NA	NA	NA	NA	NA	NA	limited	NA	NA	limited	NA	NA	NA	nan	2	0.8333			
Mesorhizobium gobiense	moderate	NA	NA	NA	NA	NA	NA	limited	NA	NA	limited	NA	limited	limited	0.0000	3	0.7500	limited	limited	limited
Rhizobium ecuadorense	moderate	moderate	moderate	moderate	limited	limited	limited	limited	limited	moderate	limited	limited	moderate	limited	0.4167	12	0.0000	moderate	limited	limited
Polynucleobacter wuianus	moderate	NA	moderate	moderate	limited	limited	limited	limited	limited	limited	NA	limited	moderate	limited	0.3000	10	0.1667	moderate	limited	limited
Vibrio cidicii	NA	NA	NA	NA	limited	NA	NA	NA	NA	NA	NA	NA	NA	NA	nan	1	0.9167			
Actinokineospora cibodasensis	limited	limited	NA	limited	limited	NA	NA	limited	NA	NA	NA	NA	NA	limited	0.0000	4	0.6667	limited	limited	limited
Mycolicibacterium boenickei	moderate	NA	limited	limited	limited	limited	limited	limited	limited	NA	limited	limited	limited	limited	0.0000	10	0.1667	limited	limited	limited
Rhizobacter dauci	NA	NA	NA	NA	NA	NA	NA	NA	NA	NA	NA	NA	NA	NA	nan	0	1.0000			
Mycoplasmopsis pulmonis	extensive	limited	limited	moderate	moderate	limited	moderate	moderate	moderate	moderate	NA	NA	limited	moderate	0.6000	10	0.1667	moderate	limited	moderate
Gluconacetobacter takamatsuzukensis	NA	limited	NA	NA	limited	NA	NA	limited	NA	NA	NA	NA	limited	limited	0.0000	4	0.6667	limited	limited	limited
Nocardia lijiangensis	NA	NA	NA	NA	limited	NA	NA	limited	NA	NA	NA	NA	limited	limited	0.0000	3	0.7500	limited	limited	limited
Nocardiopsis terrae	moderate	limited	moderate	moderate	limited	limited	limited	limited	limited	NA	limited	limited	moderate	limited	0.2727	11	0.0833	moderate	limited	limited
Streptococcus vicugnae	limited	limited	limited	limited	limited	NA	limited	limited	NA	NA	NA	limited	limited	limited	0.0000	8	0.3333	limited	limited	limited
Brevibacillus fortis	moderate	NA	moderate	limited	limited	NA	limited	limited	NA	NA	NA	limited	moderate	limited	0.2857	7	0.4167	moderate	limited	limited
Bifidobacterium callimiconis	limited	NA	NA	NA	NA	NA	limited	limited	limited	NA	NA	NA	limited	limited	0.0000	4	0.6667	limited	limited	limited
Bifidobacterium samirii	NA	NA	NA	NA	NA	NA	NA	NA	NA	NA	NA	NA	limited	NA	nan	1	0.9167			
Pseudomonas aylmerensis	moderate	NA	NA	NA	limited	NA	NA	limited	NA	limited	limited	limited	limited	limited	0.0000	6	0.5000	limited	limited	limited
Staphylococcus ratti	moderate	limited	moderate	limited	limited	limited	limited	limited	limited	limited	limited	limited	moderate	limited	0.1667	12	0.0000	moderate	limited	limited
Lentilactobacillus farraginis	moderate	limited	moderate	limited	limited	limited	limited	limited	limited	limited	limited	limited	moderate	limited	0.1667	12	0.0000	moderate	limited	limited
Rodentibacter rarus	NA	NA	NA	NA	limited	NA	NA	limited	NA	NA	NA	NA	NA	NA	nan	2	0.8333			
Bradyrhizobium frederickii	extensive	moderate	moderate	moderate	moderate	moderate	limited	moderate	limited	moderate	limited	limited	moderate	moderate	0.6667	12	0.0000	moderate	limited	moderate
Yersinia rochesterensis	moderate	NA	moderate	NA	limited	NA	NA	limited	NA	NA	NA	NA	limited	limited	0.2500	4	0.6667	moderate	limited	limited
Sphingobium faniae	moderate	limited	moderate	NA	limited	NA	NA	limited	NA	NA	limited	limited	limited	limited	0.1429	7	0.4167	moderate	limited	limited
Bartonella silvatica	NA	NA	NA	NA	NA	NA	NA	limited	NA	NA	NA	NA	NA	NA	nan	1	0.9167			
Pseudomonas cyclaminis	moderate	NA	limited	NA	limited	NA	NA	limited	limited	NA	limited	limited	limited	limited	0.0000	7	0.4167	limited	limited	limited
Chryseobacterium vietnamense	limited	limited	moderate	limited	limited	limited	limited	limited	limited	NA	limited	limited	limited	limited	0.0909	11	0.0833	moderate	limited	limited
Photobacterium lutimaris	moderate	moderate	moderate	moderate	limited	NA	NA	limited	NA	NA	NA	limited	moderate	moderate	0.5714	7	0.4167	moderate	limited	moderate
Planococcus salinarum	moderate	NA	moderate	NA	moderate	NA	NA	NA	NA	NA	NA	NA	moderate	moderate	1.0000	3	0.7500	moderate	moderate	moderate
Micromonospora orduensis	limited	limited	moderate	limited	limited	NA	limited	limited	limited	limited	limited	limited	limited	limited	0.0909	11	0.0833	moderate	limited	limited
Nonomuraea wenchangensis	limited	NA	NA	NA	limited	NA	NA	limited	NA	NA	NA	NA	NA	NA	nan	2	0.8333			
Lysinibacillus contaminans	moderate	NA	moderate	limited	limited	limited	limited	limited	limited	NA	NA	NA	moderate	limited	0.2500	8	0.3333	moderate	limited	limited
Heyndrickxia sporothermodurans	extensive	limited	moderate	NA	limited	NA	limited	limited	limited	limited	NA	limited	moderate	limited	0.2222	9	0.2500	moderate	limited	limited
Amycolatopsis albidoflavus	extensive	limited	moderate	moderate	limited	limited	limited	limited	limited	limited	limited	limited	moderate	limited	0.2500	12	0.0000	moderate	limited	limited
Phyllobacterium sophorae	moderate	limited	moderate	NA	limited	NA	NA	limited	NA	NA	limited	NA	limited	limited	0.1667	6	0.5000	moderate	limited	limited
Mycolicibacterium farcinogenes	moderate	limited	moderate	moderate	limited	limited	limited	limited	limited	limited	limited	limited	moderate	limited	0.2500	12	0.0000	moderate	limited	limited
Pseudomonas ovata	moderate	limited	limited	limited	limited	limited	limited	limited	limited	NA	limited	limited	moderate	limited	0.0909	11	0.0833	moderate	limited	limited
Bartonella acomydis	limited	NA	NA	NA	limited	NA	NA	limited	NA	NA	NA	NA	NA	NA	nan	2	0.8333			
Actinomadura glauciflava	NA	NA	NA	NA	limited	NA	NA	limited	NA	NA	NA	NA	NA	NA	nan	2	0.8333			
Paraburkholderia agricolaris	moderate	limited	moderate	limited	limited	limited	NA	limited	NA	moderate	NA	NA	moderate	limited	0.3750	8	0.3333	moderate	limited	limited
Niallia nealsonii	moderate	NA	moderate	moderate	limited	NA	NA	limited	limited	NA	NA	NA	moderate	moderate	0.5000	6	0.5000	moderate	limited	moderate
Bifidobacterium apri	moderate	NA	limited	limited	limited	limited	limited	limited	limited	NA	NA	NA	limited	limited	0.0000	8	0.3333	limited	limited	limited
Brucella cytisi	extensive	limited	moderate	moderate	limited	limited	moderate	moderate	limited	moderate	limited	NA	moderate	moderate	0.5455	11	0.0833	moderate	limited	moderate
Helicobacter baculiformis	limited	limited	limited	limited	limited	limited	limited	limited	limited	NA	limited	NA	moderate	limited	0.1000	10	0.1667	moderate	limited	limited
Parapusillimonas granuli	limited	NA	NA	NA	limited	NA	NA	limited	NA	NA	NA	NA	NA	NA	nan	2	0.8333			
Micromonospora violae	moderate	NA	moderate	NA	limited	NA	NA	limited	limited	NA	NA	NA	NA	limited	0.2500	4	0.6667	moderate	limited	limited
Pseudomonas morbosilactucae	limited	NA	limited	NA	NA	NA	NA	limited	limited	NA	NA	NA	limited	limited	0.0000	4	0.6667	limited	limited	limited
Sphingobium limneticum	moderate	NA	moderate	limited	limited	NA	limited	limited	limited	limited	limited	NA	limited	limited	0.1111	9	0.2500	moderate	limited	limited
Mesorhizobium delmotii	moderate	NA	moderate	NA	limited	limited	limited	limited	NA	NA	limited	NA	limited	limited	0.1429	7	0.4167	moderate	limited	limited
Actinomadura rubrisoli	moderate	NA	moderate	NA	limited	limited	NA	limited	limited	NA	NA	NA	NA	limited	0.2000	5	0.5833	moderate	limited	limited
Pseudomonas aegrilactucae	moderate	NA	limited	limited	limited	NA	NA	limited	NA	NA	NA	limited	limited	limited	0.0000	6	0.5000	limited	limited	limited
Mycolicibacter kumamotonensis	moderate	limited	limited	limited	limited	limited	limited	limited	limited	limited	NA	limited	moderate	limited	0.0909	11	0.0833	moderate	limited	limited
Lentilactobacillus otakiensis	moderate	NA	NA	NA	limited	NA	NA	limited	NA	NA	limited	NA	limited	limited	0.0000	4	0.6667	limited	limited	limited
Weissella bombi	limited	NA	limited	NA	NA	NA	NA	limited	limited	NA	limited	NA	NA	limited	0.0000	4	0.6667	limited	limited	limited
Saccharothrix longispora	moderate	NA	NA	limited	limited	limited	NA	limited	NA	NA	NA	NA	NA	limited	0.0000	4	0.6667	limited	limited	limited
Kocuria himachalensis	limited	NA	moderate	NA	NA	NA	NA	limited	NA	NA	NA	NA	limited	limited	0.3333	3	0.7500	moderate	limited	limited
Smaragdicoccus niigatensis	NA	NA	NA	NA	NA	NA	NA	NA	NA	NA	NA	NA	NA	NA	nan	0	1.0000			
Symbiopectobacterium purcellii	moderate	NA	moderate	NA	NA	NA	NA	limited	NA	limited	NA	NA	moderate	moderate	0.5000	4	0.6667	moderate	limited	moderate
Sphingobium cupriresistens	moderate	limited	moderate	limited	limited	limited	limited	limited	limited	limited	limited	limited	moderate	limited	0.1667	12	0.0000	moderate	limited	limited
Sphingomonas cynarae	moderate	NA	moderate	limited	limited	limited	limited	limited	limited	limited	limited	limited	moderate	limited	0.1818	11	0.0833	moderate	limited	limited
Paraburkholderia dipogonis	moderate	limited	NA	NA	limited	limited	NA	limited	NA	NA	NA	NA	NA	limited	0.0000	4	0.6667	limited	limited	limited
Brachybacterium endophyticum	limited	limited	moderate	limited	limited	limited	limited	limited	limited	NA	limited	limited	moderate	limited	0.1818	11	0.0833	moderate	limited	limited
Nonomuraea recticatena	moderate	NA	NA	NA	limited	NA	NA	limited	limited	NA	NA	limited	NA	limited	0.0000	4	0.6667	limited	limited	limited
Duganella radicis	moderate	NA	NA	NA	NA	limited	NA	limited	limited	NA	limited	limited	NA	limited	0.0000	5	0.5833	limited	limited	limited
Epilithonimonas lactis	limited	limited	moderate	limited	limited	limited	limited	limited	limited	NA	limited	NA	limited	limited	0.1000	10	0.1667	moderate	limited	limited
Thomasclavelia spiroformis	NA	NA	NA	NA	NA	NA	NA	limited	NA	NA	NA	NA	NA	NA	nan	1	0.9167			
Mycolicibacterium goodii	extensive	moderate	moderate	moderate	moderate	moderate	limited	moderate	limited	limited	limited	limited	moderate	moderate	0.5833	12	0.0000	moderate	limited	moderate
Mesorhizobium wenxiniae	moderate	NA	NA	limited	limited	limited	limited	limited	limited	limited	limited	limited	limited	limited	0.0000	10	0.1667	limited	limited	limited
Actinomadura physcomitrii	NA	NA	NA	NA	NA	limited	NA	limited	NA	NA	NA	NA	NA	NA	nan	2	0.8333			
Williamsia maris	limited	NA	moderate	limited	limited	limited	NA	limited	NA	NA	NA	NA	NA	limited	0.2000	5	0.5833	moderate	limited	limited
Micromonospora maritima	moderate	NA	moderate	limited	limited	NA	NA	limited	limited	NA	limited	limited	limited	limited	0.1250	8	0.3333	moderate	limited	limited
Micromonospora avicenniae	moderate	NA	NA	limited	limited	NA	NA	limited	NA	NA	limited	NA	limited	limited	0.0000	5	0.5833	limited	limited	limited
Bradyrhizobium ferriligni	moderate	limited	moderate	NA	limited	limited	limited	limited	limited	moderate	limited	limited	moderate	limited	0.2727	11	0.0833	moderate	limited	limited
Mycolicibacterium septicum	extensive	limited	moderate	limited	moderate	limited	limited	limited	limited	NA	NA	limited	moderate	limited	0.3000	10	0.1667	moderate	limited	limited
Mesorhizobium waimense	moderate	NA	limited	limited	limited	limited	NA	limited	NA	NA	limited	NA	limited	limited	0.0000	7	0.4167	limited	limited	limited
Clostridium thailandense	moderate	NA	NA	NA	NA	NA	NA	limited	NA	NA	NA	limited	limited	limited	0.0000	3	0.7500	limited	limited	limited
Helicobacter cynogastricus	NA	NA	NA	NA	NA	NA	NA	NA	NA	NA	NA	NA	NA	NA	nan	0	1.0000			
Micromonospora taraxaci	limited	NA	NA	NA	limited	NA	NA	NA	limited	limited	NA	NA	limited	limited	0.0000	4	0.6667	limited	limited	limited
Achromobacter aloeverae	limited	NA	moderate	NA	limited	limited	NA	limited	NA	NA	NA	NA	moderate	limited	0.4000	5	0.5833	moderate	limited	limited
Paenibacillus relictisesami	limited	NA	moderate	NA	limited	limited	NA	limited	NA	NA	limited	NA	limited	limited	0.1667	6	0.5000	moderate	limited	limited
Pseudomonas huaxiensis	moderate	NA	limited	NA	limited	NA	NA	limited	limited	NA	NA	limited	limited	limited	0.0000	6	0.5000	limited	limited	limited
Haloferax chudinovii	moderate	NA	NA	NA	moderate	limited	NA	limited	NA	NA	NA	NA	limited	limited	0.2500	4	0.6667	moderate	limited	limited
Pseudomonas lalucatii	NA	NA	limited	NA	limited	NA	NA	limited	NA	NA	NA	NA	limited	limited	0.0000	4	0.6667	limited	limited	limited
Bradyrhizobium quebecense	moderate	moderate	moderate	moderate	limited	limited	limited	limited	limited	moderate	limited	limited	moderate	limited	0.4167	12	0.0000	moderate	limited	limited
Agromyces salentinus	limited	limited	NA	limited	limited	limited	NA	limited	NA	NA	NA	NA	limited	limited	0.0000	6	0.5000	limited	limited	limited
Bifidobacterium vansinderenii	moderate	limited	moderate	limited	limited	limited	limited	limited	limited	limited	limited	limited	limited	limited	0.0833	12	0.0000	moderate	limited	limited
Pseudomonas quebecensis	moderate	NA	NA	NA	limited	NA	NA	limited	NA	NA	limited	limited	NA	limited	0.0000	4	0.6667	limited	limited	limited
Dietzia aurantiaca	moderate	limited	moderate	moderate	limited	limited	NA	limited	limited	NA	NA	limited	moderate	limited	0.3333	9	0.2500	moderate	limited	limited
Shewanella psychromarinicola	NA	NA	NA	limited	limited	NA	NA	limited	NA	limited	NA	NA	limited	limited	0.0000	5	0.5833	limited	limited	limited
Bradyrhizobium kavangense	moderate	limited	moderate	limited	limited	limited	limited	limited	limited	limited	limited	limited	moderate	limited	0.1667	12	0.0000	moderate	limited	limited
Pseudomonas insulae	moderate	limited	moderate	NA	limited	limited	limited	limited	limited	limited	limited	limited	limited	limited	0.0909	11	0.0833	moderate	limited	limited
Pseudomonas petroselini	moderate	NA	limited	limited	limited	limited	limited	limited	limited	limited	limited	limited	moderate	limited	0.0909	11	0.0833	moderate	limited	limited
Vibrio syngnathi	NA	NA	NA	NA	limited	NA	NA	limited	NA	NA	NA	NA	limited	limited	0.0000	3	0.7500	limited	limited	limited
Rodentibacter ratti	moderate	NA	moderate	limited	limited	NA	limited	limited	limited	NA	limited	NA	limited	limited	0.1250	8	0.3333	moderate	limited	limited
Galbibacter marinus	moderate	NA	NA	NA	limited	NA	NA	limited	NA	NA	NA	NA	NA	NA	nan	2	0.8333			
Paraburkholderia metrosideri	NA	NA	NA	NA	NA	NA	NA	NA	NA	NA	NA	NA	NA	NA	nan	0	1.0000			
Eikenella exigua	limited	NA	NA	NA	limited	limited	limited	limited	limited	NA	NA	NA	NA	limited	0.0000	5	0.5833	limited	limited	limited
Nocardia sienata	NA	limited	moderate	limited	limited	limited	limited	limited	limited	NA	limited	limited	limited	limited	0.0909	11	0.0833	moderate	limited	limited
Pseudomonas paraversuta	moderate	NA	limited	NA	limited	limited	limited	limited	limited	NA	limited	limited	limited	limited	0.0000	9	0.2500	limited	limited	limited
Aeromonas lacus	moderate	NA	moderate	NA	limited	NA	limited	limited	NA	NA	limited	NA	limited	limited	0.1667	6	0.5000	moderate	limited	limited
Nocardia xishanensis	limited	NA	moderate	NA	limited	NA	NA	limited	NA	NA	NA	NA	limited	limited	0.2500	4	0.6667	moderate	limited	limited
Mycetocola zhujimingii	NA	NA	NA	NA	NA	NA	NA	limited	NA	NA	NA	NA	NA	NA	nan	1	0.9167			
Acinetobacter terrae	moderate	limited	NA	limited	limited	NA	limited	limited	limited	NA	limited	limited	limited	limited	0.0000	9	0.2500	limited	limited	limited
Alteromonas aestuariivivens	moderate	limited	moderate	limited	limited	limited	limited	limited	limited	NA	NA	NA	limited	limited	0.1111	9	0.2500	moderate	limited	limited
Bacteroides zhangwenhongii	NA	NA	NA	NA	NA	NA	NA	NA	NA	NA	NA	NA	NA	NA	nan	0	1.0000			
Agromyces lapidis	limited	NA	NA	NA	limited	NA	NA	limited	NA	NA	NA	NA	NA	NA	nan	2	0.8333			
Listeria immobilis	NA	NA	NA	NA	NA	NA	NA	NA	NA	NA	NA	NA	NA	NA	nan	0	1.0000			
Methylomonas lenta	moderate	limited	limited	moderate	limited	limited	NA	limited	limited	NA	NA	limited	limited	limited	0.1111	9	0.2500	moderate	limited	limited
Veillonella caviae	moderate	NA	moderate	limited	limited	NA	limited	limited	limited	NA	NA	NA	limited	limited	0.1429	7	0.4167	moderate	limited	limited
Parageobacillus galactosidasius	moderate	limited	moderate	moderate	moderate	NA	limited	limited	limited	NA	NA	limited	moderate	limited	0.4444	9	0.2500	moderate	limited	limited
Microbulbifer maritimus	limited	NA	NA	NA	NA	NA	NA	limited	NA	NA	NA	NA	NA	NA	nan	1	0.9167			
Pseudomonas zanjanensis	moderate	NA	moderate	moderate	limited	limited	limited	limited	limited	limited	limited	limited	moderate	limited	0.2727	11	0.0833	moderate	limited	limited
Pseudomonas atagonensis	extensive	limited	limited	limited	limited	limited	NA	limited	limited	limited	limited	limited	limited	limited	0.0000	11	0.0833	limited	limited	limited
Shewanella glacialipiscicola	limited	NA	NA	NA	limited	NA	NA	limited	NA	NA	NA	limited	NA	limited	0.0000	3	0.7500	limited	limited	limited
Proteus faecis	moderate	NA	limited	NA	NA	NA	NA	limited	limited	NA	NA	NA	NA	limited	0.0000	3	0.7500	limited	limited	limited
Thiomonas bhubaneswarensis	limited	NA	NA	NA	limited	NA	NA	limited	NA	NA	NA	NA	NA	NA	nan	2	0.8333			
Paraburkholderia ginsengiterrae	moderate	NA	moderate	limited	limited	limited	limited	limited	limited	NA	limited	NA	moderate	limited	0.2222	9	0.2500	moderate	limited	limited
Photobacterium sanctipauli	moderate	NA	moderate	moderate	moderate	limited	limited	limited	limited	limited	NA	NA	moderate	limited	0.4444	9	0.2500	moderate	limited	limited
Myroides albus	moderate	NA	moderate	limited	limited	limited	limited	limited	limited	limited	NA	limited	moderate	limited	0.2000	10	0.1667	moderate	limited	limited
Microbacterium insulae	moderate	limited	moderate	limited	limited	limited	limited	limited	limited	NA	limited	NA	limited	limited	0.1000	10	0.1667	moderate	limited	limited
Caballeronia concitans	NA	NA	NA	NA	NA	NA	NA	limited	NA	NA	NA	NA	NA	NA	nan	1	0.9167			
Pseudarthrobacter polychromogenes	moderate	limited	moderate	limited	limited	limited	limited	limited	limited	NA	limited	limited	limited	limited	0.0909	11	0.0833	moderate	limited	limited
Mesorhizobium shonense	moderate	limited	moderate	limited	limited	limited	limited	limited	limited	moderate	limited	limited	limited	limited	0.1667	12	0.0000	moderate	limited	limited
Chromobacterium sphagni	moderate	limited	moderate	limited	limited	NA	limited	limited	limited	NA	limited	NA	limited	limited	0.1111	9	0.2500	moderate	limited	limited
Cytobacillus horneckiae	moderate	limited	moderate	limited	moderate	limited	limited	limited	limited	NA	NA	limited	limited	limited	0.2000	10	0.1667	moderate	limited	limited
Vibrio cortegadensis	NA	NA	NA	NA	NA	NA	NA	NA	NA	NA	NA	NA	NA	NA	nan	0	1.0000			
Kaistia granuli	moderate	moderate	moderate	moderate	limited	limited	NA	limited	limited	limited	limited	limited	moderate	limited	0.3636	11	0.0833	moderate	limited	limited
Enterococcus olivae	moderate	NA	NA	NA	NA	NA	NA	NA	NA	NA	NA	NA	NA	NA	nan	0	1.0000			
Hoeflea halophila	limited	NA	NA	NA	limited	NA	NA	limited	NA	NA	NA	NA	NA	NA	nan	2	0.8333			
Catellatospora coxensis	limited	NA	moderate	NA	limited	NA	NA	limited	NA	NA	NA	NA	NA	limited	0.3333	3	0.7500	moderate	limited	limited
Paraburkholderia rhynchosiae	moderate	NA	moderate	NA	limited	NA	NA	limited	NA	NA	limited	NA	limited	limited	0.2000	5	0.5833	moderate	limited	limited
Trueperella pecoris	moderate	limited	moderate	NA	limited	limited	limited	limited	NA	NA	NA	NA	limited	limited	0.1429	7	0.4167	moderate	limited	limited
Brucella pseudintermedia	moderate	limited	moderate	NA	limited	limited	limited	limited	limited	limited	NA	limited	moderate	limited	0.2000	10	0.1667	moderate	limited	limited
Micromonospora polyrhachis	moderate	NA	moderate	limited	limited	limited	limited	limited	NA	NA	limited	limited	limited	limited	0.1111	9	0.2500	moderate	limited	limited
Marinobacterium sediminicola	moderate	NA	NA	limited	limited	limited	limited	limited	limited	NA	limited	NA	limited	limited	0.0000	8	0.3333	limited	limited	limited
Kocuria gwangalliensis	limited	NA	moderate	NA	limited	NA	limited	limited	limited	NA	NA	NA	limited	limited	0.1667	6	0.5000	moderate	limited	limited
Xylanimonas allomyrinae	limited	NA	NA	NA	NA	NA	NA	limited	NA	NA	NA	NA	NA	NA	nan	1	0.9167			
Sphingobium vermicomposti	moderate	NA	moderate	limited	limited	limited	NA	limited	limited	NA	limited	NA	limited	limited	0.1250	8	0.3333	moderate	limited	limited
Bradyrhizobium ganzhouense	moderate	moderate	moderate	moderate	moderate	moderate	limited	limited	limited	moderate	limited	limited	moderate	moderate	0.5833	12	0.0000	moderate	limited	moderate
Mesorhizobium abyssinicae	moderate	NA	limited	limited	limited	NA	NA	limited	limited	NA	limited	limited	limited	limited	0.0000	8	0.3333	limited	limited	limited
Brucella lupini	moderate	limited	moderate	limited	limited	limited	limited	limited	limited	moderate	limited	limited	moderate	limited	0.2500	12	0.0000	moderate	limited	limited
Lysinibacillus halotolerans	moderate	limited	moderate	limited	limited	limited	limited	limited	limited	limited	limited	limited	moderate	limited	0.1667	12	0.0000	moderate	limited	limited
Alteromonas gracilis	moderate	moderate	moderate	moderate	limited	limited	limited	limited	limited	NA	limited	limited	moderate	limited	0.3636	11	0.0833	moderate	limited	limited
Helicobacter himalayensis	limited	NA	NA	NA	NA	NA	NA	limited	NA	NA	NA	NA	NA	NA	nan	1	0.9167			
Xenorhabdus kozodoii	moderate	limited	moderate	limited	limited	limited	limited	limited	limited	limited	limited	NA	limited	limited	0.0909	11	0.0833	moderate	limited	limited
Listeria rustica	NA	NA	moderate	NA	NA	NA	NA	limited	NA	limited	NA	NA	limited	limited	0.2500	4	0.6667	moderate	limited	limited
Kribbella albertanoniae	limited	NA	NA	NA	limited	NA	NA	limited	NA	NA	NA	NA	NA	NA	nan	2	0.8333			
Helicobacter enhydrae	NA	NA	NA	NA	NA	NA	NA	NA	NA	NA	NA	NA	NA	NA	nan	0	1.0000			
Alishewanella tabrizica	limited	NA	NA	NA	limited	NA	NA	limited	NA	NA	NA	NA	NA	NA	nan	2	0.8333			
Bartonella japonica	moderate	NA	limited	NA	NA	NA	NA	limited	NA	NA	NA	NA	NA	NA	nan	2	0.8333			
Xenophilus aerolatus	NA	NA	NA	NA	NA	NA	NA	limited	NA	NA	NA	NA	NA	NA	nan	1	0.9167			
Vibrio galatheae	moderate	limited	limited	moderate	limited	limited	NA	limited	limited	NA	NA	NA	moderate	limited	0.2500	8	0.3333	moderate	limited	limited
Micromonospora schwarzwaldensis	NA	NA	NA	NA	limited	NA	NA	limited	limited	NA	NA	NA	limited	limited	0.0000	4	0.6667	limited	limited	limited
Micromonospora phytophila	moderate	NA	NA	limited	limited	NA	NA	limited	NA	NA	limited	NA	limited	limited	0.0000	5	0.5833	limited	limited	limited
Paraburkholderia youngii	NA	NA	NA	NA	NA	NA	NA	limited	NA	NA	NA	NA	NA	NA	nan	1	0.9167			
Salinibacterium xinjiangense	NA	NA	NA	NA	limited	NA	NA	limited	NA	NA	NA	NA	NA	NA	nan	2	0.8333			
Nocardia shimofusensis	moderate	limited	moderate	limited	limited	limited	limited	limited	limited	NA	limited	limited	moderate	limited	0.1818	11	0.0833	moderate	limited	limited
Pannonibacter indicus	limited	NA	NA	limited	limited	NA	NA	limited	NA	NA	NA	NA	limited	limited	0.0000	4	0.6667	limited	limited	limited
Mycolicibacter virginiensis	extensive	limited	moderate	moderate	limited	limited	limited	limited	limited	limited	limited	limited	moderate	limited	0.2500	12	0.0000	moderate	limited	limited
Sphingobium naphthae	NA	NA	NA	NA	limited	NA	NA	limited	NA	NA	NA	NA	limited	limited	0.0000	3	0.7500	limited	limited	limited
Mesorhizobium onobrychidis	extensive	moderate	moderate	moderate	limited	limited	limited	limited	limited	moderate	limited	limited	moderate	limited	0.4167	12	0.0000	moderate	limited	limited
Xenorhabdus ishibashii	moderate	NA	moderate	NA	limited	limited	limited	limited	limited	limited	NA	limited	limited	limited	0.1111	9	0.2500	moderate	limited	limited
Rhodoglobus vestalii	NA	NA	NA	NA	limited	NA	NA	NA	NA	NA	NA	NA	NA	NA	nan	1	0.9167			
Kribbella italica	limited	NA	NA	NA	limited	NA	NA	limited	NA	NA	limited	NA	NA	limited	0.0000	3	0.7500	limited	limited	limited
Guggenheimella bovis	NA	NA	NA	NA	limited	NA	NA	NA	NA	NA	NA	NA	NA	NA	nan	1	0.9167			
Helicobacter japonicus	moderate	limited	NA	moderate	limited	NA	limited	limited	limited	moderate	limited	NA	moderate	limited	0.3333	9	0.2500	moderate	limited	limited
Enterobacter siamensis	extensive	moderate	moderate	moderate	moderate	limited	limited	limited	limited	limited	limited	limited	moderate	limited	0.4167	12	0.0000	moderate	limited	limited
Komagataeibacter swingsii	NA	NA	NA	NA	limited	NA	NA	NA	NA	NA	NA	NA	NA	NA	nan	1	0.9167			
Mesorhizobium tarimense	moderate	limited	moderate	limited	limited	limited	limited	limited	limited	moderate	limited	limited	moderate	limited	0.2500	12	0.0000	moderate	limited	limited
Paraburkholderia susongensis	moderate	NA	moderate	NA	limited	NA	NA	limited	NA	NA	NA	NA	limited	limited	0.2500	4	0.6667	moderate	limited	limited
Microbacterium algeriense	moderate	limited	moderate	limited	limited	limited	limited	limited	limited	limited	limited	limited	limited	limited	0.0833	12	0.0000	moderate	limited	limited
Brucella pecoris	extensive	limited	moderate	limited	limited	limited	moderate	limited	limited	moderate	NA	NA	limited	limited	0.3000	10	0.1667	moderate	limited	limited
Vibrio aphrogenes	NA	NA	NA	NA	NA	NA	NA	limited	NA	NA	NA	NA	NA	NA	nan	1	0.9167			
Pseudomonas urmiensis	moderate	NA	limited	limited	limited	NA	NA	limited	limited	NA	limited	limited	moderate	limited	0.1250	8	0.3333	moderate	limited	limited
Williamsia herbipolensis	limited	NA	moderate	NA	limited	NA	NA	limited	NA	NA	limited	NA	NA	limited	0.2500	4	0.6667	moderate	limited	limited
Acinetobacter terrestris	moderate	limited	moderate	limited	limited	limited	NA	limited	limited	limited	limited	limited	limited	limited	0.0909	11	0.0833	moderate	limited	limited
Dokdonia eikasta	limited	NA	NA	NA	limited	limited	NA	limited	NA	NA	NA	NA	limited	limited	0.0000	4	0.6667	limited	limited	limited
Mycoplasma tullyi	NA	NA	limited	NA	limited	limited	limited	limited	NA	NA	NA	NA	limited	limited	0.0000	6	0.5000	limited	limited	limited
Sphingobium boeckii	moderate	limited	NA	limited	limited	NA	NA	limited	NA	limited	limited	NA	limited	limited	0.0000	7	0.4167	limited	limited	limited
Luteimicrobium subarcticum	NA	NA	NA	NA	NA	NA	NA	NA	NA	NA	NA	NA	NA	NA	nan	0	1.0000			
Bifidobacterium canis	moderate	NA	moderate	limited	limited	limited	limited	limited	limited	limited	limited	limited	limited	limited	0.0909	11	0.0833	moderate	limited	limited
Leifsonia kafniensis	NA	NA	moderate	NA	limited	NA	NA	limited	limited	limited	NA	limited	limited	limited	0.1429	7	0.4167	moderate	limited	limited
Polynucleobacter acidiphobus	limited	limited	NA	NA	limited	limited	limited	limited	limited	NA	NA	NA	limited	limited	0.0000	7	0.4167	limited	limited	limited
Rhodococcus oxybenzonivorans	moderate	limited	moderate	moderate	limited	NA	limited	limited	limited	limited	limited	limited	moderate	limited	0.2727	11	0.0833	moderate	limited	limited
Gordonia pseudamarae	limited	NA	NA	NA	limited	NA	NA	NA	NA	NA	NA	NA	NA	NA	nan	1	0.9167			
Chryseobacterium ginsengisoli	limited	limited	moderate	limited	limited	limited	limited	limited	limited	NA	NA	limited	moderate	limited	0.2000	10	0.1667	moderate	limited	limited
Alteromonas tagae	limited	NA	moderate	NA	limited	limited	NA	limited	limited	NA	limited	limited	limited	limited	0.1250	8	0.3333	moderate	limited	limited
Paenibacillus melissococcoides	limited	NA	moderate	NA	limited	NA	NA	limited	NA	limited	NA	NA	limited	limited	0.2000	5	0.5833	moderate	limited	limited
Nonomuraea polychroma	limited	NA	NA	NA	limited	NA	NA	limited	NA	NA	NA	NA	NA	NA	nan	2	0.8333			
Bartonella jaculi	limited	NA	NA	NA	limited	NA	NA	limited	NA	NA	NA	NA	NA	NA	nan	2	0.8333			
Amycolatopsis acidicola	limited	NA	NA	NA	NA	NA	NA	NA	NA	NA	NA	NA	NA	NA	nan	0	1.0000			
Sphingobium mellinum	moderate	NA	limited	NA	limited	limited	NA	limited	limited	limited	limited	NA	limited	limited	0.0000	8	0.3333	limited	limited	limited
Actinomadura litoris	limited	NA	NA	NA	limited	NA	NA	limited	NA	NA	NA	NA	NA	NA	nan	2	0.8333			
Mycolicibacterium wolinskyi	extensive	moderate	moderate	moderate	moderate	moderate	moderate	moderate	limited	limited	limited	limited	moderate	moderate	0.6667	12	0.0000	moderate	limited	moderate
Paracandidimonas soli	limited	NA	NA	NA	limited	NA	NA	limited	NA	NA	NA	NA	NA	NA	nan	2	0.8333			
Halogeometricum limi	limited	NA	NA	NA	moderate	NA	NA	limited	NA	NA	NA	NA	moderate	moderate	0.6667	3	0.7500	moderate	limited	moderate
Bradyrhizobium archetypum	moderate	NA	moderate	limited	limited	limited	limited	limited	limited	limited	limited	NA	limited	limited	0.1000	10	0.1667	moderate	limited	limited
Acinetobacter sichuanensis	limited	NA	limited	limited	limited	NA	NA	limited	limited	NA	NA	NA	limited	limited	0.0000	6	0.5000	limited	limited	limited
Bradyrhizobium ingae	moderate	limited	moderate	NA	NA	limited	limited	limited	NA	limited	limited	limited	limited	limited	0.1111	9	0.2500	moderate	limited	limited
Caballeronia hypogeia	limited	NA	NA	NA	limited	NA	NA	NA	NA	NA	NA	NA	NA	NA	nan	1	0.9167			
Corallococcus aberystwythensis	limited	NA	NA	NA	NA	NA	NA	NA	NA	NA	NA	NA	NA	NA	nan	0	1.0000			
Bradyrhizobium australiense	moderate	moderate	moderate	moderate	limited	limited	limited	limited	limited	moderate	limited	limited	moderate	limited	0.4167	12	0.0000	moderate	limited	limited
Desulfurispora thermophila	limited	NA	NA	limited	moderate	NA	NA	limited	NA	NA	NA	NA	NA	limited	0.3333	3	0.7500	moderate	limited	limited
Brachybacterium sacelli	limited	limited	moderate	limited	limited	limited	NA	limited	limited	NA	NA	limited	moderate	limited	0.2222	9	0.2500	moderate	limited	limited
Listeria valentina	moderate	NA	moderate	NA	limited	NA	NA	NA	limited	NA	NA	NA	NA	limited	0.3333	3	0.7500	moderate	limited	limited
Tatumella saanichensis	limited	NA	NA	NA	limited	NA	NA	NA	NA	NA	NA	NA	NA	NA	nan	1	0.9167			
Pararhizobium polonicum	limited	NA	moderate	limited	limited	limited	NA	limited	NA	NA	limited	NA	NA	limited	0.1667	6	0.5000	moderate	limited	limited
Caballeronia arationis	NA	NA	NA	NA	NA	NA	NA	limited	NA	NA	NA	NA	NA	NA	nan	1	0.9167			
Limosilactobacillus portuensis	moderate	NA	NA	limited	NA	NA	NA	limited	NA	NA	limited	limited	limited	limited	0.0000	5	0.5833	limited	limited	limited
Gluconacetobacter asukensis	moderate	NA	moderate	limited	limited	limited	NA	limited	NA	NA	limited	limited	limited	limited	0.1250	8	0.3333	moderate	limited	limited
Corallococcus terminator	moderate	moderate	NA	NA	limited	limited	NA	limited	limited	limited	NA	limited	moderate	limited	0.2500	8	0.3333	moderate	limited	limited
Malacoplasma penetrans	limited	NA	NA	NA	NA	NA	NA	NA	NA	limited	NA	NA	NA	NA	nan	1	0.9167			
Mycolicibacter arupensis	moderate	NA	limited	limited	limited	limited	limited	limited	limited	NA	limited	limited	moderate	limited	0.1000	10	0.1667	moderate	limited	limited
Azospirillum griseum	moderate	moderate	moderate	moderate	limited	limited	limited	limited	limited	limited	limited	NA	moderate	limited	0.3636	11	0.0833	moderate	limited	limited
Brachybacterium aquaticum	moderate	NA	moderate	NA	limited	NA	NA	limited	limited	NA	NA	limited	moderate	limited	0.3333	6	0.5000	moderate	limited	limited
Mycolicibacterium holsaticum	limited	limited	moderate	limited	limited	limited	limited	limited	limited	limited	limited	NA	NA	limited	0.1000	10	0.1667	moderate	limited	limited
Mycolicibacterium fluoranthenivorans	moderate	NA	limited	limited	limited	limited	limited	limited	limited	limited	limited	limited	limited	limited	0.0000	11	0.0833	limited	limited	limited
Aquitalea pelogenes	NA	NA	NA	NA	NA	limited	NA	NA	NA	NA	NA	NA	NA	NA	nan	1	0.9167			
Caballeronia pedi	limited	NA	NA	NA	limited	NA	NA	limited	limited	limited	limited	NA	limited	limited	0.0000	6	0.5000	limited	limited	limited
Stutzerimonas kunmingensis	NA	NA	NA	NA	limited	NA	NA	NA	limited	NA	NA	NA	NA	NA	nan	2	0.8333			
Sphingobium rhizovicinum	NA	NA	NA	NA	limited	NA	NA	limited	NA	NA	limited	NA	NA	limited	0.0000	3	0.7500	limited	limited	limited
Stutzerimonas decontaminans	moderate	NA	NA	NA	NA	NA	NA	limited	NA	NA	limited	NA	NA	NA	nan	2	0.8333			
Pseudomonas khavaziana	NA	NA	limited	NA	NA	NA	NA	limited	limited	NA	NA	NA	limited	limited	0.0000	4	0.6667	limited	limited	limited
Rhizobium croatiense	moderate	NA	moderate	limited	limited	limited	limited	limited	NA	NA	limited	limited	moderate	limited	0.2222	9	0.2500	moderate	limited	limited
Xenorhabdus eapokensis	limited	NA	NA	NA	limited	NA	NA	limited	limited	NA	NA	NA	NA	limited	0.0000	3	0.7500	limited	limited	limited
Flavobacterium circumlabens	NA	NA	limited	limited	NA	NA	limited	limited	limited	limited	NA	NA	limited	limited	0.0000	7	0.4167	limited	limited	limited
Flavobacterium cupreum	limited	limited	limited	NA	limited	NA	NA	limited	limited	NA	limited	NA	limited	limited	0.0000	7	0.4167	limited	limited	limited
Salipiger bermudensis	moderate	limited	NA	NA	limited	NA	NA	limited	limited	NA	NA	NA	NA	limited	0.0000	4	0.6667	limited	limited	limited
Flavobacterium aquariorum	moderate	NA	moderate	NA	limited	NA	limited	limited	limited	NA	limited	limited	moderate	limited	0.2500	8	0.3333	moderate	limited	limited
Oricola thermophila	NA	NA	NA	NA	NA	NA	NA	NA	NA	NA	NA	NA	NA	NA	nan	0	1.0000			
Azospirillum fermentarium	moderate	moderate	moderate	moderate	limited	limited	limited	limited	limited	limited	limited	limited	moderate	limited	0.3333	12	0.0000	moderate	limited	limited
Actinomadura apis	limited	NA	NA	NA	NA	NA	NA	limited	limited	NA	NA	NA	NA	NA	nan	2	0.8333			
Caballeronia ptereochthonis	limited	NA	NA	NA	NA	NA	NA	limited	NA	NA	NA	NA	NA	NA	nan	1	0.9167			
Bradyrhizobium algeriense	moderate	limited	moderate	moderate	limited	limited	limited	limited	limited	moderate	limited	NA	limited	limited	0.2727	11	0.0833	moderate	limited	limited
Paenibacillus solani	moderate	NA	moderate	NA	limited	NA	limited	limited	limited	NA	NA	limited	moderate	limited	0.2857	7	0.4167	moderate	limited	limited
Rhodopseudomonas rhenobacensis	limited	NA	NA	NA	limited	limited	NA	limited	NA	NA	NA	limited	limited	limited	0.0000	5	0.5833	limited	limited	limited
Actinopolymorpha rutila	NA	NA	NA	NA	limited	NA	NA	NA	NA	NA	NA	NA	NA	NA	nan	1	0.9167			
Pseudomonas peradeniyensis	limited	NA	limited	NA	limited	NA	NA	limited	NA	NA	limited	limited	limited	limited	0.0000	6	0.5000	limited	limited	limited
Streptococcus caviae	moderate	NA	NA	NA	limited	NA	NA	limited	NA	NA	NA	limited	limited	limited	0.0000	4	0.6667	limited	limited	limited
Paraburkholderia azotifigens	moderate	limited	moderate	moderate	limited	limited	limited	limited	limited	NA	limited	NA	moderate	limited	0.3000	10	0.1667	moderate	limited	limited
Chitinasiproducens palmae	NA	NA	NA	NA	NA	NA	NA	NA	NA	NA	NA	NA	NA	NA	nan	0	1.0000			
Nocardia goodfellowii	moderate	limited	moderate	limited	limited	limited	limited	limited	limited	limited	limited	limited	moderate	limited	0.1667	12	0.0000	moderate	limited	limited
Brachybacterium halotolerans	moderate	NA	moderate	limited	limited	limited	limited	limited	limited	NA	limited	limited	moderate	limited	0.2000	10	0.1667	moderate	limited	limited
Paracidovorax avenae	moderate	limited	moderate	limited	limited	limited	limited	limited	limited	moderate	moderate	NA	moderate	limited	0.3636	11	0.0833	moderate	limited	limited
Bacteroides koreensis	moderate	limited	moderate	limited	limited	NA	NA	limited	NA	NA	NA	NA	limited	limited	0.1667	6	0.5000	moderate	limited	limited
Pseudochrobactrum kiredjianiae	NA	limited	NA	NA	limited	NA	NA	limited	limited	limited	limited	NA	NA	limited	0.0000	6	0.5000	limited	limited	limited
Xenorhabdus thuongxuanensis	limited	NA	NA	NA	NA	NA	NA	limited	NA	NA	limited	NA	NA	NA	nan	2	0.8333			
Caballeronia glebae	NA	NA	NA	NA	NA	NA	NA	limited	NA	NA	NA	NA	NA	NA	nan	1	0.9167			
Micromonospora craterilacus	NA	NA	NA	NA	NA	NA	NA	NA	NA	NA	NA	NA	NA	NA	nan	0	1.0000			
Kutzneria viridogrisea	moderate	NA	moderate	limited	limited	NA	NA	limited	NA	NA	limited	limited	limited	limited	0.1429	7	0.4167	moderate	limited	limited
Sphingomonas jeddahensis	limited	NA	moderate	NA	limited	NA	limited	limited	limited	NA	limited	limited	limited	limited	0.1250	8	0.3333	moderate	limited	limited
Xylanimonas protaetiae	limited	limited	limited	NA	limited	NA	NA	NA	limited	NA	NA	NA	NA	limited	0.0000	4	0.6667	limited	limited	limited
Xenorhabdus vietnamensis	limited	NA	moderate	limited	limited	NA	NA	limited	NA	NA	NA	NA	limited	limited	0.2000	5	0.5833	moderate	limited	limited
Xenorhabdus miraniensis	moderate	NA	moderate	limited	limited	NA	limited	limited	limited	NA	NA	NA	limited	limited	0.1429	7	0.4167	moderate	limited	limited
Komagataeibacter melaceti	limited	limited	NA	limited	limited	NA	NA	limited	limited	NA	limited	NA	NA	limited	0.0000	6	0.5000	limited	limited	limited
Xenorhabdus mauleonii	NA	NA	moderate	NA	NA	NA	NA	limited	limited	limited	limited	NA	limited	limited	0.1667	6	0.5000	moderate	limited	limited
Halococcus qingdaonensis	limited	NA	NA	NA	limited	NA	NA	limited	NA	NA	NA	NA	NA	NA	nan	2	0.8333			
Mesorhizobium shangrilense	moderate	limited	moderate	limited	limited	limited	limited	limited	NA	limited	limited	limited	limited	limited	0.0909	11	0.0833	moderate	limited	limited
Caballeronia catudaia	NA	NA	NA	NA	NA	NA	NA	NA	NA	NA	NA	NA	NA	NA	nan	0	1.0000			
Providencia manganoxydans	NA	NA	NA	NA	limited	NA	NA	limited	NA	NA	NA	NA	NA	NA	nan	2	0.8333			
Bradyrhizobium sediminis	moderate	limited	moderate	moderate	limited	NA	limited	limited	limited	limited	limited	limited	limited	limited	0.1818	11	0.0833	moderate	limited	limited
Paraburkholderia fynbosensis	moderate	limited	moderate	NA	NA	NA	NA	limited	NA	NA	NA	NA	limited	limited	0.2500	4	0.6667	moderate	limited	limited
Lactobacillus colini	moderate	limited	moderate	limited	limited	limited	limited	limited	limited	NA	limited	limited	limited	limited	0.0909	11	0.0833	moderate	limited	limited
Staphylococcus pragensis	moderate	NA	NA	limited	limited	NA	limited	limited	limited	NA	limited	limited	limited	limited	0.0000	8	0.3333	limited	limited	limited
Mycolicibacterium aromaticivorans	moderate	limited	moderate	limited	limited	limited	limited	limited	limited	limited	limited	limited	moderate	limited	0.1667	12	0.0000	moderate	limited	limited
Pseudarthrobacter equi	moderate	limited	moderate	NA	limited	limited	limited	limited	limited	limited	limited	limited	limited	limited	0.0909	11	0.0833	moderate	limited	limited
Gracilinema caldarium	NA	NA	NA	NA	limited	NA	NA	NA	NA	NA	NA	NA	NA	NA	nan	1	0.9167			
Mesorhizobium prunaredense	limited	limited	moderate	NA	limited	NA	limited	limited	limited	limited	limited	NA	limited	limited	0.1111	9	0.2500	moderate	limited	limited
Rhizobium brockwellii	moderate	NA	NA	NA	limited	limited	limited	limited	limited	limited	limited	NA	moderate	limited	0.1250	8	0.3333	moderate	limited	limited
Psychrobacter lutiphocae	limited	limited	moderate	limited	limited	limited	NA	limited	NA	NA	limited	NA	NA	limited	0.1429	7	0.4167	moderate	limited	limited
Mesorhizobium silamurunense	moderate	limited	moderate	limited	limited	NA	limited	limited	NA	NA	limited	NA	limited	limited	0.1250	8	0.3333	moderate	limited	limited
Bordetella sputigena	moderate	limited	moderate	limited	limited	limited	limited	limited	limited	limited	NA	NA	moderate	limited	0.2000	10	0.1667	moderate	limited	limited
Macrococcus armenti	NA	NA	NA	NA	NA	NA	NA	limited	NA	NA	NA	NA	NA	NA	nan	1	0.9167			
Shewanella basaltis	limited	NA	NA	NA	limited	NA	NA	limited	limited	NA	NA	NA	NA	limited	0.0000	3	0.7500	limited	limited	limited
Pigmentiphaga litoralis	NA	NA	NA	NA	limited	NA	NA	limited	NA	NA	NA	NA	NA	NA	nan	2	0.8333			
Pseudomonas marvdashtae	moderate	NA	limited	limited	NA	NA	NA	limited	limited	limited	limited	limited	limited	limited	0.0000	8	0.3333	limited	limited	limited
Listeria thailandensis	limited	NA	NA	NA	NA	NA	NA	limited	NA	NA	NA	NA	NA	NA	nan	1	0.9167			
Agromyces allii	NA	limited	limited	NA	limited	NA	NA	limited	NA	limited	NA	NA	NA	limited	0.0000	5	0.5833	limited	limited	limited
Actinomadura napierensis	NA	NA	NA	NA	limited	NA	NA	limited	NA	NA	NA	NA	NA	NA	nan	2	0.8333			
Rhizobium redzepovicii	NA	NA	moderate	NA	NA	NA	NA	limited	NA	NA	NA	NA	NA	NA	nan	2	0.8333			
Mycolicibacterium crocinum	moderate	NA	moderate	NA	limited	NA	limited	limited	limited	NA	NA	limited	limited	limited	0.1429	7	0.4167	moderate	limited	limited
Shewanella acanthi	NA	NA	moderate	moderate	limited	NA	NA	limited	NA	NA	NA	NA	NA	moderate	0.5000	4	0.6667	moderate	limited	moderate
Pseudomonas khorasanensis	moderate	limited	moderate	limited	limited	limited	NA	limited	limited	NA	limited	limited	limited	limited	0.1000	10	0.1667	moderate	limited	limited
Mesorhizobium caraganae	moderate	limited	moderate	limited	limited	limited	limited	limited	limited	moderate	limited	limited	limited	limited	0.1667	12	0.0000	moderate	limited	limited
Bradyrhizobium namibiense	moderate	moderate	moderate	moderate	limited	limited	limited	limited	limited	moderate	limited	limited	moderate	limited	0.4167	12	0.0000	moderate	limited	limited
Brucella grignonensis	NA	NA	NA	NA	limited	NA	NA	limited	NA	NA	NA	NA	NA	NA	nan	2	0.8333			
Gluconacetobacter tumulicola	NA	limited	NA	limited	limited	NA	NA	limited	limited	NA	limited	NA	NA	limited	0.0000	6	0.5000	limited	limited	limited
Sinorhizobium garamanticum	moderate	NA	NA	NA	NA	NA	NA	limited	NA	NA	NA	NA	NA	NA	nan	1	0.9167			
Pseudaminobacter manganicus	limited	NA	NA	NA	limited	NA	NA	limited	NA	NA	NA	NA	NA	NA	nan	2	0.8333			
Streptococcus respiraculi	NA	NA	NA	NA	NA	NA	NA	NA	NA	NA	NA	limited	limited	NA	nan	2	0.8333			
Paenibacillus susongensis	limited	NA	moderate	limited	limited	NA	NA	limited	NA	NA	limited	limited	moderate	limited	0.2857	7	0.4167	moderate	limited	limited
Caballeronia novacaledonica	moderate	NA	NA	NA	NA	NA	NA	limited	limited	NA	NA	NA	NA	NA	nan	2	0.8333			
Flavobacterium suzhouense	limited	NA	limited	limited	limited	NA	NA	limited	limited	NA	NA	limited	limited	limited	0.0000	7	0.4167	limited	limited	limited
Bordetella muralis	NA	NA	NA	NA	NA	NA	NA	NA	NA	NA	NA	NA	NA	NA	nan	0	1.0000			
Leifsonia lichenia	NA	NA	NA	NA	limited	NA	NA	limited	NA	NA	limited	limited	limited	limited	0.0000	5	0.5833	limited	limited	limited
Bradyrhizobium subterraneum	moderate	limited	moderate	NA	limited	limited	limited	limited	limited	NA	limited	NA	moderate	limited	0.2222	9	0.2500	moderate	limited	limited
Pseudomonas farsensis	moderate	NA	limited	NA	limited	limited	NA	limited	limited	NA	limited	limited	limited	limited	0.0000	8	0.3333	limited	limited	limited
Rodentibacter trehalosifermentans	NA	limited	NA	NA	NA	NA	limited	limited	NA	NA	NA	NA	NA	limited	0.0000	3	0.7500	limited	limited	limited
Pseudomonas triticicola	NA	NA	limited	NA	limited	NA	limited	limited	limited	NA	NA	limited	limited	limited	0.0000	7	0.4167	limited	limited	limited
Paeniclostridium ghonii	NA	NA	NA	NA	limited	NA	NA	limited	limited	NA	NA	NA	NA	limited	0.0000	3	0.7500	limited	limited	limited
Thiomonas perometabolis	moderate	limited	moderate	moderate	limited	limited	NA	limited	limited	limited	NA	NA	limited	limited	0.2222	9	0.2500	moderate	limited	limited
Xanthomonas nasturtii	NA	NA	moderate	NA	limited	limited	limited	limited	limited	NA	NA	limited	limited	limited	0.1250	8	0.3333	moderate	limited	limited
Pseudoxanthomonas dokdonensis	moderate	limited	moderate	limited	limited	limited	NA	limited	NA	limited	limited	NA	limited	limited	0.1111	9	0.2500	moderate	limited	limited
Caldimonas brevitalea	limited	NA	NA	NA	limited	limited	NA	limited	NA	NA	NA	NA	limited	limited	0.0000	4	0.6667	limited	limited	limited
Hoeflea alexandrii	NA	NA	NA	NA	limited	limited	NA	limited	NA	NA	NA	NA	NA	limited	0.0000	3	0.7500	limited	limited	limited
Mycolicibacterium pallens	moderate	NA	limited	moderate	limited	limited	limited	limited	limited	limited	limited	limited	moderate	limited	0.1818	11	0.0833	moderate	limited	limited
Halopelagius longus	NA	NA	NA	NA	NA	NA	NA	NA	NA	NA	NA	NA	NA	NA	nan	0	1.0000			
Mesorhizobium helmanticense	moderate	NA	NA	limited	limited	limited	limited	limited	limited	NA	limited	limited	limited	limited	0.0000	9	0.2500	limited	limited	limited
Streptococcus oricebi	NA	limited	moderate	NA	NA	limited	NA	limited	limited	NA	limited	NA	limited	limited	0.1429	7	0.4167	moderate	limited	limited
Rodentibacter myodis	NA	NA	moderate	NA	NA	NA	NA	limited	limited	NA	NA	NA	NA	limited	0.3333	3	0.7500	moderate	limited	limited
Klugiella xanthotipulae	NA	NA	NA	NA	NA	NA	NA	NA	NA	NA	NA	NA	NA	NA	nan	0	1.0000			
Erwinia uzenensis	NA	NA	NA	NA	NA	NA	NA	limited	NA	NA	limited	NA	NA	NA	nan	2	0.8333			
Chimaeribacter californicus	limited	NA	NA	NA	NA	NA	NA	limited	limited	NA	NA	NA	NA	NA	nan	2	0.8333			
Duganella dendranthematis	limited	NA	NA	NA	limited	NA	NA	limited	limited	NA	limited	NA	NA	limited	0.0000	4	0.6667	limited	limited	limited
Arcanobacterium wilhelmae	limited	NA	limited	NA	limited	NA	limited	limited	NA	NA	NA	NA	limited	limited	0.0000	5	0.5833	limited	limited	limited
Fontibacillus phaseoli	limited	NA	NA	NA	limited	NA	NA	limited	NA	NA	NA	NA	NA	NA	nan	2	0.8333			
Alteromonas simiduii	NA	NA	NA	NA	limited	limited	NA	limited	limited	NA	NA	limited	NA	limited	0.0000	5	0.5833	limited	limited	limited
Nocardiopsis algeriensis	moderate	limited	moderate	NA	limited	NA	NA	limited	limited	limited	NA	limited	limited	limited	0.1250	8	0.3333	moderate	limited	limited
Nonomuraea bangladeshensis	NA	NA	NA	NA	NA	NA	NA	NA	NA	NA	NA	NA	NA	NA	nan	0	1.0000			
Mesorhizobium robiniae	moderate	limited	moderate	limited	limited	limited	NA	limited	limited	moderate	limited	NA	moderate	limited	0.3000	10	0.1667	moderate	limited	limited
Microbulbifer marinus	moderate	NA	moderate	limited	limited	limited	NA	limited	limited	limited	NA	NA	NA	limited	0.1429	7	0.4167	moderate	limited	limited
Enterobacter dykesii	NA	NA	NA	NA	NA	NA	NA	limited	NA	NA	NA	NA	NA	NA	nan	1	0.9167			
Chryseobacterium endophyticum	limited	limited	moderate	limited	limited	NA	limited	limited	limited	NA	limited	limited	moderate	limited	0.2000	10	0.1667	moderate	limited	limited
Novosphingobium soli	moderate	limited	moderate	moderate	limited	limited	NA	limited	NA	NA	NA	NA	moderate	limited	0.4286	7	0.4167	moderate	limited	limited
Cytobacillus pseudoceanisediminis	limited	NA	NA	NA	limited	limited	NA	limited	limited	NA	NA	NA	limited	limited	0.0000	5	0.5833	limited	limited	limited
Micromonospora harpali	moderate	limited	moderate	limited	limited	limited	NA	limited	limited	NA	limited	limited	limited	limited	0.1000	10	0.1667	moderate	limited	limited
Bradyrhizobium mercantei	moderate	limited	moderate	limited	limited	limited	limited	limited	NA	limited	limited	limited	limited	limited	0.0909	11	0.0833	moderate	limited	limited
Sphingobium fontiphilum	NA	NA	NA	NA	limited	NA	NA	limited	NA	NA	limited	NA	limited	limited	0.0000	4	0.6667	limited	limited	limited
Uruburuella testudinis	NA	NA	NA	NA	NA	NA	NA	NA	NA	NA	NA	NA	NA	NA	nan	0	1.0000			
Leclercia pneumoniae	NA	NA	NA	NA	limited	NA	NA	limited	NA	NA	NA	NA	NA	NA	nan	2	0.8333			
Leuconostoc palmae	limited	NA	NA	NA	NA	NA	NA	limited	NA	NA	NA	NA	NA	NA	nan	1	0.9167			
Novosphingobium fuchskuhlense	moderate	limited	moderate	limited	limited	NA	NA	limited	limited	NA	NA	NA	limited	limited	0.1429	7	0.4167	moderate	limited	limited
Mycobacterium palauense	limited	limited	limited	NA	limited	NA	NA	limited	NA	NA	NA	limited	limited	limited	0.0000	6	0.5000	limited	limited	limited
Paraburkholderia ferrariae	moderate	limited	moderate	limited	limited	NA	limited	limited	NA	NA	NA	NA	NA	limited	0.1667	6	0.5000	moderate	limited	limited
Aestuariimicrobium kwangyangense	NA	NA	NA	NA	limited	NA	NA	NA	NA	NA	NA	NA	NA	NA	nan	1	0.9167			
Micromonospora palomenae	NA	NA	NA	NA	limited	NA	NA	limited	NA	NA	NA	NA	NA	NA	nan	2	0.8333			
Bacteroides luhongzhouii	NA	NA	NA	NA	NA	NA	NA	limited	NA	NA	NA	NA	NA	NA	nan	1	0.9167			
Gluconacetobacter tumulisoli	NA	NA	NA	NA	NA	NA	NA	limited	NA	NA	limited	NA	NA	NA	nan	2	0.8333			
Paraburkholderia strydomiana	moderate	NA	moderate	NA	limited	NA	NA	limited	limited	NA	limited	NA	limited	limited	0.1667	6	0.5000	moderate	limited	limited
Brachybacterium fresconis	limited	NA	moderate	limited	limited	limited	NA	limited	NA	limited	NA	NA	limited	limited	0.1429	7	0.4167	moderate	limited	limited
Alteromonas lipotrueae	NA	NA	NA	NA	limited	limited	NA	limited	limited	NA	NA	NA	NA	limited	0.0000	4	0.6667	limited	limited	limited
Paenibacillus ottowii	moderate	limited	moderate	moderate	limited	limited	limited	limited	limited	NA	limited	limited	moderate	limited	0.2727	11	0.0833	moderate	limited	limited
Mesorhizobium kowhaii	moderate	moderate	moderate	moderate	limited	limited	limited	limited	limited	moderate	limited	limited	moderate	limited	0.4167	12	0.0000	moderate	limited	limited
Planomicrobium alkanoclasticum	limited	limited	moderate	limited	limited	limited	limited	limited	limited	limited	limited	limited	moderate	limited	0.1667	12	0.0000	moderate	limited	limited
Streptococcus bovimastitidis	NA	limited	NA	limited	NA	NA	NA	NA	NA	NA	NA	NA	limited	limited	0.0000	3	0.7500	limited	limited	limited
Rodentibacter heidelbergensis	NA	NA	NA	NA	NA	limited	limited	limited	limited	NA	NA	NA	NA	limited	0.0000	4	0.6667	limited	limited	limited
Leptospira venezuelensis	limited	NA	NA	NA	limited	NA	NA	limited	limited	NA	NA	NA	limited	limited	0.0000	4	0.6667	limited	limited	limited
Brucella oryzae	extensive	limited	moderate	limited	limited	limited	limited	limited	limited	limited	limited	limited	moderate	limited	0.1667	12	0.0000	moderate	limited	limited
Mesorhizobium sanjuanii	moderate	NA	NA	NA	limited	limited	limited	limited	NA	NA	limited	NA	limited	limited	0.0000	6	0.5000	limited	limited	limited
Mycolicibacterium cosmeticum	extensive	limited	moderate	moderate	moderate	limited	limited	moderate	limited	limited	limited	limited	moderate	limited	0.4167	12	0.0000	moderate	limited	limited
Lysinibacillus cavernae	moderate	limited	moderate	limited	limited	limited	limited	limited	limited	NA	limited	limited	moderate	limited	0.1818	11	0.0833	moderate	limited	limited
Aquitalea denitrificans	moderate	NA	moderate	NA	limited	limited	NA	limited	limited	NA	NA	NA	limited	limited	0.1667	6	0.5000	moderate	limited	limited
Eikenella halliae	NA	NA	NA	NA	NA	NA	NA	limited	NA	NA	NA	NA	NA	NA	nan	1	0.9167			
Comamonas terrae	moderate	NA	moderate	limited	limited	limited	limited	limited	limited	limited	limited	limited	moderate	limited	0.1818	11	0.0833	moderate	limited	limited
Vibrio renipiscarius	NA	NA	NA	NA	limited	NA	NA	limited	NA	NA	NA	NA	NA	NA	nan	2	0.8333			
Sinorhizobium alkalisoli	moderate	limited	moderate	moderate	limited	limited	limited	limited	limited	moderate	limited	limited	moderate	limited	0.3333	12	0.0000	moderate	limited	limited
Chryseobacterium pennipullorum	limited	NA	moderate	NA	limited	NA	NA	limited	limited	NA	limited	limited	limited	limited	0.1429	7	0.4167	moderate	limited	limited
Paraglaciecola oceanifecundans	limited	NA	NA	NA	limited	NA	NA	limited	limited	NA	NA	NA	limited	limited	0.0000	4	0.6667	limited	limited	limited
Promicromonospora thailandica	limited	NA	NA	limited	limited	limited	NA	limited	limited	NA	NA	NA	limited	limited	0.0000	6	0.5000	limited	limited	limited
Natrinema thermotolerans	moderate	limited	NA	NA	moderate	NA	NA	limited	limited	NA	NA	NA	moderate	limited	0.4000	5	0.5833	moderate	limited	limited
Actinomadura chokoriensis	NA	NA	NA	NA	limited	NA	NA	NA	NA	NA	NA	NA	NA	NA	nan	1	0.9167			
Gluconacetobacter aggeris	NA	NA	NA	NA	NA	limited	NA	NA	limited	NA	NA	NA	NA	NA	nan	2	0.8333			
Porphyromonas loveana	NA	NA	NA	NA	limited	NA	NA	NA	NA	NA	NA	NA	NA	NA	nan	1	0.9167			
Vibrio fujianensis	moderate	NA	moderate	limited	limited	limited	limited	limited	limited	NA	NA	NA	moderate	limited	0.2500	8	0.3333	moderate	limited	limited
Bartonella pachyuromydis	NA	NA	NA	NA	limited	NA	NA	limited	NA	NA	NA	NA	NA	NA	nan	2	0.8333			
Streptococcus penaeicida	NA	NA	NA	NA	NA	NA	NA	NA	NA	NA	NA	NA	limited	NA	nan	1	0.9167			
Neisseria weixii	NA	limited	limited	limited	NA	NA	limited	limited	NA	limited	NA	NA	limited	limited	0.0000	7	0.4167	limited	limited	limited
Mycobacterium neumannii	NA	NA	NA	NA	limited	NA	NA	limited	NA	NA	NA	limited	limited	limited	0.0000	4	0.6667	limited	limited	limited
Gordonia defluvii	moderate	limited	limited	NA	limited	limited	NA	limited	limited	limited	NA	NA	limited	limited	0.0000	8	0.3333	limited	limited	limited
Hoeflea olei	limited	NA	NA	NA	limited	NA	NA	limited	NA	NA	NA	NA	NA	NA	nan	2	0.8333			
Borreliella mayonii	extensive	moderate	moderate	moderate	moderate	limited	limited	moderate	moderate	moderate	limited	NA	moderate	moderate	0.7273	11	0.0833	moderate	limited	moderate
Chimaeribacter coloradensis	NA	NA	NA	NA	NA	NA	NA	NA	NA	NA	NA	NA	NA	NA	nan	0	1.0000			
Sphingobium jiangsuense	limited	NA	NA	NA	limited	NA	NA	limited	limited	NA	NA	limited	NA	limited	0.0000	4	0.6667	limited	limited	limited
Vibrio sonorensis	moderate	NA	limited	moderate	limited	limited	NA	limited	limited	NA	NA	NA	NA	limited	0.1667	6	0.5000	moderate	limited	limited
Serratia myotis	NA	NA	NA	NA	NA	NA	NA	NA	NA	NA	NA	NA	NA	NA	nan	0	1.0000			
Bartonella fuyuanensis	limited	NA	NA	NA	NA	NA	NA	limited	NA	NA	NA	NA	NA	NA	nan	1	0.9167			
Microbulbifer rhizosphaerae	NA	NA	NA	NA	NA	NA	NA	NA	NA	NA	NA	NA	NA	NA	nan	0	1.0000			
Xylanibacterium ulmi	limited	NA	NA	NA	limited	NA	NA	limited	NA	NA	NA	NA	NA	NA	nan	2	0.8333			
Kocuria arsenatis	limited	NA	moderate	NA	limited	NA	NA	limited	NA	limited	NA	NA	limited	limited	0.2000	5	0.5833	moderate	limited	limited
Micromonospora oryzae	moderate	limited	moderate	limited	limited	limited	limited	limited	limited	limited	limited	limited	limited	limited	0.0833	12	0.0000	moderate	limited	limited
Nonomuraea kuesteri	limited	NA	NA	NA	limited	NA	NA	limited	NA	NA	NA	NA	NA	NA	nan	2	0.8333			
Corallococcus carmarthensis	moderate	NA	NA	NA	limited	NA	NA	limited	limited	NA	NA	NA	NA	limited	0.0000	3	0.7500	limited	limited	limited
Halorubrum persicum	moderate	NA	NA	NA	moderate	NA	NA	limited	NA	NA	NA	NA	NA	NA	nan	2	0.8333			
Trichococcus patagoniensis	limited	NA	NA	NA	NA	NA	NA	NA	NA	NA	NA	NA	NA	NA	nan	0	1.0000			
Rodentibacter mrazii	limited	NA	moderate	NA	NA	NA	limited	limited	NA	NA	NA	NA	limited	limited	0.2500	4	0.6667	moderate	limited	limited
Pseudaminobacter defluvii	moderate	limited	NA	limited	limited	limited	limited	limited	limited	limited	limited	NA	limited	limited	0.0000	10	0.1667	limited	limited	limited
Geobacillus proteiniphilus	moderate	limited	moderate	moderate	moderate	limited	limited	limited	limited	NA	limited	limited	moderate	limited	0.3636	11	0.0833	moderate	limited	limited
Micromonospora vinacea	moderate	limited	moderate	limited	limited	limited	limited	limited	limited	NA	limited	limited	limited	limited	0.0909	11	0.0833	moderate	limited	limited
Gluconobacter potus	NA	NA	NA	NA	NA	NA	NA	NA	NA	NA	NA	NA	NA	NA	nan	0	1.0000			
Aminobacter carboxidus	limited	NA	NA	NA	NA	limited	NA	limited	NA	NA	limited	NA	NA	limited	0.0000	3	0.7500	limited	limited	limited
Myroides gitamensis	limited	NA	NA	NA	limited	NA	limited	limited	limited	NA	NA	NA	limited	limited	0.0000	5	0.5833	limited	limited	limited
Halorubrum aquaticum	moderate	NA	NA	NA	limited	NA	NA	limited	limited	NA	NA	NA	limited	limited	0.0000	4	0.6667	limited	limited	limited
Mesomycoplasma ovipneumoniae	moderate	limited	NA	moderate	limited	limited	moderate	limited	moderate	moderate	NA	NA	moderate	moderate	0.5556	9	0.2500	moderate	limited	moderate
Shewanella azerbaijanica	NA	NA	NA	NA	limited	NA	NA	limited	NA	NA	NA	NA	NA	NA	nan	2	0.8333			
Frateuria defendens	limited	limited	limited	NA	limited	limited	NA	limited	limited	NA	limited	NA	limited	limited	0.0000	8	0.3333	limited	limited	limited
Vibrio crosai	NA	moderate	moderate	limited	moderate	limited	limited	limited	limited	NA	limited	NA	moderate	limited	0.4000	10	0.1667	moderate	limited	limited
Microbulbifer epialgicus	NA	NA	NA	limited	limited	NA	NA	limited	limited	NA	NA	NA	NA	limited	0.0000	4	0.6667	limited	limited	limited
Providencia thailandensis	NA	NA	NA	NA	limited	NA	NA	NA	NA	NA	NA	NA	NA	NA	nan	1	0.9167			
Rhizobium chutanense	moderate	limited	moderate	NA	limited	NA	limited	limited	limited	moderate	limited	NA	moderate	limited	0.3333	9	0.2500	moderate	limited	limited
Enterococcus florum	moderate	NA	NA	NA	NA	NA	NA	limited	limited	NA	NA	limited	limited	limited	0.0000	4	0.6667	limited	limited	limited
Kribbella sancticallisti	NA	NA	NA	NA	limited	NA	NA	limited	NA	NA	NA	NA	NA	NA	nan	2	0.8333			
Myxococcus eversor	moderate	NA	NA	NA	NA	NA	NA	NA	NA	NA	limited	NA	NA	NA	nan	1	0.9167			
Halorubrum californiense	moderate	NA	moderate	limited	limited	limited	NA	limited	limited	NA	NA	NA	NA	limited	0.1667	6	0.5000	moderate	limited	limited
Acinetobacter tibetensis	limited	limited	NA	limited	limited	NA	NA	limited	NA	NA	NA	NA	limited	limited	0.0000	5	0.5833	limited	limited	limited
Mycolicibacterium rutilum	moderate	NA	moderate	limited	limited	NA	limited	limited	limited	NA	limited	limited	limited	limited	0.1111	9	0.2500	moderate	limited	limited
Lentilactobacillus sunkii	moderate	NA	moderate	NA	limited	limited	limited	limited	limited	NA	limited	limited	moderate	limited	0.2222	9	0.2500	moderate	limited	limited
Pseudoclavibacter triregionum	limited	NA	NA	NA	limited	NA	NA	limited	limited	NA	limited	NA	NA	limited	0.0000	4	0.6667	limited	limited	limited
Paenarthrobacter ilicis	moderate	NA	limited	NA	limited	NA	limited	limited	limited	limited	limited	limited	limited	limited	0.0000	9	0.2500	limited	limited	limited
Isoptericola hypogeus	limited	NA	NA	limited	limited	NA	NA	limited	NA	NA	NA	NA	limited	limited	0.0000	4	0.6667	limited	limited	limited
Microbulbifer donghaiensis	limited	NA	NA	NA	limited	NA	NA	limited	NA	NA	NA	NA	NA	NA	nan	2	0.8333			
Polynucleobacter difficilis	limited	NA	limited	limited	limited	limited	limited	limited	limited	limited	NA	limited	limited	limited	0.0000	10	0.1667	limited	limited	limited
Metamycoplasma orale	limited	limited	NA	NA	limited	limited	limited	limited	limited	limited	NA	NA	limited	limited	0.0000	8	0.3333	limited	limited	limited
Labedaea rhizosphaerae	NA	NA	NA	NA	NA	NA	NA	NA	NA	NA	NA	NA	NA	NA	nan	0	1.0000			
Myxococcus vastator	NA	NA	NA	NA	NA	NA	NA	limited	NA	NA	NA	NA	NA	NA	nan	1	0.9167			
Frateuria soli	limited	NA	limited	NA	limited	limited	NA	limited	NA	NA	NA	NA	limited	limited	0.0000	5	0.5833	limited	limited	limited
Isoptericola nanjingensis	limited	NA	moderate	limited	limited	NA	NA	limited	NA	limited	NA	NA	limited	limited	0.1667	6	0.5000	moderate	limited	limited
Staphylococcus taiwanensis	moderate	limited	NA	NA	limited	NA	NA	limited	limited	NA	limited	limited	limited	limited	0.0000	7	0.4167	limited	limited	limited
Actinomyces vulturis	NA	NA	NA	NA	limited	NA	NA	NA	NA	NA	NA	NA	NA	NA	nan	1	0.9167			
Cytobacillus praedii	moderate	NA	moderate	limited	limited	limited	NA	limited	limited	limited	NA	limited	limited	limited	0.1111	9	0.2500	moderate	limited	limited
Photobacterium proteolyticum	moderate	NA	moderate	limited	limited	limited	NA	limited	limited	NA	NA	NA	limited	limited	0.1429	7	0.4167	moderate	limited	limited
Halorubrum halophilum	moderate	moderate	moderate	moderate	moderate	limited	limited	limited	limited	NA	limited	limited	moderate	limited	0.4545	11	0.0833	moderate	limited	limited
Leifsonia antarctica	moderate	limited	moderate	limited	moderate	limited	NA	limited	limited	NA	NA	limited	moderate	limited	0.3333	9	0.2500	moderate	limited	limited
Miniimonas arenae	NA	NA	NA	NA	limited	NA	NA	limited	NA	NA	NA	NA	NA	NA	nan	2	0.8333			
Corynebacterium nasicanis	moderate	NA	moderate	NA	limited	NA	NA	limited	NA	NA	NA	NA	limited	limited	0.2500	4	0.6667	moderate	limited	limited
Actinomadura barringtoniae	NA	NA	NA	NA	limited	NA	NA	limited	NA	NA	NA	NA	NA	NA	nan	2	0.8333			
Duganella fentianensis	NA	NA	NA	NA	NA	NA	NA	NA	NA	NA	NA	NA	NA	NA	nan	0	1.0000			
Pusillimonas caeni	moderate	NA	moderate	limited	limited	limited	NA	limited	limited	limited	NA	NA	limited	limited	0.1250	8	0.3333	moderate	limited	limited
Mycobacterium kyogaense	limited	limited	limited	limited	limited	limited	limited	limited	limited	NA	limited	limited	limited	limited	0.0000	11	0.0833	limited	limited	limited
Riemerella columbipharyngis	limited	limited	NA	NA	NA	limited	limited	limited	limited	NA	NA	NA	limited	limited	0.0000	6	0.5000	limited	limited	limited
Trinickia symbiotica	NA	NA	NA	NA	NA	NA	NA	limited	NA	NA	NA	NA	NA	NA	nan	1	0.9167			
Flavobacterium acidificum	NA	NA	moderate	NA	NA	NA	limited	limited	limited	NA	NA	limited	limited	limited	0.1667	6	0.5000	moderate	limited	limited
Mesorhizobium cantuariense	moderate	limited	limited	limited	limited	NA	limited	limited	NA	NA	limited	limited	limited	limited	0.0000	9	0.2500	limited	limited	limited
Sporolactobacillus kofuensis	moderate	NA	moderate	limited	limited	limited	NA	limited	limited	NA	NA	NA	limited	limited	0.1429	7	0.4167	moderate	limited	limited
Effusibacillus pohliae	limited	NA	NA	limited	limited	NA	NA	limited	limited	NA	NA	limited	limited	limited	0.0000	6	0.5000	limited	limited	limited
Luteibacter flocculans	moderate	limited	moderate	limited	limited	NA	NA	limited	limited	NA	limited	NA	limited	limited	0.1250	8	0.3333	moderate	limited	limited
Xanthomonas floridensis	limited	NA	limited	limited	limited	limited	NA	limited	NA	NA	NA	limited	limited	limited	0.0000	7	0.4167	limited	limited	limited
Alloalcanivorax xenomutans	NA	NA	NA	NA	NA	NA	NA	NA	NA	NA	NA	NA	NA	NA	nan	0	1.0000			
Aggregatibacter kilianii	moderate	limited	moderate	NA	limited	limited	limited	limited	limited	NA	NA	NA	limited	limited	0.1250	8	0.3333	moderate	limited	limited
Pisciglobus halotolerans	NA	NA	NA	NA	limited	NA	NA	NA	NA	NA	NA	NA	NA	NA	nan	1	0.9167			
Staphylococcus croceilyticus	NA	NA	NA	NA	limited	NA	NA	limited	NA	NA	NA	limited	limited	limited	0.0000	4	0.6667	limited	limited	limited
Microbulbifer yueqingensis	limited	NA	NA	NA	limited	NA	NA	NA	NA	limited	NA	NA	NA	NA	nan	2	0.8333			
Acetobacter musti	NA	NA	NA	limited	NA	limited	NA	limited	limited	NA	limited	NA	limited	limited	0.0000	6	0.5000	limited	limited	limited
Aminobacter anthyllidis	NA	NA	NA	NA	NA	NA	NA	NA	NA	NA	NA	NA	NA	NA	nan	0	1.0000			
Helicobacter mehlei	limited	NA	NA	limited	limited	limited	limited	limited	limited	limited	NA	NA	limited	limited	0.0000	8	0.3333	limited	limited	limited
Denitrificimonas caeni	limited	NA	NA	NA	limited	NA	NA	limited	NA	NA	NA	NA	NA	NA	nan	2	0.8333			
Arthrobacter gyeryongensis	limited	NA	moderate	limited	limited	NA	NA	limited	NA	NA	limited	NA	limited	limited	0.1667	6	0.5000	moderate	limited	limited
Microbacterium neungamense	limited	limited	moderate	limited	limited	limited	limited	limited	limited	limited	limited	limited	limited	limited	0.0833	12	0.0000	moderate	limited	limited
Serratia bockelmannii	NA	NA	NA	NA	NA	NA	NA	limited	limited	NA	limited	NA	NA	limited	0.0000	3	0.7500	limited	limited	limited
Tsuneonella flava	limited	NA	NA	limited	limited	NA	NA	limited	limited	NA	NA	NA	NA	limited	0.0000	4	0.6667	limited	limited	limited
Leptospira johnsonii	moderate	NA	NA	moderate	limited	limited	limited	limited	limited	limited	limited	NA	moderate	limited	0.2222	9	0.2500	moderate	limited	limited
Dyella solisilvae	limited	NA	NA	NA	limited	NA	NA	NA	NA	NA	limited	NA	NA	NA	nan	2	0.8333			
Pyxidicoccus trucidator	NA	NA	NA	NA	NA	NA	NA	NA	NA	NA	NA	NA	NA	NA	nan	0	1.0000			
Amycolatopsis dendrobii	limited	NA	NA	NA	limited	NA	NA	limited	NA	NA	NA	NA	NA	NA	nan	2	0.8333			
Kaistella haifensis	NA	NA	NA	NA	limited	NA	NA	NA	NA	NA	NA	NA	NA	NA	nan	1	0.9167			
Photobacterium toruni	limited	NA	moderate	moderate	limited	limited	NA	limited	limited	NA	NA	NA	moderate	limited	0.4286	7	0.4167	moderate	limited	limited
Rothia koreensis	moderate	NA	moderate	NA	limited	NA	limited	limited	limited	NA	NA	NA	limited	limited	0.1667	6	0.5000	moderate	limited	limited
Sinorhizobium numidicum	moderate	NA	moderate	limited	limited	limited	NA	limited	limited	moderate	limited	limited	limited	limited	0.2000	10	0.1667	moderate	limited	limited
Thermocatellispora tengchongensis	limited	NA	NA	NA	NA	NA	NA	limited	NA	NA	NA	NA	limited	NA	nan	2	0.8333			
Campylobacter bilis	moderate	moderate	limited	moderate	limited	limited	limited	limited	limited	moderate	NA	limited	moderate	limited	0.3636	11	0.0833	moderate	limited	limited
Limosilactobacillus balticus	moderate	NA	moderate	limited	limited	limited	limited	limited	limited	limited	NA	NA	limited	limited	0.1111	9	0.2500	moderate	limited	limited
Williamsia sterculiae	NA	NA	NA	NA	limited	NA	NA	limited	NA	NA	NA	NA	NA	NA	nan	2	0.8333			
Bacteroides kribbi	moderate	NA	moderate	limited	limited	limited	limited	limited	limited	limited	NA	limited	limited	limited	0.1000	10	0.1667	moderate	limited	limited
Gordonia oryzae	moderate	limited	moderate	limited	limited	limited	limited	limited	NA	limited	NA	limited	limited	limited	0.1000	10	0.1667	moderate	limited	limited
Rhodopseudomonas parapalustris	moderate	limited	limited	moderate	limited	limited	NA	limited	limited	NA	limited	limited	moderate	limited	0.2000	10	0.1667	moderate	limited	limited
Micromonospora sonneratiae	limited	limited	NA	limited	limited	NA	NA	limited	limited	NA	limited	limited	limited	limited	0.0000	8	0.3333	limited	limited	limited
Caulobacter rhizosphaerae	NA	NA	NA	NA	NA	NA	NA	NA	NA	NA	NA	NA	NA	NA	nan	0	1.0000			
Marinobacter goseongensis	moderate	NA	moderate	limited	moderate	limited	NA	limited	limited	NA	NA	NA	limited	limited	0.2857	7	0.4167	moderate	limited	limited
Knoellia locipacati	NA	NA	limited	NA	NA	NA	NA	NA	NA	NA	NA	NA	NA	NA	nan	1	0.9167			
Micromonospora deserti	limited	NA	NA	NA	limited	NA	NA	limited	limited	NA	limited	NA	limited	limited	0.0000	5	0.5833	limited	limited	limited
Chryseobacterium rigui	limited	limited	moderate	NA	limited	limited	limited	limited	limited	limited	limited	limited	moderate	limited	0.1818	11	0.0833	moderate	limited	limited
Lentibacillus kapialis	moderate	limited	moderate	limited	limited	limited	NA	limited	limited	NA	NA	limited	limited	limited	0.1111	9	0.2500	moderate	limited	limited
Vibrio barjaei	NA	NA	NA	NA	limited	limited	limited	limited	NA	limited	NA	NA	limited	limited	0.0000	6	0.5000	limited	limited	limited
Flavobacterium rhamnosiphilum	limited	NA	limited	NA	limited	NA	NA	limited	NA	NA	limited	limited	limited	limited	0.0000	6	0.5000	limited	limited	limited
Gordonia crocea	moderate	NA	limited	NA	limited	NA	limited	limited	limited	NA	NA	NA	limited	limited	0.0000	6	0.5000	limited	limited	limited
Bradyrhizobium americanum	moderate	limited	moderate	NA	limited	limited	limited	limited	NA	moderate	limited	NA	limited	limited	0.2222	9	0.2500	moderate	limited	limited
Shewanella mangrovisoli	limited	NA	NA	NA	NA	NA	NA	limited	NA	NA	NA	NA	limited	NA	nan	2	0.8333			
Lacticaseibacillus camelliae	moderate	NA	moderate	limited	limited	limited	limited	limited	limited	NA	limited	limited	limited	limited	0.1000	10	0.1667	moderate	limited	limited
Agromyces terreus	NA	NA	limited	limited	limited	limited	NA	limited	NA	NA	NA	NA	limited	limited	0.0000	6	0.5000	limited	limited	limited
Alkalibacillus filiformis	limited	NA	NA	limited	limited	NA	NA	limited	NA	NA	NA	NA	NA	limited	0.0000	3	0.7500	limited	limited	limited
Shewanella algicola	moderate	NA	NA	NA	limited	limited	limited	limited	NA	NA	NA	NA	limited	limited	0.0000	5	0.5833	limited	limited	limited
Leptospira selangorensis	moderate	NA	NA	NA	limited	NA	limited	limited	limited	limited	NA	NA	moderate	limited	0.1667	6	0.5000	moderate	limited	limited
Mycolicibacterium porcinum	extensive	limited	moderate	limited	limited	limited	limited	moderate	limited	limited	limited	limited	moderate	limited	0.2500	12	0.0000	moderate	limited	limited
Metamycoplasma arthritidis	limited	NA	NA	limited	NA	NA	limited	limited	limited	NA	NA	NA	NA	limited	0.0000	4	0.6667	limited	limited	limited
Vibrio ouci	NA	NA	NA	NA	limited	NA	NA	NA	NA	NA	NA	NA	NA	NA	nan	1	0.9167			
Micromonospora globispora	moderate	limited	moderate	limited	limited	limited	NA	limited	limited	NA	NA	NA	limited	limited	0.1250	8	0.3333	moderate	limited	limited
Limosilactobacillus albertensis	moderate	limited	moderate	limited	limited	limited	limited	limited	limited	limited	limited	limited	moderate	limited	0.1667	12	0.0000	moderate	limited	limited
Sphingomonas palmae	moderate	limited	moderate	NA	limited	NA	NA	limited	limited	NA	NA	limited	limited	limited	0.1429	7	0.4167	moderate	limited	limited
Staphylococcus canis	extensive	limited	moderate	moderate	moderate	moderate	moderate	limited	limited	moderate	limited	limited	moderate	moderate	0.5833	12	0.0000	moderate	limited	moderate
Nonomuraea rosea	NA	NA	NA	NA	limited	NA	NA	limited	NA	NA	NA	NA	NA	NA	nan	2	0.8333			
Alloalcanivorax dieselolei	extensive	moderate	moderate	moderate	moderate	moderate	limited	moderate	moderate	limited	limited	limited	moderate	moderate	0.6667	12	0.0000	moderate	limited	moderate
Imhoffiella purpurea	NA	NA	NA	NA	NA	NA	NA	limited	limited	NA	NA	NA	NA	NA	nan	2	0.8333			
Natronorubrum texcoconense	limited	moderate	moderate	limited	moderate	NA	NA	limited	limited	NA	NA	limited	NA	limited	0.4286	7	0.4167	moderate	limited	limited
Bradyrhizobium commune	extensive	extensive	moderate	extensive	moderate	moderate	limited	moderate	limited	extensive	limited	limited	moderate	moderate	0.9167	12	0.0000	extensive	limited	moderate
Flavobacterium branchiicola	limited	limited	limited	NA	limited	NA	limited	limited	NA	NA	limited	limited	limited	limited	0.0000	8	0.3333	limited	limited	limited
Trinickia soli	limited	NA	NA	NA	limited	NA	NA	limited	NA	NA	limited	NA	NA	limited	0.0000	3	0.7500	limited	limited	limited
Microbacterium bovistercoris	limited	NA	moderate	limited	limited	limited	NA	limited	limited	limited	limited	NA	limited	limited	0.1111	9	0.2500	moderate	limited	limited
Thiohalocapsa marina	moderate	NA	moderate	moderate	moderate	limited	NA	limited	limited	NA	NA	NA	limited	limited	0.4286	7	0.4167	moderate	limited	limited
Gluconacetobacter dulcium	NA	NA	NA	NA	NA	NA	NA	limited	NA	NA	NA	NA	NA	NA	nan	1	0.9167			
Nocardia aurea	moderate	limited	moderate	limited	limited	NA	NA	limited	limited	NA	limited	limited	limited	limited	0.1111	9	0.2500	moderate	limited	limited
Limosilactobacillus rudii	moderate	NA	NA	NA	NA	NA	limited	limited	limited	NA	NA	NA	limited	limited	0.0000	4	0.6667	limited	limited	limited
Microterricola gilva	limited	NA	NA	NA	limited	limited	NA	limited	limited	NA	NA	NA	NA	limited	0.0000	4	0.6667	limited	limited	limited
Halorubrum luteum	moderate	NA	moderate	moderate	moderate	NA	NA	limited	limited	NA	NA	NA	moderate	moderate	0.6667	6	0.5000	moderate	limited	moderate
Ramlibacter rhizophilus	moderate	limited	moderate	NA	limited	limited	NA	limited	NA	NA	limited	NA	limited	limited	0.1429	7	0.4167	moderate	limited	limited
Mesorhizobium atlanticum	moderate	limited	moderate	limited	limited	limited	limited	limited	limited	limited	limited	NA	limited	limited	0.0909	11	0.0833	moderate	limited	limited
Vibrio aquaticus	NA	NA	NA	NA	NA	NA	NA	NA	NA	NA	NA	NA	NA	NA	nan	0	1.0000			
Brachybacterium kimchii	moderate	limited	moderate	limited	limited	limited	limited	limited	limited	limited	limited	limited	moderate	limited	0.1667	12	0.0000	moderate	limited	limited
Paenibacillus zeisoli	limited	limited	moderate	limited	limited	NA	NA	limited	NA	NA	limited	NA	moderate	limited	0.2857	7	0.4167	moderate	limited	limited
Polynucleobacter sinensis	moderate	NA	NA	NA	limited	NA	NA	limited	limited	NA	NA	NA	NA	limited	0.0000	3	0.7500	limited	limited	limited
Flavobacterium restrictum	moderate	limited	moderate	NA	limited	limited	limited	limited	limited	limited	limited	NA	moderate	limited	0.2000	10	0.1667	moderate	limited	limited
Pusillimonas soli	limited	limited	moderate	limited	limited	limited	NA	limited	NA	NA	NA	NA	limited	limited	0.1429	7	0.4167	moderate	limited	limited
Microbulbifer taiwanensis	moderate	NA	NA	limited	limited	NA	NA	limited	NA	NA	NA	NA	NA	limited	0.0000	3	0.7500	limited	limited	limited
Mycolicibacterium conceptionense	extensive	NA	moderate	moderate	moderate	limited	limited	moderate	limited	limited	limited	limited	moderate	limited	0.4545	11	0.0833	moderate	limited	limited
Brucella haematophila	moderate	limited	moderate	limited	limited	limited	limited	limited	limited	NA	NA	NA	limited	limited	0.1111	9	0.2500	moderate	limited	limited
Saccharomonospora piscinae	limited	NA	moderate	limited	limited	NA	NA	limited	NA	NA	NA	limited	limited	limited	0.1667	6	0.5000	moderate	limited	limited
Micrococcus porci	limited	NA	NA	limited	limited	limited	limited	limited	limited	NA	limited	limited	limited	limited	0.0000	9	0.2500	limited	limited	limited
Yersinia proxima	moderate	NA	moderate	limited	limited	limited	limited	limited	NA	limited	limited	limited	limited	limited	0.1000	10	0.1667	moderate	limited	limited
Shinella fusca	moderate	NA	NA	limited	limited	limited	NA	limited	limited	NA	limited	NA	NA	limited	0.0000	6	0.5000	limited	limited	limited
Amycolatopsis bullii	NA	NA	NA	NA	limited	NA	NA	limited	NA	NA	NA	NA	NA	NA	nan	2	0.8333			
Erwinia endophytica	moderate	NA	NA	NA	limited	NA	NA	limited	NA	NA	limited	NA	NA	limited	0.0000	3	0.7500	limited	limited	limited
Dyella tabacisoli	NA	NA	NA	NA	NA	NA	NA	limited	NA	NA	NA	NA	NA	NA	nan	1	0.9167			
Rhizobium changzhiense	moderate	NA	limited	limited	NA	NA	NA	limited	NA	NA	limited	NA	limited	limited	0.0000	5	0.5833	limited	limited	limited
Kocuria oceani	moderate	NA	moderate	NA	limited	limited	NA	limited	limited	NA	limited	NA	limited	limited	0.1429	7	0.4167	moderate	limited	limited
Sphingomonas kyungheensis	limited	NA	moderate	limited	limited	NA	NA	limited	NA	NA	limited	limited	limited	limited	0.1429	7	0.4167	moderate	limited	limited
Mycolicibacter senuensis	moderate	NA	limited	limited	limited	limited	limited	limited	limited	NA	limited	limited	NA	limited	0.0000	9	0.2500	limited	limited	limited
Lactococcus reticulitermitis	limited	NA	NA	NA	NA	NA	NA	limited	NA	NA	NA	NA	NA	NA	nan	1	0.9167			
Nocardia sungurluensis	NA	NA	moderate	NA	NA	NA	NA	limited	NA	NA	NA	NA	limited	limited	0.3333	3	0.7500	moderate	limited	limited
Nonomuraea guangzhouensis	NA	NA	NA	NA	limited	NA	NA	NA	NA	NA	NA	NA	NA	NA	nan	1	0.9167			
Limosilactobacillus agrestis	moderate	limited	moderate	limited	limited	limited	limited	limited	limited	limited	limited	limited	moderate	limited	0.1667	12	0.0000	moderate	limited	limited
Photobacterium aplysiae	moderate	NA	moderate	NA	limited	NA	NA	limited	NA	NA	NA	NA	moderate	moderate	0.5000	4	0.6667	moderate	limited	moderate
Mesorhizobium neociceri	moderate	moderate	moderate	limited	limited	limited	limited	limited	limited	moderate	limited	NA	moderate	limited	0.3636	11	0.0833	moderate	limited	limited
Dietzia aerolata	moderate	limited	NA	limited	limited	NA	limited	limited	limited	NA	NA	NA	NA	limited	0.0000	6	0.5000	limited	limited	limited
Pigmentiphaga humi	NA	NA	NA	NA	limited	NA	NA	limited	NA	NA	NA	NA	NA	NA	nan	2	0.8333			
Mesorhizobium sophorae	moderate	NA	moderate	limited	limited	limited	limited	limited	limited	NA	limited	limited	limited	limited	0.1000	10	0.1667	moderate	limited	limited
Paenibacillus wenxiniae	moderate	NA	moderate	limited	limited	limited	limited	limited	limited	limited	limited	limited	moderate	limited	0.1818	11	0.0833	moderate	limited	limited
Saccharothrix hoggarensis	NA	NA	NA	NA	limited	NA	NA	NA	NA	NA	NA	NA	NA	NA	nan	1	0.9167			
Duganella lactea	moderate	NA	moderate	NA	NA	NA	limited	limited	limited	NA	limited	NA	NA	limited	0.2000	5	0.5833	moderate	limited	limited
Alkalihalophilus marmarensis	NA	NA	NA	NA	NA	NA	NA	NA	NA	NA	NA	NA	NA	NA	nan	0	1.0000			
Micromonospora sediminis	moderate	NA	moderate	NA	limited	limited	NA	limited	limited	NA	NA	NA	NA	limited	0.2000	5	0.5833	moderate	limited	limited
Mycolicibacterium setense	extensive	moderate	moderate	moderate	moderate	moderate	moderate	moderate	limited	limited	limited	limited	moderate	moderate	0.6667	12	0.0000	moderate	limited	moderate
Rhodococcus artemisiae	limited	NA	moderate	limited	limited	limited	NA	limited	limited	NA	NA	limited	limited	limited	0.1250	8	0.3333	moderate	limited	limited
Micromonospora radicis	moderate	NA	moderate	limited	limited	limited	limited	limited	limited	NA	limited	limited	limited	limited	0.1000	10	0.1667	moderate	limited	limited
Nonomuraea roseola	NA	NA	NA	NA	limited	NA	NA	limited	NA	NA	NA	NA	NA	NA	nan	2	0.8333			
Rhodococcus nanhaiensis	moderate	limited	moderate	limited	limited	limited	NA	limited	NA	NA	limited	limited	moderate	limited	0.2222	9	0.2500	moderate	limited	limited
Vitiosangium cumulatum	NA	NA	NA	NA	NA	NA	NA	NA	NA	NA	NA	NA	NA	NA	nan	0	1.0000			
Yaniella halotolerans	moderate	limited	moderate	moderate	limited	limited	NA	limited	limited	NA	limited	NA	limited	limited	0.2222	9	0.2500	moderate	limited	limited
Janthinobacterium violaceinigrum	moderate	moderate	moderate	limited	limited	moderate	limited	limited	limited	limited	limited	limited	moderate	limited	0.3333	12	0.0000	moderate	limited	limited
Halorubrum halodurans	extensive	moderate	moderate	moderate	moderate	limited	limited	limited	limited	NA	NA	limited	moderate	moderate	0.5000	10	0.1667	moderate	limited	moderate
Mycolicibacterium tusciae	moderate	limited	moderate	moderate	moderate	limited	limited	limited	limited	limited	limited	limited	moderate	limited	0.3333	12	0.0000	moderate	limited	limited
Galactobacter valiniphilus	NA	NA	NA	NA	limited	NA	NA	limited	NA	NA	NA	NA	NA	NA	nan	2	0.8333			
Marihabitans asiaticum	NA	NA	NA	NA	limited	NA	NA	limited	NA	NA	NA	NA	NA	NA	nan	2	0.8333			
Pseudarthrobacter scleromae	moderate	limited	moderate	limited	limited	limited	limited	limited	limited	limited	limited	limited	limited	limited	0.0833	12	0.0000	moderate	limited	limited
Mesocricetibacter intestinalis	limited	NA	NA	NA	NA	NA	NA	NA	NA	NA	NA	NA	NA	NA	nan	0	1.0000			
Halochromatium glycolicum	moderate	moderate	moderate	moderate	limited	limited	NA	limited	NA	NA	NA	NA	moderate	moderate	0.5714	7	0.4167	moderate	limited	moderate
Mycolicibacterium llatzerense	moderate	limited	moderate	limited	limited	limited	limited	limited	limited	NA	limited	limited	moderate	limited	0.1818	11	0.0833	moderate	limited	limited
Pusillimonas harenae	limited	NA	NA	NA	limited	NA	NA	limited	NA	NA	NA	NA	limited	limited	0.0000	3	0.7500	limited	limited	limited
Bordetella tumbae	NA	NA	NA	NA	NA	NA	NA	limited	limited	NA	NA	NA	NA	NA	nan	2	0.8333			
Photobacterium malacitanum	moderate	NA	moderate	limited	limited	NA	NA	limited	limited	NA	NA	NA	limited	limited	0.1667	6	0.5000	moderate	limited	limited
Dyella choica	limited	NA	NA	NA	limited	NA	NA	limited	NA	NA	NA	NA	NA	NA	nan	2	0.8333			
Borreliella californiensis	moderate	limited	NA	limited	limited	limited	limited	limited	NA	limited	NA	NA	limited	limited	0.0000	8	0.3333	limited	limited	limited
Amycolatopsis oliviviridis	NA	NA	NA	NA	NA	NA	NA	limited	NA	NA	NA	NA	NA	NA	nan	1	0.9167			
Streptococcus catagoni	NA	limited	moderate	limited	limited	limited	limited	limited	limited	NA	limited	limited	moderate	limited	0.1818	11	0.0833	moderate	limited	limited
Xylanimicrobium pachnodae	limited	limited	NA	limited	limited	NA	NA	limited	NA	NA	NA	NA	limited	limited	0.0000	5	0.5833	limited	limited	limited
Nonomuraea angiospora	limited	NA	NA	NA	limited	NA	NA	limited	limited	NA	NA	NA	NA	limited	0.0000	3	0.7500	limited	limited	limited
Galactobacter caseinivorans	NA	NA	NA	NA	limited	NA	NA	NA	NA	NA	NA	NA	NA	NA	nan	1	0.9167			
Actinokineospora baliensis	limited	limited	NA	NA	limited	NA	NA	limited	NA	NA	NA	NA	limited	limited	0.0000	4	0.6667	limited	limited	limited
Novosphingobium arabidopsis	moderate	NA	NA	limited	limited	NA	limited	limited	NA	NA	NA	NA	limited	limited	0.0000	5	0.5833	limited	limited	limited
Frateuria edaphi	limited	NA	NA	limited	limited	limited	NA	limited	NA	NA	limited	NA	limited	limited	0.0000	6	0.5000	limited	limited	limited
Okibacterium endophyticum	limited	NA	NA	NA	limited	NA	NA	limited	limited	NA	NA	NA	NA	limited	0.0000	3	0.7500	limited	limited	limited
Photobacterium andalusiense	moderate	NA	moderate	limited	limited	limited	limited	limited	NA	NA	NA	limited	moderate	limited	0.2500	8	0.3333	moderate	limited	limited
Goodfellowiella coeruleoviolacea	limited	NA	NA	NA	NA	NA	NA	limited	NA	limited	NA	NA	limited	limited	0.0000	3	0.7500	limited	limited	limited
Bradyrhizobium murdochi	moderate	moderate	moderate	moderate	limited	limited	limited	limited	limited	moderate	limited	limited	moderate	limited	0.4167	12	0.0000	moderate	limited	limited
Planomicrobium psychrophilum	moderate	limited	moderate	limited	moderate	limited	limited	limited	limited	limited	limited	limited	moderate	limited	0.2500	12	0.0000	moderate	limited	limited
Limosilactobacillus equigenerosi	moderate	NA	NA	limited	NA	NA	limited	limited	NA	NA	limited	limited	limited	limited	0.0000	6	0.5000	limited	limited	limited
Pseudoclavibacter chungangensis	limited	NA	NA	NA	limited	limited	NA	limited	limited	NA	limited	NA	NA	limited	0.0000	5	0.5833	limited	limited	limited
Gluconobacter aidae	NA	NA	NA	NA	NA	NA	NA	limited	NA	NA	NA	NA	NA	NA	nan	1	0.9167			
Promicromonospora xylanilytica	limited	limited	moderate	limited	limited	NA	NA	limited	limited	NA	limited	NA	NA	limited	0.1429	7	0.4167	moderate	limited	limited
Kutzneria chonburiensis	limited	NA	NA	NA	limited	NA	NA	limited	NA	NA	NA	NA	NA	NA	nan	2	0.8333			
Polynucleobacter rarus	moderate	limited	NA	NA	limited	limited	limited	limited	limited	NA	NA	NA	NA	limited	0.0000	6	0.5000	limited	limited	limited
Streptococcus dentiloxodontae	NA	NA	NA	NA	NA	NA	NA	NA	NA	NA	NA	NA	NA	NA	nan	0	1.0000			
Comamonas sediminis	moderate	NA	moderate	NA	limited	NA	limited	limited	limited	NA	NA	limited	limited	limited	0.1429	7	0.4167	moderate	limited	limited
Bordetella tumulicola	NA	NA	NA	NA	limited	limited	NA	limited	limited	NA	NA	NA	limited	limited	0.0000	5	0.5833	limited	limited	limited
Brachybacterium zhongshanense	limited	limited	moderate	limited	limited	limited	NA	limited	limited	limited	limited	limited	limited	limited	0.0909	11	0.0833	moderate	limited	limited
Comamonas guangdongensis	NA	NA	NA	NA	NA	NA	NA	NA	NA	NA	limited	NA	NA	NA	nan	1	0.9167			
Komagataeibacter diospyri	moderate	limited	moderate	limited	limited	limited	NA	limited	limited	NA	NA	NA	limited	limited	0.1250	8	0.3333	moderate	limited	limited
Nocardia aurantiaca	moderate	limited	moderate	NA	limited	limited	limited	limited	NA	NA	NA	limited	moderate	limited	0.2500	8	0.3333	moderate	limited	limited
Leptospira langatensis	moderate	NA	NA	NA	limited	NA	limited	limited	NA	limited	NA	NA	moderate	limited	0.2000	5	0.5833	moderate	limited	limited
Rhizobacter fulvus	NA	NA	NA	NA	limited	NA	NA	limited	limited	NA	NA	NA	NA	limited	0.0000	3	0.7500	limited	limited	limited
Kocuria tytonis	limited	NA	NA	NA	limited	limited	NA	limited	limited	NA	NA	NA	limited	limited	0.0000	5	0.5833	limited	limited	limited
Nonomuraea salmonea	NA	NA	NA	NA	NA	NA	NA	limited	NA	NA	NA	NA	NA	NA	nan	1	0.9167			
Rhodococcus electrodiphilus	NA	limited	moderate	NA	limited	limited	NA	limited	limited	NA	limited	limited	limited	limited	0.1111	9	0.2500	moderate	limited	limited
Kribbella alba	moderate	NA	moderate	limited	limited	NA	NA	limited	NA	NA	limited	limited	limited	limited	0.1429	7	0.4167	moderate	limited	limited
Dyella psychrodurans	moderate	NA	NA	NA	limited	limited	NA	limited	NA	NA	limited	NA	NA	limited	0.0000	4	0.6667	limited	limited	limited
Falsibacillus albus	limited	NA	NA	NA	NA	NA	NA	limited	limited	NA	NA	NA	NA	NA	nan	2	0.8333			
Gordonia hankookensis	limited	NA	NA	NA	limited	NA	NA	limited	NA	NA	NA	NA	limited	limited	0.0000	3	0.7500	limited	limited	limited
Epilithonimonas hominis	limited	NA	NA	limited	limited	NA	NA	limited	limited	NA	limited	NA	limited	limited	0.0000	6	0.5000	limited	limited	limited
Pseudoxanthomonas sacheonensis	moderate	NA	moderate	NA	limited	limited	NA	limited	NA	NA	limited	NA	limited	limited	0.1667	6	0.5000	moderate	limited	limited
Microbacterium hibisci	limited	limited	moderate	limited	limited	limited	NA	limited	NA	limited	limited	limited	limited	limited	0.1000	10	0.1667	moderate	limited	limited
Serratia aquatilis	limited	NA	NA	NA	limited	NA	NA	limited	limited	NA	NA	NA	NA	limited	0.0000	3	0.7500	limited	limited	limited
Gulosibacter macacae	limited	NA	NA	limited	limited	NA	NA	limited	NA	NA	NA	NA	NA	limited	0.0000	3	0.7500	limited	limited	limited
Kribbella swartbergensis	limited	NA	NA	NA	limited	NA	NA	limited	NA	NA	NA	NA	NA	NA	nan	2	0.8333			
Microbulbifer echini	limited	NA	NA	NA	limited	limited	NA	limited	NA	NA	NA	NA	NA	limited	0.0000	3	0.7500	limited	limited	limited
Planococcus salinus	moderate	NA	limited	limited	limited	limited	NA	limited	limited	NA	NA	limited	moderate	limited	0.1250	8	0.3333	moderate	limited	limited
Pseudoalteromonas gelatinilytica	moderate	limited	moderate	limited	limited	limited	limited	limited	limited	limited	limited	NA	limited	limited	0.0909	11	0.0833	moderate	limited	limited
Micromonospora zingiberis	NA	NA	NA	limited	limited	NA	NA	limited	limited	NA	NA	NA	limited	limited	0.0000	5	0.5833	limited	limited	limited
Flavobacterium kayseriense	NA	NA	moderate	limited	limited	limited	limited	limited	limited	NA	limited	NA	moderate	limited	0.2222	9	0.2500	moderate	limited	limited
Kribbella lupini	limited	NA	NA	NA	limited	NA	NA	limited	NA	NA	NA	NA	NA	NA	nan	2	0.8333			
Dyella monticola	moderate	NA	NA	NA	limited	limited	NA	limited	limited	NA	NA	NA	NA	limited	0.0000	4	0.6667	limited	limited	limited
Aquamicrobium terrae	moderate	NA	moderate	NA	limited	limited	NA	limited	limited	limited	limited	NA	limited	limited	0.1250	8	0.3333	moderate	limited	limited
Flavobacterium gawalongense	limited	NA	limited	NA	limited	NA	NA	limited	NA	NA	NA	limited	limited	limited	0.0000	5	0.5833	limited	limited	limited
Halochromatium roseum	moderate	NA	NA	moderate	limited	limited	NA	limited	NA	NA	NA	NA	moderate	limited	0.4000	5	0.5833	moderate	limited	limited
Mannheimia caviae	moderate	NA	moderate	moderate	limited	limited	limited	limited	limited	NA	NA	NA	limited	limited	0.2500	8	0.3333	moderate	limited	limited
Kribbella ginsengisoli	limited	NA	moderate	limited	limited	NA	NA	limited	NA	NA	NA	limited	limited	limited	0.1667	6	0.5000	moderate	limited	limited
Limosilactobacillus fastidiosus	moderate	limited	NA	limited	limited	limited	NA	limited	limited	limited	NA	limited	limited	limited	0.0000	9	0.2500	limited	limited	limited
Gibbsiella dentisursi	NA	NA	NA	NA	NA	NA	NA	limited	NA	NA	NA	NA	NA	NA	nan	1	0.9167			
Bifidobacterium porcinum	moderate	limited	moderate	limited	limited	limited	limited	limited	limited	limited	limited	limited	limited	limited	0.0833	12	0.0000	moderate	limited	limited
Mycolicibacterium canariasense	moderate	limited	moderate	moderate	limited	limited	limited	limited	limited	limited	limited	limited	moderate	limited	0.2500	12	0.0000	moderate	limited	limited
Marinobacter profundi	moderate	NA	NA	moderate	moderate	limited	NA	limited	NA	NA	NA	NA	limited	limited	0.4000	5	0.5833	moderate	limited	limited
Actinomadura scrupuli	limited	limited	limited	NA	limited	NA	NA	limited	NA	NA	NA	NA	NA	limited	0.0000	4	0.6667	limited	limited	limited
Kocuria uropygioeca	NA	NA	moderate	NA	NA	NA	NA	limited	NA	NA	NA	NA	NA	NA	nan	2	0.8333			
Trinickia dinghuensis	NA	NA	NA	NA	limited	NA	NA	limited	NA	NA	NA	NA	NA	NA	nan	2	0.8333			
Micromonospora phaseoli	moderate	NA	moderate	NA	limited	NA	NA	limited	NA	limited	limited	limited	limited	limited	0.1429	7	0.4167	moderate	limited	limited
Legionella qingyii	limited	NA	limited	NA	limited	NA	limited	limited	limited	NA	NA	NA	limited	limited	0.0000	6	0.5000	limited	limited	limited
Paenibacillus farraposensis	limited	NA	NA	limited	limited	NA	NA	limited	NA	NA	NA	NA	limited	limited	0.0000	4	0.6667	limited	limited	limited
Prevotella vespertina	moderate	NA	NA	NA	NA	NA	NA	limited	NA	NA	NA	NA	limited	NA	nan	2	0.8333			
Novosphingobium aerophilum	moderate	limited	moderate	NA	limited	NA	limited	limited	limited	NA	NA	limited	moderate	limited	0.2500	8	0.3333	moderate	limited	limited
Rhodococcus canchipurensis	limited	limited	moderate	limited	limited	limited	limited	limited	limited	limited	limited	limited	limited	limited	0.0833	12	0.0000	moderate	limited	limited
Paraburkholderia lacunae	moderate	NA	moderate	NA	limited	NA	NA	limited	NA	NA	NA	NA	limited	limited	0.2500	4	0.6667	moderate	limited	limited
Ampullimonas aquatilis	NA	NA	NA	NA	NA	NA	NA	NA	NA	NA	NA	NA	NA	NA	nan	0	1.0000			
Trueperella bonasi	NA	NA	limited	NA	NA	limited	limited	limited	NA	NA	NA	NA	NA	limited	0.0000	4	0.6667	limited	limited	limited
Mesorhizobium newzealandense	moderate	limited	moderate	limited	limited	limited	limited	limited	limited	moderate	limited	limited	moderate	limited	0.2500	12	0.0000	moderate	limited	limited
Leptospira semungkisensis	NA	NA	NA	NA	limited	NA	NA	limited	NA	NA	NA	NA	limited	limited	0.0000	3	0.7500	limited	limited	limited
Qipengyuania spongiae	limited	NA	NA	NA	limited	limited	limited	limited	limited	NA	NA	NA	NA	limited	0.0000	5	0.5833	limited	limited	limited
Campylobacter estrildidarum	NA	NA	NA	NA	NA	NA	limited	limited	NA	NA	NA	NA	limited	limited	0.0000	3	0.7500	limited	limited	limited
Nonomuraea rhizophila	moderate	NA	NA	NA	limited	limited	NA	limited	NA	NA	NA	NA	NA	limited	0.0000	3	0.7500	limited	limited	limited
Rhodococcus pedocola	NA	limited	moderate	NA	limited	NA	NA	NA	NA	NA	NA	NA	limited	limited	0.2500	4	0.6667	moderate	limited	limited
Acinetobacter rathckeae	moderate	limited	moderate	limited	limited	limited	limited	limited	limited	limited	limited	limited	limited	limited	0.0833	12	0.0000	moderate	limited	limited
Arcanobacterium buesumense	NA	NA	NA	limited	NA	NA	NA	limited	NA	NA	NA	NA	limited	limited	0.0000	3	0.7500	limited	limited	limited
Mycobacterium senriense	NA	NA	limited	NA	limited	NA	NA	limited	NA	NA	NA	limited	limited	limited	0.0000	5	0.5833	limited	limited	limited
Alcaligenes endophyticus	moderate	NA	moderate	NA	limited	limited	NA	limited	NA	NA	limited	limited	limited	limited	0.1429	7	0.4167	moderate	limited	limited
Mesorhizobium terrae	moderate	limited	moderate	limited	limited	limited	limited	limited	limited	limited	limited	limited	moderate	limited	0.1667	12	0.0000	moderate	limited	limited
Castellaniella daejeonensis	moderate	NA	NA	NA	limited	limited	NA	limited	limited	NA	NA	NA	limited	limited	0.0000	5	0.5833	limited	limited	limited
Vibrio olivae	NA	NA	NA	NA	limited	NA	NA	NA	NA	NA	NA	NA	NA	NA	nan	1	0.9167			
Rhodococcus antrifimi	limited	limited	moderate	limited	limited	limited	limited	limited	limited	NA	limited	NA	limited	limited	0.1000	10	0.1667	moderate	limited	limited
Nonomuraea helvata	NA	limited	NA	NA	limited	NA	NA	limited	limited	limited	NA	NA	NA	limited	0.0000	5	0.5833	limited	limited	limited
Paraburkholderia acidicola	moderate	NA	moderate	NA	limited	NA	NA	limited	limited	NA	NA	NA	limited	limited	0.2000	5	0.5833	moderate	limited	limited
Paenibacillus faecalis	moderate	limited	moderate	limited	limited	limited	limited	limited	limited	limited	limited	limited	moderate	limited	0.1667	12	0.0000	moderate	limited	limited
Nonomuraea africana	NA	NA	NA	NA	limited	NA	NA	limited	NA	NA	NA	NA	NA	NA	nan	2	0.8333			
Paenibacillus hispanicus	moderate	limited	moderate	limited	limited	limited	NA	limited	limited	NA	limited	limited	limited	limited	0.1000	10	0.1667	moderate	limited	limited
Polynucleobacter victoriensis	limited	limited	limited	limited	limited	NA	NA	limited	limited	NA	limited	NA	limited	limited	0.0000	8	0.3333	limited	limited	limited
Bifidobacterium olomucense	moderate	limited	moderate	limited	limited	NA	limited	limited	limited	NA	limited	limited	limited	limited	0.1000	10	0.1667	moderate	limited	limited
Pseudoalteromonas caenipelagi	moderate	limited	moderate	limited	limited	limited	limited	limited	limited	limited	NA	limited	limited	limited	0.0909	11	0.0833	moderate	limited	limited
Actinokineospora globicatena	moderate	limited	moderate	limited	NA	limited	NA	limited	limited	NA	limited	limited	limited	limited	0.1111	9	0.2500	moderate	limited	limited
Prescottella defluvii	NA	NA	NA	NA	limited	NA	NA	limited	NA	NA	NA	NA	NA	NA	nan	2	0.8333			
Cytobacillus depressus	moderate	NA	moderate	limited	limited	limited	limited	limited	limited	limited	limited	limited	moderate	limited	0.1818	11	0.0833	moderate	limited	limited
Psychromicrobium silvestre	NA	NA	NA	NA	limited	NA	NA	limited	NA	NA	NA	NA	NA	NA	nan	2	0.8333			
Nocardiopsis eucommiae	moderate	NA	NA	NA	limited	NA	NA	limited	NA	NA	NA	limited	limited	limited	0.0000	4	0.6667	limited	limited	limited
Kribbella capetownensis	limited	NA	NA	NA	limited	NA	NA	limited	NA	NA	NA	NA	NA	NA	nan	2	0.8333			
Trichococcus shcherbakoviae	NA	NA	NA	NA	NA	NA	NA	NA	NA	NA	NA	NA	NA	NA	nan	0	1.0000			
Promicromonospora alba	moderate	limited	moderate	limited	limited	limited	limited	limited	limited	limited	limited	limited	limited	limited	0.0833	12	0.0000	moderate	limited	limited
Chelativorans intermedius	NA	NA	NA	NA	NA	NA	NA	NA	NA	NA	NA	NA	NA	NA	nan	0	1.0000			
Sphingobium qiguonii	NA	NA	NA	NA	limited	NA	NA	limited	NA	NA	NA	NA	NA	NA	nan	2	0.8333			
Paenibacillus zeae	moderate	NA	moderate	limited	limited	NA	limited	limited	limited	limited	limited	limited	moderate	limited	0.2000	10	0.1667	moderate	limited	limited
Yersinia artesiana	NA	NA	NA	NA	limited	limited	NA	limited	NA	NA	NA	NA	NA	limited	0.0000	3	0.7500	limited	limited	limited
Novosphingopyxis baekryungensis	limited	limited	NA	NA	NA	NA	NA	limited	NA	NA	NA	NA	limited	limited	0.0000	3	0.7500	limited	limited	limited
Mycolicibacterium sphagni	moderate	limited	moderate	limited	moderate	NA	limited	limited	limited	NA	limited	limited	moderate	limited	0.3000	10	0.1667	moderate	limited	limited
Flavobacterium psychroterrae	limited	NA	limited	NA	NA	NA	limited	limited	limited	NA	limited	limited	limited	limited	0.0000	7	0.4167	limited	limited	limited
Bradyrhizobium australafricanum	moderate	moderate	moderate	moderate	limited	limited	limited	limited	limited	moderate	limited	limited	moderate	limited	0.4167	12	0.0000	moderate	limited	limited
Novosphingobium naphthae	moderate	NA	moderate	NA	limited	limited	NA	limited	NA	NA	NA	NA	limited	limited	0.2000	5	0.5833	moderate	limited	limited
Sphingomonas hominis	moderate	limited	moderate	limited	limited	limited	limited	limited	limited	NA	limited	limited	limited	limited	0.0909	11	0.0833	moderate	limited	limited
Rubrivivax albus	moderate	limited	moderate	moderate	limited	limited	NA	limited	limited	limited	limited	NA	moderate	limited	0.3000	10	0.1667	moderate	limited	limited
Actinomadura xylanilytica	moderate	NA	moderate	NA	limited	NA	NA	limited	limited	NA	NA	NA	NA	limited	0.2500	4	0.6667	moderate	limited	limited
Bartonella florencae	NA	NA	NA	NA	limited	limited	limited	limited	NA	NA	NA	NA	limited	limited	0.0000	5	0.5833	limited	limited	limited
Psychromonas profunda	moderate	moderate	NA	moderate	limited	NA	NA	limited	limited	limited	NA	NA	moderate	limited	0.4286	7	0.4167	moderate	limited	limited
Legionella saoudiensis	NA	NA	limited	NA	NA	NA	NA	limited	NA	NA	NA	NA	NA	NA	nan	2	0.8333			
Paraburkholderia panacisoli	moderate	NA	moderate	limited	limited	NA	limited	limited	NA	NA	NA	NA	NA	limited	0.2000	5	0.5833	moderate	limited	limited
Mycobacterium aquiterrae	moderate	limited	limited	limited	limited	limited	limited	limited	limited	NA	NA	limited	limited	limited	0.0000	10	0.1667	limited	limited	limited
Polynucleobacter hirudinilacicola	limited	NA	NA	NA	limited	NA	NA	limited	NA	NA	NA	NA	NA	NA	nan	2	0.8333			
Haloparvum sedimenti	NA	limited	NA	NA	limited	NA	NA	NA	NA	NA	NA	NA	NA	NA	nan	2	0.8333			
Isoptericola cucumis	limited	NA	NA	limited	limited	NA	limited	limited	NA	NA	NA	limited	moderate	limited	0.1667	6	0.5000	moderate	limited	limited
Flavobacterium inkyongense	limited	limited	moderate	limited	limited	limited	limited	limited	limited	limited	limited	limited	moderate	limited	0.1667	12	0.0000	moderate	limited	limited
Mesobacillus zeae	limited	NA	NA	NA	limited	limited	NA	limited	NA	NA	NA	NA	NA	limited	0.0000	3	0.7500	limited	limited	limited
Azospirillum cavernae	NA	NA	moderate	NA	NA	NA	NA	limited	limited	NA	limited	NA	limited	limited	0.2000	5	0.5833	moderate	limited	limited
Trinickia dabaoshanensis	NA	NA	NA	NA	NA	NA	NA	NA	NA	NA	NA	NA	NA	NA	nan	0	1.0000			
Borreliella yangtzensis	NA	NA	NA	NA	limited	NA	NA	limited	NA	NA	NA	NA	NA	NA	nan	2	0.8333			
Micromonospora luteiviridis	moderate	NA	NA	NA	limited	NA	NA	limited	NA	NA	limited	limited	limited	limited	0.0000	5	0.5833	limited	limited	limited
Polynucleobacter antarcticus	limited	NA	NA	NA	NA	NA	NA	limited	NA	NA	NA	NA	NA	NA	nan	1	0.9167			
Brevibacterium daeguense	limited	NA	NA	limited	NA	NA	NA	limited	NA	NA	limited	NA	limited	limited	0.0000	4	0.6667	limited	limited	limited
Mycolicibacterium neworleansense	limited	limited	limited	moderate	moderate	limited	limited	limited	limited	limited	limited	limited	moderate	limited	0.2500	12	0.0000	moderate	limited	limited
Gordonia didemni	moderate	NA	NA	NA	limited	NA	NA	limited	limited	limited	limited	NA	NA	limited	0.0000	5	0.5833	limited	limited	limited
Paraburkholderia dilworthii	moderate	limited	moderate	NA	limited	NA	NA	limited	limited	NA	limited	NA	limited	limited	0.1429	7	0.4167	moderate	limited	limited
Haloferax namakaokahaiae	moderate	NA	NA	NA	extensive	NA	NA	limited	NA	NA	NA	NA	NA	NA	nan	2	0.8333			
Streptosporangium saharense	limited	NA	NA	NA	limited	NA	NA	limited	NA	NA	NA	limited	NA	limited	0.0000	3	0.7500	limited	limited	limited
Metabacillus niabensis	moderate	NA	moderate	NA	limited	limited	NA	limited	NA	NA	limited	NA	limited	limited	0.1667	6	0.5000	moderate	limited	limited
Kribbella yunnanensis	limited	NA	NA	NA	limited	NA	NA	limited	NA	NA	NA	NA	NA	NA	nan	2	0.8333			
Yersinia thracica	moderate	limited	moderate	limited	limited	limited	limited	limited	NA	limited	NA	limited	moderate	limited	0.2000	10	0.1667	moderate	limited	limited
Paraburkholderia antibiotica	moderate	NA	moderate	NA	limited	NA	NA	NA	NA	NA	limited	NA	NA	limited	0.3333	3	0.7500	moderate	limited	limited
Pararhizobium antarcticum	moderate	limited	NA	NA	limited	NA	NA	limited	NA	NA	NA	NA	NA	limited	0.0000	3	0.7500	limited	limited	limited
Flavobacterium chryseum	moderate	limited	moderate	limited	limited	limited	limited	limited	limited	limited	limited	limited	moderate	limited	0.1667	12	0.0000	moderate	limited	limited
Paraburkholderia polaris	moderate	NA	moderate	limited	limited	NA	NA	limited	limited	NA	NA	NA	moderate	limited	0.3333	6	0.5000	moderate	limited	limited
Salinispora mooreana	limited	NA	NA	NA	limited	NA	NA	NA	NA	NA	NA	NA	NA	NA	nan	1	0.9167			
Salinispora fenicalii	moderate	NA	NA	NA	limited	NA	NA	limited	NA	NA	NA	NA	NA	NA	nan	2	0.8333			
Vibrio nitrifigilis	NA	NA	NA	NA	limited	NA	NA	limited	NA	NA	NA	NA	NA	NA	nan	2	0.8333			
Acidibrevibacterium fodinaquatile	NA	limited	NA	NA	limited	NA	NA	limited	NA	NA	NA	NA	NA	limited	0.0000	3	0.7500	limited	limited	limited
Polynucleobacter meluiroseus	moderate	NA	NA	NA	limited	NA	NA	limited	limited	NA	NA	NA	NA	limited	0.0000	3	0.7500	limited	limited	limited
Halorubrum ejinorense	moderate	limited	NA	limited	moderate	limited	NA	limited	limited	NA	NA	NA	NA	limited	0.1667	6	0.5000	moderate	limited	limited
Sphingobium subterraneum	moderate	NA	moderate	limited	limited	NA	NA	limited	limited	NA	limited	NA	limited	limited	0.1429	7	0.4167	moderate	limited	limited
Herminiimonas aquatilis	moderate	limited	NA	moderate	limited	limited	NA	limited	limited	NA	NA	NA	limited	limited	0.1429	7	0.4167	moderate	limited	limited
Gordonia spumicola	moderate	NA	moderate	limited	limited	limited	limited	limited	limited	NA	limited	limited	limited	limited	0.1000	10	0.1667	moderate	limited	limited
Kaistia terrae	limited	NA	NA	NA	limited	limited	NA	limited	limited	NA	NA	NA	limited	limited	0.0000	5	0.5833	limited	limited	limited
Caenimicrobium hargitense	NA	NA	NA	NA	NA	NA	NA	limited	NA	NA	NA	NA	NA	NA	nan	1	0.9167			
Polynucleobacter campilacus	limited	NA	moderate	NA	limited	NA	limited	limited	limited	NA	NA	NA	limited	limited	0.1667	6	0.5000	moderate	limited	limited
Nocardiopsis fildesensis	limited	limited	NA	limited	moderate	NA	NA	limited	limited	NA	NA	NA	limited	limited	0.1667	6	0.5000	moderate	limited	limited
Oceanimonas marisflavi	moderate	limited	moderate	NA	limited	NA	NA	limited	NA	NA	NA	NA	moderate	limited	0.4000	5	0.5833	moderate	limited	limited
Planotetraspora kaengkrachanensis	NA	NA	NA	NA	limited	NA	NA	limited	NA	NA	NA	NA	NA	NA	nan	2	0.8333			
Helicobacter labacensis	limited	NA	NA	NA	NA	NA	limited	limited	limited	NA	NA	NA	NA	limited	0.0000	3	0.7500	limited	limited	limited
Arhodomonas recens	limited	NA	NA	NA	limited	NA	NA	NA	NA	NA	NA	NA	NA	NA	nan	1	0.9167			
Salinispora oceanensis	moderate	NA	NA	NA	limited	NA	NA	limited	NA	NA	NA	NA	NA	NA	nan	2	0.8333			
Trichococcus ilyis	NA	NA	NA	NA	limited	NA	NA	limited	limited	NA	NA	NA	limited	limited	0.0000	4	0.6667	limited	limited	limited
Mycolicibacter longobardus	moderate	NA	moderate	limited	limited	limited	limited	limited	NA	NA	NA	limited	moderate	limited	0.2500	8	0.3333	moderate	limited	limited
Paludibacterium paludis	NA	NA	NA	NA	NA	NA	NA	NA	NA	NA	NA	NA	NA	NA	nan	0	1.0000			
Pseudoxanthomonas yeongjuensis	moderate	NA	moderate	limited	limited	limited	NA	limited	limited	NA	limited	limited	limited	limited	0.1111	9	0.2500	moderate	limited	limited
Gordonia asplenii	moderate	NA	limited	limited	limited	limited	limited	limited	limited	limited	limited	limited	limited	limited	0.0000	11	0.0833	limited	limited	limited
Salinispora cortesiana	NA	NA	NA	NA	limited	NA	NA	NA	NA	NA	NA	NA	NA	NA	nan	1	0.9167			
Oceaniradius stylonematis	NA	NA	NA	NA	limited	NA	NA	NA	NA	NA	NA	NA	NA	NA	nan	1	0.9167			
Polynucleobacter corsicus	limited	NA	NA	NA	limited	NA	limited	limited	limited	limited	NA	NA	NA	limited	0.0000	5	0.5833	limited	limited	limited
Promicromonospora iranensis	limited	NA	moderate	limited	limited	limited	limited	limited	limited	NA	NA	NA	NA	limited	0.1429	7	0.4167	moderate	limited	limited
Kocuria uropygialis	moderate	NA	moderate	NA	limited	limited	limited	limited	limited	NA	NA	limited	limited	limited	0.1250	8	0.3333	moderate	limited	limited
Microbulbifer okinawensis	limited	NA	NA	limited	limited	NA	NA	limited	NA	NA	NA	NA	limited	limited	0.0000	4	0.6667	limited	limited	limited
Enterococcus crotali	NA	NA	moderate	NA	limited	limited	limited	limited	limited	NA	NA	limited	limited	limited	0.1250	8	0.3333	moderate	limited	limited
Pusillimonas thiosulfatoxidans	moderate	limited	NA	limited	limited	limited	NA	limited	limited	limited	NA	NA	limited	limited	0.0000	8	0.3333	limited	limited	limited
Kribbella endophytica	limited	NA	NA	NA	limited	NA	NA	limited	NA	NA	NA	NA	NA	NA	nan	2	0.8333			
Borreliella lanei	NA	NA	NA	NA	limited	NA	NA	limited	limited	NA	NA	NA	NA	limited	0.0000	3	0.7500	limited	limited	limited
Thiomonas thermosulfata	limited	limited	moderate	moderate	moderate	limited	NA	limited	NA	NA	NA	NA	limited	limited	0.4286	7	0.4167	moderate	limited	limited
Xenorhabdus magdalenensis	NA	NA	NA	NA	NA	NA	NA	NA	NA	NA	NA	NA	NA	NA	nan	0	1.0000			
Polynucleobacter ibericus	limited	NA	NA	NA	limited	limited	limited	limited	limited	NA	NA	NA	limited	limited	0.0000	6	0.5000	limited	limited	limited
Shewanella litoralis	moderate	NA	NA	moderate	limited	NA	NA	limited	limited	NA	NA	NA	limited	limited	0.2000	5	0.5833	moderate	limited	limited
Paludibacterium purpuratum	NA	NA	NA	NA	NA	NA	NA	limited	NA	NA	NA	NA	NA	NA	nan	1	0.9167			
Proteus cibi	NA	NA	NA	NA	NA	NA	NA	NA	NA	NA	NA	NA	NA	NA	nan	0	1.0000			
Saccharomonospora oceani	limited	NA	NA	NA	limited	NA	NA	limited	NA	NA	NA	NA	limited	limited	0.0000	3	0.7500	limited	limited	limited
Mesorhizobium waitakense	moderate	limited	moderate	limited	limited	limited	limited	limited	limited	limited	limited	limited	limited	limited	0.0833	12	0.0000	moderate	limited	limited
Actinomadura sporangiiformans	NA	NA	NA	NA	limited	NA	NA	limited	NA	NA	NA	NA	NA	NA	nan	2	0.8333			
Planococcus ruber	moderate	NA	limited	moderate	moderate	limited	NA	limited	limited	limited	limited	limited	moderate	limited	0.3000	10	0.1667	moderate	limited	limited
Paraburkholderia silviterrae	moderate	NA	moderate	NA	limited	NA	NA	limited	limited	NA	NA	NA	limited	limited	0.2000	5	0.5833	moderate	limited	limited
Salinispora goodfellowii	moderate	NA	moderate	NA	limited	limited	NA	limited	limited	NA	NA	NA	limited	limited	0.1667	6	0.5000	moderate	limited	limited
Acinetobacter geminorum	NA	NA	NA	NA	NA	NA	NA	NA	NA	NA	NA	NA	NA	NA	nan	0	1.0000			
Flavobacterium brevivitae	NA	NA	limited	NA	limited	limited	NA	limited	NA	NA	limited	limited	limited	limited	0.0000	7	0.4167	limited	limited	limited
Ramlibacter monticola	limited	NA	NA	NA	limited	limited	NA	limited	limited	NA	limited	NA	limited	limited	0.0000	6	0.5000	limited	limited	limited
Rugosimonospora africana	NA	NA	NA	NA	NA	NA	NA	NA	NA	NA	NA	NA	NA	NA	nan	0	1.0000			
Microbacterium atlanticum	limited	limited	moderate	limited	limited	limited	limited	limited	limited	NA	limited	limited	limited	limited	0.0909	11	0.0833	moderate	limited	limited
Microbacterium aureliae	NA	NA	moderate	NA	limited	limited	NA	limited	limited	NA	limited	limited	limited	limited	0.1250	8	0.3333	moderate	limited	limited
Mesorhizobium olivaresii	moderate	NA	moderate	limited	limited	limited	NA	limited	NA	NA	limited	limited	limited	limited	0.1250	8	0.3333	moderate	limited	limited
Polynucleobacter arcticus	limited	NA	NA	NA	limited	NA	limited	limited	NA	NA	NA	NA	NA	limited	0.0000	3	0.7500	limited	limited	limited
Pseudoalteromonas amylolytica	moderate	limited	moderate	limited	limited	limited	limited	limited	limited	limited	limited	limited	limited	limited	0.0833	12	0.0000	moderate	limited	limited
Mesorhizobium calcicola	moderate	limited	moderate	limited	limited	limited	limited	limited	limited	limited	limited	limited	moderate	limited	0.1667	12	0.0000	moderate	limited	limited
Salinispora vitiensis	moderate	NA	moderate	NA	limited	NA	NA	limited	NA	NA	NA	NA	limited	limited	0.2500	4	0.6667	moderate	limited	limited
Phocaeicola barnesiae	moderate	limited	moderate	limited	limited	limited	limited	limited	limited	NA	NA	NA	limited	limited	0.1111	9	0.2500	moderate	limited	limited
Flavobacterium amniphilum	NA	NA	moderate	NA	limited	limited	limited	limited	limited	NA	limited	NA	limited	limited	0.1250	8	0.3333	moderate	limited	limited
Kocuria salina	moderate	NA	moderate	NA	limited	NA	limited	limited	limited	NA	NA	limited	limited	limited	0.1429	7	0.4167	moderate	limited	limited
Pseudoclavibacter endophyticus	limited	limited	NA	limited	limited	limited	NA	limited	NA	NA	limited	NA	limited	limited	0.0000	7	0.4167	limited	limited	limited
Pseudoclavibacter terrae	limited	limited	limited	NA	limited	limited	NA	limited	limited	NA	NA	NA	NA	limited	0.0000	6	0.5000	limited	limited	limited
Flavobacterium hankyongi	NA	limited	limited	NA	limited	NA	NA	limited	limited	NA	limited	limited	moderate	limited	0.1250	8	0.3333	moderate	limited	limited
Polynucleobacter tropicus	moderate	NA	NA	NA	limited	NA	limited	limited	limited	limited	NA	NA	NA	limited	0.0000	5	0.5833	limited	limited	limited
Kitasatospora cinereorecta	moderate	NA	NA	limited	limited	NA	NA	limited	NA	NA	NA	limited	NA	limited	0.0000	4	0.6667	limited	limited	limited
Nocardia jiangsuensis	NA	NA	moderate	NA	limited	NA	NA	limited	NA	NA	NA	limited	limited	limited	0.2000	5	0.5833	moderate	limited	limited
Helicobacter vulpis	moderate	NA	limited	limited	limited	NA	limited	limited	limited	limited	NA	NA	limited	limited	0.0000	8	0.3333	limited	limited	limited
Dyella kyungheensis	moderate	NA	NA	NA	limited	limited	NA	limited	NA	NA	limited	NA	limited	limited	0.0000	5	0.5833	limited	limited	limited
Polynucleobacter aenigmaticus	limited	NA	NA	NA	NA	NA	limited	limited	NA	NA	NA	NA	NA	NA	nan	2	0.8333			
Sorangium bulgaricum	extensive	NA	NA	NA	limited	limited	NA	limited	NA	NA	limited	NA	NA	limited	0.0000	4	0.6667	limited	limited	limited
Limosilactobacillus urinaemulieris	moderate	limited	limited	limited	limited	limited	NA	limited	NA	NA	NA	NA	limited	limited	0.0000	7	0.4167	limited	limited	limited
Marinobacterium profundum	moderate	moderate	moderate	limited	moderate	limited	NA	limited	limited	NA	NA	NA	moderate	moderate	0.5000	8	0.3333	moderate	limited	moderate
Simulacricoccus ruber	NA	NA	NA	NA	NA	NA	NA	NA	NA	NA	NA	NA	NA	NA	nan	0	1.0000			
Levilactobacillus acidifarinae	moderate	NA	limited	limited	limited	limited	limited	limited	limited	limited	limited	limited	limited	limited	0.0000	11	0.0833	limited	limited	limited
Staphylococcus caledonicus	moderate	limited	NA	limited	limited	limited	limited	limited	limited	NA	NA	limited	limited	limited	0.0000	9	0.2500	limited	limited	limited
Comamonas phosphati	moderate	limited	NA	limited	limited	NA	NA	limited	limited	NA	limited	NA	limited	limited	0.0000	7	0.4167	limited	limited	limited
Staphylococcus durrellii	NA	limited	NA	NA	NA	NA	NA	NA	NA	NA	NA	NA	NA	NA	nan	1	0.9167			
Gillisia marina	limited	limited	NA	NA	limited	NA	NA	limited	NA	NA	NA	NA	limited	limited	0.0000	4	0.6667	limited	limited	limited
Sorangium dawidii	NA	NA	NA	NA	NA	NA	NA	limited	NA	NA	NA	NA	NA	NA	nan	1	0.9167			
Pseudogulbenkiania gefcensis	moderate	limited	limited	limited	limited	limited	NA	limited	limited	limited	limited	NA	limited	limited	0.0000	10	0.1667	limited	limited	limited
Thiomonas islandica	limited	NA	NA	NA	limited	NA	NA	limited	NA	NA	NA	NA	NA	NA	nan	2	0.8333			
Ideonella benzenivorans	moderate	limited	NA	NA	limited	NA	NA	limited	NA	NA	NA	NA	moderate	limited	0.2500	4	0.6667	moderate	limited	limited
Sinomonas halotolerans	moderate	limited	moderate	limited	moderate	limited	NA	limited	NA	NA	NA	NA	limited	limited	0.2857	7	0.4167	moderate	limited	limited
Sorangium arenae	moderate	NA	NA	NA	limited	NA	NA	limited	limited	limited	NA	NA	NA	limited	0.0000	4	0.6667	limited	limited	limited
Sorangium ambruticinum	moderate	NA	NA	limited	limited	NA	NA	limited	limited	NA	NA	NA	NA	limited	0.0000	4	0.6667	limited	limited	limited
Bradyrhizobium ripae	moderate	limited	moderate	NA	limited	limited	NA	limited	NA	NA	limited	NA	limited	limited	0.1429	7	0.4167	moderate	limited	limited
Microterricola pindariensis	NA	NA	NA	NA	NA	NA	NA	NA	NA	NA	NA	NA	NA	NA	nan	0	1.0000			
Nonomuraea cavernae	limited	NA	NA	NA	limited	NA	NA	limited	NA	NA	NA	NA	NA	NA	nan	2	0.8333			
Rugosimonospora acidiphila	NA	NA	NA	NA	NA	NA	NA	NA	NA	NA	NA	NA	NA	NA	nan	0	1.0000			
Leptospira saintgironsiae	limited	NA	NA	NA	limited	NA	limited	limited	NA	NA	NA	NA	limited	limited	0.0000	4	0.6667	limited	limited	limited
Staphylococcus marylandisciuri	NA	limited	NA	limited	limited	NA	limited	limited	NA	limited	limited	limited	limited	limited	0.0000	9	0.2500	limited	limited	limited
Halpernia frigidisoli	NA	NA	NA	NA	NA	NA	NA	NA	NA	NA	NA	NA	NA	NA	nan	0	1.0000			
Halococcus sediminicola	limited	NA	NA	NA	limited	NA	NA	limited	NA	NA	NA	NA	NA	NA	nan	2	0.8333			
Acinetobacter nematophilus	moderate	NA	moderate	NA	limited	limited	limited	limited	limited	NA	limited	limited	limited	limited	0.1111	9	0.2500	moderate	limited	limited
Chromobacterium alkanivorans	moderate	limited	NA	NA	limited	limited	limited	limited	limited	limited	NA	NA	limited	limited	0.0000	8	0.3333	limited	limited	limited
Brevibacillus porteri	limited	NA	moderate	NA	NA	NA	NA	limited	limited	NA	limited	limited	limited	limited	0.1667	6	0.5000	moderate	limited	limited
Borreliella sinica	NA	NA	NA	NA	limited	NA	NA	NA	NA	NA	NA	NA	NA	NA	nan	1	0.9167			
Sorangium orientale	NA	NA	NA	NA	NA	NA	NA	limited	NA	NA	NA	NA	NA	NA	nan	1	0.9167			
Leptospira sarikeiensis	limited	NA	NA	limited	limited	NA	limited	limited	limited	NA	NA	NA	moderate	limited	0.1667	6	0.5000	moderate	limited	limited
Brevibacillus schisleri	limited	NA	NA	NA	NA	NA	NA	limited	limited	NA	NA	limited	limited	limited	0.0000	4	0.6667	limited	limited	limited
Listeria ilorinensis	moderate	NA	moderate	NA	limited	NA	NA	limited	limited	NA	NA	NA	moderate	limited	0.4000	5	0.5833	moderate	limited	limited
Borreliella americana	extensive	moderate	NA	limited	limited	limited	limited	limited	limited	moderate	NA	NA	limited	limited	0.2222	9	0.2500	moderate	limited	limited
Sorangium kenyense	moderate	NA	NA	NA	limited	NA	NA	limited	NA	NA	NA	NA	NA	NA	nan	2	0.8333			
Enterobacter nematophilus	moderate	limited	moderate	NA	limited	limited	limited	limited	NA	NA	NA	limited	limited	limited	0.1250	8	0.3333	moderate	limited	limited
Trichococcus alkaliphilus	limited	NA	NA	NA	limited	NA	NA	limited	limited	NA	NA	limited	limited	limited	0.0000	5	0.5833	limited	limited	limited
Staphylococcus americanisciuri	moderate	limited	NA	NA	limited	NA	limited	limited	limited	NA	NA	limited	limited	limited	0.0000	7	0.4167	limited	limited	limited
Empedobacter tilapiae	limited	NA	NA	NA	limited	NA	NA	limited	NA	NA	NA	NA	NA	NA	nan	2	0.8333			
Microbacterium ureisolvens	moderate	limited	moderate	limited	limited	limited	limited	limited	limited	limited	NA	limited	limited	limited	0.0909	11	0.0833	moderate	limited	limited
Sphingobium bisphenolivorans	moderate	limited	NA	NA	limited	NA	NA	limited	NA	limited	limited	limited	limited	limited	0.0000	7	0.4167	limited	limited	limited
Vitiosangium subalbum	NA	NA	NA	NA	limited	NA	NA	NA	NA	NA	NA	NA	NA	NA	nan	1	0.9167			
Humibacter antri	limited	NA	NA	NA	limited	NA	NA	limited	NA	NA	NA	NA	NA	NA	nan	2	0.8333			
Marinobacterium coralli	limited	limited	NA	limited	limited	limited	NA	limited	NA	limited	NA	NA	limited	limited	0.0000	7	0.4167	limited	limited	limited
Actinomadura jiaoheensis	NA	NA	NA	NA	NA	NA	NA	limited	NA	NA	NA	NA	NA	NA	nan	1	0.9167			
Sorangium reichenbachii	moderate	NA	NA	NA	limited	NA	NA	limited	NA	NA	NA	NA	NA	NA	nan	2	0.8333			
Kaistia algarum	limited	NA	NA	NA	limited	NA	NA	limited	NA	NA	NA	NA	NA	NA	nan	2	0.8333			
Shewanella saliphila	moderate	NA	NA	NA	limited	NA	NA	limited	NA	NA	NA	NA	NA	NA	nan	2	0.8333			
Trinickia diaoshuihuensis	NA	NA	NA	NA	NA	NA	NA	NA	NA	NA	NA	NA	NA	NA	nan	0	1.0000			
Azorhizobium oxalatiphilum	moderate	limited	moderate	NA	limited	limited	NA	limited	NA	NA	limited	NA	limited	limited	0.1429	7	0.4167	moderate	limited	limited
Bradyrhizobium cenepequi	moderate	limited	moderate	limited	limited	limited	NA	limited	NA	NA	limited	NA	limited	limited	0.1250	8	0.3333	moderate	limited	limited
Rhodopseudomonas thermotolerans	moderate	NA	moderate	moderate	moderate	limited	NA	limited	limited	NA	NA	NA	moderate	moderate	0.5714	7	0.4167	moderate	limited	moderate
Kurthia populi	NA	NA	NA	NA	limited	limited	NA	limited	NA	NA	NA	limited	limited	limited	0.0000	5	0.5833	limited	limited	limited
Nocardia rhizosphaerihabitans	NA	NA	NA	NA	limited	NA	NA	limited	NA	NA	NA	NA	NA	NA	nan	2	0.8333			
Xanthomonas bonasiae	limited	limited	moderate	NA	limited	NA	limited	limited	NA	NA	NA	limited	limited	limited	0.1429	7	0.4167	moderate	limited	limited
Alkalibacillus silvisoli	limited	limited	NA	limited	limited	NA	NA	limited	NA	NA	NA	NA	limited	limited	0.0000	5	0.5833	limited	limited	limited
Caballeronia turbans	moderate	NA	moderate	NA	limited	limited	NA	limited	limited	limited	NA	NA	moderate	limited	0.2857	7	0.4167	moderate	limited	limited
Mesorhizobium acaciae	moderate	limited	moderate	limited	limited	NA	limited	limited	limited	NA	NA	NA	limited	limited	0.1250	8	0.3333	moderate	limited	limited
Acetobacter conturbans	NA	NA	NA	NA	NA	NA	NA	limited	NA	NA	NA	NA	NA	NA	nan	1	0.9167			
Micromonospora pelagivivens	NA	NA	moderate	NA	limited	NA	NA	limited	NA	NA	limited	limited	limited	limited	0.1667	6	0.5000	moderate	limited	limited
Bradyrhizobium glycinis	moderate	moderate	moderate	moderate	moderate	moderate	limited	limited	limited	moderate	limited	limited	moderate	moderate	0.5833	12	0.0000	moderate	limited	moderate
Paraburkholderia nemoris	moderate	NA	moderate	NA	limited	NA	NA	limited	NA	limited	NA	NA	limited	limited	0.2000	5	0.5833	moderate	limited	limited
Bradyrhizobium hereditatis	moderate	limited	moderate	NA	limited	limited	NA	limited	NA	NA	limited	NA	limited	limited	0.1429	7	0.4167	moderate	limited	limited
Flavobacterium ranwuense	limited	NA	NA	NA	NA	NA	NA	limited	NA	NA	NA	limited	limited	limited	0.0000	3	0.7500	limited	limited	limited
Nocardiopsis nikkonensis	limited	limited	moderate	limited	moderate	NA	NA	limited	NA	NA	NA	limited	limited	limited	0.2857	7	0.4167	moderate	limited	limited
Burkholderia guangdongensis	moderate	NA	moderate	NA	limited	NA	NA	limited	limited	NA	NA	NA	moderate	limited	0.4000	5	0.5833	moderate	limited	limited
Kaistia geumhonensis	limited	NA	NA	NA	limited	limited	NA	limited	NA	NA	NA	NA	limited	limited	0.0000	4	0.6667	limited	limited	limited
Pseudochrobactrum lubricantis	limited	limited	NA	NA	limited	NA	NA	limited	limited	NA	NA	NA	limited	limited	0.0000	5	0.5833	limited	limited	limited
Bhargavaea massiliensis	limited	NA	NA	NA	limited	NA	NA	limited	NA	NA	NA	NA	NA	NA	nan	2	0.8333			
Bradyrhizobium semiaridum	NA	NA	moderate	NA	limited	limited	limited	limited	NA	NA	limited	NA	limited	limited	0.1429	7	0.4167	moderate	limited	limited
Rhizobium acaciae	moderate	NA	moderate	NA	limited	NA	NA	limited	NA	NA	limited	NA	limited	limited	0.2000	5	0.5833	moderate	limited	limited
Micromonospora ovatispora	limited	NA	NA	NA	limited	NA	NA	limited	NA	NA	NA	NA	limited	limited	0.0000	3	0.7500	limited	limited	limited
Bradyrhizobium diversitatis	moderate	limited	moderate	limited	limited	limited	limited	limited	limited	moderate	limited	limited	limited	limited	0.1667	12	0.0000	moderate	limited	limited
Xenorhabdus lircayensis	limited	NA	NA	NA	NA	NA	limited	limited	limited	NA	NA	limited	NA	limited	0.0000	4	0.6667	limited	limited	limited
Ciceribacter thiooxidans	NA	NA	NA	NA	NA	NA	NA	limited	NA	NA	NA	NA	NA	NA	nan	1	0.9167			
Amycolatopsis cappadoca	NA	limited	NA	NA	limited	NA	NA	limited	NA	NA	NA	NA	NA	limited	0.0000	3	0.7500	limited	limited	limited
Microbacterium cremeum	limited	NA	moderate	limited	limited	limited	limited	limited	limited	NA	NA	limited	moderate	limited	0.2222	9	0.2500	moderate	limited	limited
Paraburkholderia haematera	moderate	NA	moderate	NA	limited	NA	NA	limited	limited	NA	limited	NA	limited	limited	0.1667	6	0.5000	moderate	limited	limited
Allorhizobium borbori	NA	NA	NA	NA	NA	NA	NA	limited	NA	NA	NA	NA	NA	NA	nan	1	0.9167			
Polynucleobacter sphagniphilus	limited	NA	NA	NA	limited	limited	NA	limited	NA	NA	limited	NA	NA	limited	0.0000	4	0.6667	limited	limited	limited
Bradyrhizobium agreste	moderate	moderate	moderate	moderate	limited	moderate	limited	limited	limited	moderate	limited	limited	moderate	moderate	0.5000	12	0.0000	moderate	limited	moderate
Paeniglutamicibacter psychrophenolicus	moderate	NA	NA	limited	limited	limited	limited	limited	limited	NA	NA	NA	limited	limited	0.0000	7	0.4167	limited	limited	limited
Psychromonas japonica	moderate	limited	NA	moderate	limited	NA	NA	limited	limited	NA	NA	NA	moderate	limited	0.3333	6	0.5000	moderate	limited	limited
Pseudaminobacter arsenicus	limited	NA	NA	NA	limited	NA	NA	limited	NA	NA	NA	NA	NA	NA	nan	2	0.8333			
Pseudarthrobacter niigatensis	moderate	NA	moderate	limited	limited	NA	limited	limited	limited	NA	NA	NA	limited	limited	0.1429	7	0.4167	moderate	limited	limited
Micromonospora mangrovi	limited	limited	NA	limited	limited	NA	NA	limited	NA	NA	limited	NA	limited	limited	0.0000	6	0.5000	limited	limited	limited
Sinosporangium siamense	NA	NA	NA	NA	NA	NA	NA	NA	NA	NA	NA	NA	NA	NA	nan	0	1.0000			
Rhizobacter profundi	NA	NA	NA	NA	NA	NA	NA	NA	NA	NA	NA	NA	NA	NA	nan	0	1.0000			
Kaistella chaponensis	NA	NA	NA	NA	NA	NA	NA	NA	NA	NA	NA	NA	NA	NA	nan	0	1.0000			
Mycolicibacterium nivoides	moderate	NA	moderate	limited	moderate	limited	limited	limited	limited	limited	limited	limited	moderate	limited	0.2727	11	0.0833	moderate	limited	limited
Corallococcus silvisoli	NA	NA	NA	NA	limited	NA	NA	limited	NA	NA	NA	NA	NA	NA	nan	2	0.8333			
Bradyrhizobium centrosematis	moderate	limited	moderate	limited	limited	limited	limited	limited	limited	moderate	limited	limited	limited	limited	0.1667	12	0.0000	moderate	limited	limited
Neobacillus soli	moderate	NA	moderate	NA	limited	limited	NA	limited	limited	NA	NA	NA	limited	limited	0.1667	6	0.5000	moderate	limited	limited
Corynebacterium kalidii	NA	NA	NA	NA	limited	NA	NA	NA	limited	NA	NA	limited	NA	limited	0.0000	3	0.7500	limited	limited	limited
Kaistia nematophila	NA	NA	NA	NA	limited	limited	NA	limited	limited	NA	NA	NA	NA	limited	0.0000	4	0.6667	limited	limited	limited
Brevibacterium atlanticum	moderate	limited	moderate	limited	limited	NA	NA	limited	NA	limited	NA	NA	limited	limited	0.1429	7	0.4167	moderate	limited	limited
Rhizobium beringeri	NA	NA	NA	NA	NA	NA	NA	limited	NA	NA	NA	NA	NA	NA	nan	1	0.9167			
Caulobacter hibisci	NA	NA	NA	NA	NA	NA	NA	limited	NA	NA	NA	NA	NA	NA	nan	1	0.9167			
Chryseobacterium aureum	limited	NA	moderate	NA	limited	limited	NA	limited	NA	NA	limited	NA	limited	limited	0.1667	6	0.5000	moderate	limited	limited
Psychromonas boydii	extensive	moderate	moderate	moderate	limited	limited	limited	limited	limited	limited	NA	limited	moderate	limited	0.3636	11	0.0833	moderate	limited	limited
Borreliella turdi	NA	NA	NA	NA	limited	NA	NA	limited	NA	NA	NA	NA	NA	NA	nan	2	0.8333			
Acinetobacter kanungonis	NA	NA	NA	NA	limited	NA	NA	limited	limited	NA	limited	limited	limited	limited	0.0000	6	0.5000	limited	limited	limited
Caulobacter soli	limited	NA	NA	NA	NA	NA	NA	limited	NA	NA	NA	NA	NA	NA	nan	1	0.9167			
Rothia halotolerans	moderate	NA	moderate	NA	limited	NA	NA	limited	limited	NA	NA	limited	moderate	limited	0.3333	6	0.5000	moderate	limited	limited
Mesorhizobium norvegicum	moderate	NA	moderate	NA	limited	NA	NA	limited	limited	NA	limited	limited	NA	limited	0.1667	6	0.5000	moderate	limited	limited
Sphingobium aquiterrae	moderate	NA	NA	limited	limited	limited	NA	limited	limited	NA	limited	limited	limited	limited	0.0000	8	0.3333	limited	limited	limited
Citreicoccus inhibens	limited	NA	NA	NA	limited	NA	NA	NA	NA	NA	NA	NA	NA	NA	nan	1	0.9167			
Mycolicibacterium houstonense	moderate	limited	moderate	moderate	moderate	limited	limited	limited	limited	limited	limited	limited	moderate	limited	0.3333	12	0.0000	moderate	limited	limited
Micromonospora salmantinae	NA	NA	NA	NA	limited	NA	NA	limited	limited	NA	limited	NA	limited	limited	0.0000	5	0.5833	limited	limited	limited
Methanolobus psychrotolerans	moderate	NA	NA	NA	moderate	NA	NA	limited	NA	NA	NA	NA	limited	limited	0.3333	3	0.7500	moderate	limited	limited
Aquamicrobium aestuarii	moderate	limited	moderate	limited	limited	limited	limited	limited	limited	NA	limited	NA	limited	limited	0.1000	10	0.1667	moderate	limited	limited
Mesorhizobium carmichaelinearum	moderate	limited	limited	limited	limited	limited	limited	limited	NA	limited	limited	limited	limited	limited	0.0000	11	0.0833	limited	limited	limited
Actinomadura lepetitiana	NA	NA	limited	NA	limited	NA	NA	limited	NA	NA	NA	NA	NA	limited	0.0000	3	0.7500	limited	limited	limited
Mesorhizobium comanense	moderate	limited	moderate	moderate	limited	NA	limited	limited	limited	moderate	limited	limited	moderate	limited	0.3636	11	0.0833	moderate	limited	limited
Halorubrum amylolyticum	moderate	limited	NA	limited	limited	NA	NA	limited	limited	NA	NA	NA	NA	limited	0.0000	5	0.5833	limited	limited	limited
Corynebacterium marquesiae	moderate	NA	NA	NA	NA	NA	NA	NA	NA	NA	NA	limited	limited	NA	nan	2	0.8333			
Gulosibacter massiliensis	limited	NA	NA	NA	NA	NA	NA	limited	NA	NA	NA	NA	NA	NA	nan	1	0.9167			
Agrobacterium burrii	moderate	limited	moderate	NA	limited	NA	NA	limited	limited	NA	NA	NA	moderate	limited	0.3333	6	0.5000	moderate	limited	limited
Leptospira hartskeerlii	NA	NA	limited	limited	limited	NA	limited	limited	limited	NA	NA	NA	moderate	limited	0.1429	7	0.4167	moderate	limited	limited
Brachybacterium atlanticum	moderate	limited	moderate	limited	limited	limited	limited	limited	limited	limited	NA	limited	moderate	limited	0.1818	11	0.0833	moderate	limited	limited
Delftia rhizosphaerae	NA	NA	NA	NA	NA	NA	NA	limited	NA	NA	limited	NA	NA	NA	nan	2	0.8333			
Patulibacter brassicae	limited	NA	NA	NA	NA	NA	NA	NA	NA	NA	NA	NA	NA	NA	nan	0	1.0000			
Nonomuraea basaltis	NA	NA	NA	NA	limited	NA	NA	limited	NA	NA	NA	NA	NA	NA	nan	2	0.8333			
[Ochrobactrum] teleogrylli	limited	NA	limited	NA	limited	NA	limited	limited	NA	NA	limited	NA	limited	limited	0.0000	6	0.5000	limited	limited	limited
Gluconobacter cadivus	NA	NA	NA	NA	NA	NA	NA	NA	NA	NA	NA	NA	NA	NA	nan	0	1.0000			
Leptospira neocaledonica	NA	NA	NA	NA	limited	NA	limited	limited	limited	limited	NA	NA	moderate	limited	0.1667	6	0.5000	moderate	limited	limited
Flavobacterium frigoritolerans	extensive	limited	limited	moderate	moderate	limited	limited	limited	limited	limited	limited	limited	moderate	limited	0.2500	12	0.0000	moderate	limited	limited
Alloscardovia venturai	limited	NA	NA	NA	limited	NA	NA	limited	NA	NA	NA	NA	NA	NA	nan	2	0.8333			
Kaistia defluvii	limited	limited	NA	NA	limited	limited	NA	limited	limited	NA	limited	NA	limited	limited	0.0000	7	0.4167	limited	limited	limited
Paenibacillus rhizolycopersici	moderate	limited	moderate	limited	limited	limited	limited	limited	limited	NA	limited	limited	moderate	limited	0.1818	11	0.0833	moderate	limited	limited
Citrobacter meridianamericanus	limited	NA	NA	NA	limited	NA	NA	limited	NA	NA	limited	NA	NA	limited	0.0000	3	0.7500	limited	limited	limited
Huaxiibacter chinensis	NA	NA	NA	NA	limited	NA	NA	limited	NA	NA	NA	NA	NA	NA	nan	2	0.8333			
Micromonospora alfalfae	moderate	NA	moderate	limited	limited	NA	NA	limited	limited	limited	limited	limited	NA	limited	0.1250	8	0.3333	moderate	limited	limited
Novacetimonas cocois	NA	NA	NA	NA	NA	NA	NA	limited	NA	NA	NA	NA	NA	NA	nan	1	0.9167			
Ramlibacter humi	moderate	limited	limited	limited	limited	NA	NA	limited	limited	limited	NA	NA	moderate	limited	0.1250	8	0.3333	moderate	limited	limited
Nonomuraea syzygii	NA	NA	NA	NA	limited	NA	NA	limited	NA	NA	NA	NA	NA	NA	nan	2	0.8333			
Rahnella ecdela	NA	NA	NA	limited	limited	limited	limited	limited	limited	NA	NA	NA	NA	limited	0.0000	6	0.5000	limited	limited	limited
Flavobacterium pygoscelis	NA	NA	limited	NA	NA	NA	NA	limited	NA	NA	NA	NA	limited	limited	0.0000	3	0.7500	limited	limited	limited
Arsenicicoccus dermatophilus	NA	NA	NA	NA	limited	NA	NA	limited	NA	NA	NA	NA	NA	NA	nan	2	0.8333			
Natrinema salinisoli	moderate	NA	NA	NA	moderate	limited	NA	limited	limited	NA	NA	limited	moderate	limited	0.3333	6	0.5000	moderate	limited	limited
Rhizobacter bergeniae	NA	NA	NA	NA	NA	NA	NA	limited	NA	NA	NA	NA	NA	NA	nan	1	0.9167			
Nonomuraea stahlianthi	limited	NA	NA	NA	limited	NA	NA	NA	limited	NA	NA	NA	NA	NA	nan	2	0.8333			
Variovorax ureilyticus	moderate	NA	moderate	limited	limited	NA	NA	limited	NA	NA	limited	NA	NA	limited	0.2000	5	0.5833	moderate	limited	limited
Bartonella refiksaydamii	NA	NA	limited	NA	limited	NA	NA	limited	NA	NA	NA	NA	NA	limited	0.0000	3	0.7500	limited	limited	limited
Micromonospora fulva	moderate	limited	moderate	limited	limited	NA	limited	limited	limited	limited	limited	limited	moderate	limited	0.1818	11	0.0833	moderate	limited	limited
Terrimesophilobacter mesophilus	NA	NA	NA	NA	NA	NA	NA	NA	NA	NA	NA	NA	NA	NA	nan	0	1.0000			
Rhodococcus gannanensis	moderate	limited	moderate	NA	limited	limited	NA	limited	NA	NA	limited	limited	moderate	limited	0.2500	8	0.3333	moderate	limited	limited
Micromonospora tarapacensis	limited	limited	moderate	NA	limited	NA	NA	limited	NA	NA	NA	NA	limited	limited	0.2000	5	0.5833	moderate	limited	limited
Chryseobacterium faecale	limited	limited	moderate	limited	limited	limited	limited	limited	limited	limited	limited	limited	limited	limited	0.0833	12	0.0000	moderate	limited	limited
Micromonospora trifolii	moderate	limited	moderate	limited	limited	limited	limited	limited	limited	NA	limited	limited	limited	limited	0.0909	11	0.0833	moderate	limited	limited
Micromonospora hortensis	moderate	limited	moderate	NA	limited	limited	limited	limited	limited	NA	limited	limited	limited	limited	0.1000	10	0.1667	moderate	limited	limited
Silvania hatchlandensis	NA	NA	NA	NA	NA	NA	NA	NA	NA	NA	NA	NA	NA	NA	nan	0	1.0000			
Methylomonas fluvii	NA	NA	NA	limited	limited	limited	NA	limited	limited	NA	NA	NA	limited	limited	0.0000	6	0.5000	limited	limited	limited
Paraburkholderia flava	moderate	NA	moderate	moderate	limited	limited	limited	limited	limited	NA	limited	NA	moderate	limited	0.3333	9	0.2500	moderate	limited	limited
Micromonospora zhanjiangensis	moderate	limited	NA	limited	limited	NA	limited	limited	NA	limited	limited	limited	limited	limited	0.0000	9	0.2500	limited	limited	limited
Leptospira haakeii	limited	NA	NA	NA	NA	NA	NA	limited	limited	NA	NA	NA	limited	limited	0.0000	3	0.7500	limited	limited	limited
Trinickia fusca	moderate	NA	NA	limited	limited	NA	NA	limited	limited	limited	limited	NA	NA	limited	0.0000	6	0.5000	limited	limited	limited
Pseudoxanthomonas helianthi	moderate	NA	moderate	limited	limited	limited	NA	limited	limited	NA	NA	NA	limited	limited	0.1429	7	0.4167	moderate	limited	limited
Priestia qingshengii	extensive	moderate	moderate	moderate	moderate	limited	NA	limited	limited	NA	limited	limited	moderate	moderate	0.5000	10	0.1667	moderate	limited	moderate
Dokdonia genika	NA	NA	NA	NA	limited	limited	NA	limited	NA	NA	NA	NA	NA	limited	0.0000	3	0.7500	limited	limited	limited
Mycolicibacterium malmesburyense	moderate	limited	moderate	moderate	moderate	limited	limited	limited	limited	limited	limited	limited	moderate	limited	0.3333	12	0.0000	moderate	limited	limited
Rhodococcus humicola	moderate	limited	moderate	moderate	limited	limited	limited	limited	limited	limited	limited	limited	moderate	limited	0.2500	12	0.0000	moderate	limited	limited
Zhengella mangrovi	NA	NA	NA	NA	NA	NA	NA	NA	NA	NA	NA	NA	NA	NA	nan	0	1.0000			
Chryseobacterium aurantiacum	moderate	limited	moderate	moderate	limited	limited	limited	limited	limited	limited	limited	limited	moderate	limited	0.2500	12	0.0000	moderate	limited	limited
Collimonas silvisoli	NA	NA	NA	NA	limited	NA	NA	limited	NA	NA	limited	NA	NA	limited	0.0000	3	0.7500	limited	limited	limited
Planococcus koreensis	moderate	NA	limited	limited	limited	limited	NA	limited	limited	limited	limited	NA	limited	limited	0.0000	9	0.2500	limited	limited	limited
Aquamicrobium ahrensii	limited	NA	NA	NA	limited	NA	limited	limited	limited	NA	NA	NA	NA	limited	0.0000	4	0.6667	limited	limited	limited
Ramlibacter alkalitolerans	moderate	limited	moderate	limited	limited	limited	NA	limited	limited	NA	NA	limited	limited	limited	0.1111	9	0.2500	moderate	limited	limited
Gluconobacter vitians	moderate	NA	NA	NA	limited	NA	limited	limited	limited	NA	limited	NA	NA	limited	0.0000	5	0.5833	limited	limited	limited
Collimonas humicola	moderate	NA	NA	NA	limited	limited	NA	limited	NA	limited	limited	NA	NA	limited	0.0000	5	0.5833	limited	limited	limited
Xenorhabdus romanii	moderate	NA	moderate	NA	NA	NA	NA	limited	limited	NA	limited	NA	limited	limited	0.2000	5	0.5833	moderate	limited	limited
Stigmatella hybrida	moderate	moderate	NA	moderate	limited	NA	NA	limited	NA	NA	NA	NA	NA	moderate	0.5000	4	0.6667	moderate	limited	moderate
Duganella levis	moderate	NA	moderate	NA	NA	NA	NA	limited	limited	NA	NA	NA	NA	limited	0.3333	3	0.7500	moderate	limited	limited
Mycolicibacterium mengxianglii	moderate	limited	limited	limited	limited	limited	limited	limited	NA	NA	limited	limited	limited	limited	0.0000	10	0.1667	limited	limited	limited
Borreliella carolinensis	NA	NA	NA	NA	limited	limited	limited	limited	NA	NA	NA	NA	limited	limited	0.0000	5	0.5833	limited	limited	limited
Rhodanobacter umsongensis	NA	NA	NA	NA	limited	NA	NA	limited	limited	NA	NA	NA	NA	limited	0.0000	3	0.7500	limited	limited	limited
Saccharedens versatilis	NA	NA	NA	NA	NA	NA	NA	NA	NA	NA	NA	NA	NA	NA	nan	0	1.0000			
Chelativorans composti	limited	NA	NA	NA	limited	NA	NA	limited	NA	NA	NA	NA	NA	NA	nan	2	0.8333			
Clostridium hominis	extensive	NA	limited	limited	limited	limited	NA	limited	limited	NA	NA	limited	limited	limited	0.0000	8	0.3333	limited	limited	limited
Helicobacter anatolicus	limited	NA	NA	NA	NA	NA	NA	limited	NA	NA	NA	NA	NA	NA	nan	1	0.9167			
Nocardia rhizosphaerae	NA	NA	NA	NA	NA	NA	NA	limited	NA	NA	limited	NA	NA	NA	nan	2	0.8333			
Metabacillus schmidteae	limited	NA	NA	NA	NA	NA	NA	limited	NA	NA	NA	NA	NA	NA	nan	1	0.9167			
Pseudoalteromonas ostreae	moderate	limited	moderate	limited	limited	limited	NA	limited	limited	NA	NA	limited	limited	limited	0.1111	9	0.2500	moderate	limited	limited
Williamsia phyllosphaerae	limited	limited	moderate	limited	limited	NA	limited	limited	NA	NA	NA	NA	NA	limited	0.1667	6	0.5000	moderate	limited	limited
Paraburkholderia pallidirosea	moderate	limited	moderate	limited	limited	NA	NA	limited	limited	NA	NA	limited	limited	limited	0.1250	8	0.3333	moderate	limited	limited
Trichococcus paludicola	moderate	NA	NA	NA	limited	NA	NA	NA	limited	NA	NA	NA	NA	NA	nan	2	0.8333			
Shewanella ulleungensis	moderate	NA	moderate	limited	limited	NA	NA	limited	limited	limited	limited	NA	limited	limited	0.1250	8	0.3333	moderate	limited	limited
Bartonella raoultii	moderate	moderate	moderate	moderate	moderate	limited	limited	limited	limited	moderate	NA	NA	moderate	moderate	0.6000	10	0.1667	moderate	limited	moderate
Massilia cavernae	moderate	NA	NA	NA	limited	limited	NA	limited	NA	NA	NA	NA	NA	limited	0.0000	3	0.7500	limited	limited	limited
Pandoraea cepalis	limited	limited	limited	limited	limited	limited	limited	limited	limited	NA	limited	limited	limited	limited	0.0000	11	0.0833	limited	limited	limited
Micromonospora humida	moderate	NA	moderate	limited	limited	NA	NA	limited	limited	NA	limited	limited	limited	limited	0.1250	8	0.3333	moderate	limited	limited
Chryseobacterium kimseyorum	limited	limited	moderate	limited	moderate	limited	NA	limited	limited	limited	limited	limited	moderate	limited	0.2727	11	0.0833	moderate	limited	limited
Sphingobium terrigena	moderate	limited	moderate	limited	limited	limited	limited	limited	limited	limited	limited	NA	limited	limited	0.0909	11	0.0833	moderate	limited	limited
Erythrobacter donghaensis	moderate	NA	NA	moderate	limited	limited	NA	limited	NA	NA	limited	NA	limited	limited	0.1667	6	0.5000	moderate	limited	limited
Yaniella flava	limited	NA	NA	NA	limited	limited	limited	limited	limited	NA	NA	NA	limited	limited	0.0000	6	0.5000	limited	limited	limited
Pyxidicoccus xibeiensis	NA	NA	NA	NA	limited	NA	NA	limited	NA	NA	NA	NA	NA	NA	nan	2	0.8333			
Ureibacillus chungkukjangi	limited	NA	moderate	limited	limited	NA	NA	limited	limited	NA	NA	NA	moderate	limited	0.3333	6	0.5000	moderate	limited	limited
Phyllobacterium calauticae	limited	limited	NA	NA	limited	NA	NA	limited	NA	NA	limited	NA	NA	limited	0.0000	4	0.6667	limited	limited	limited
Gulosibacter bifidus	limited	NA	NA	NA	limited	NA	NA	limited	limited	NA	NA	NA	NA	limited	0.0000	3	0.7500	limited	limited	limited
Chungangia koreensis	NA	NA	NA	NA	NA	NA	NA	NA	NA	NA	NA	NA	NA	NA	nan	0	1.0000			
Alicyclobacillus suci	moderate	moderate	moderate	moderate	moderate	limited	limited	moderate	limited	NA	NA	moderate	moderate	moderate	0.7000	10	0.1667	moderate	limited	moderate
Kaistia dalseonensis	limited	NA	NA	NA	limited	NA	NA	limited	limited	NA	NA	NA	limited	limited	0.0000	4	0.6667	limited	limited	limited
Aeromonas finlandensis	NA	NA	NA	NA	NA	NA	NA	limited	NA	NA	limited	NA	NA	NA	nan	2	0.8333			
Paralcaligenes ginsengisoli	NA	NA	NA	NA	limited	NA	NA	limited	NA	NA	NA	NA	limited	limited	0.0000	3	0.7500	limited	limited	limited
Micromonospora caldifontis	limited	NA	moderate	limited	limited	NA	NA	limited	NA	NA	NA	limited	limited	limited	0.1667	6	0.5000	moderate	limited	limited
Pseudoalteromonas aestuariivivens	moderate	NA	moderate	NA	limited	limited	NA	limited	NA	NA	limited	limited	limited	limited	0.1429	7	0.4167	moderate	limited	limited
Dyella humi	moderate	NA	NA	NA	limited	NA	NA	limited	NA	NA	limited	NA	limited	limited	0.0000	4	0.6667	limited	limited	limited
Dyella mobilis	moderate	limited	NA	limited	limited	limited	NA	limited	NA	NA	NA	NA	limited	limited	0.0000	6	0.5000	limited	limited	limited
Dyella flava	moderate	limited	limited	limited	limited	NA	NA	limited	NA	NA	limited	NA	limited	limited	0.0000	7	0.4167	limited	limited	limited
Chryseobacterium salipaludis	limited	NA	moderate	limited	limited	limited	limited	limited	NA	limited	limited	limited	limited	limited	0.1000	10	0.1667	moderate	limited	limited
Actinomadura roseirufa	NA	NA	limited	NA	limited	NA	NA	limited	limited	NA	NA	NA	NA	limited	0.0000	4	0.6667	limited	limited	limited
Rhodococcus olei	moderate	NA	limited	NA	limited	limited	NA	limited	limited	NA	limited	limited	limited	limited	0.0000	8	0.3333	limited	limited	limited
Gordonia sediminis	moderate	NA	moderate	NA	limited	NA	NA	limited	limited	NA	NA	limited	limited	limited	0.1667	6	0.5000	moderate	limited	limited
Planococcus columbae	NA	NA	NA	NA	limited	NA	NA	limited	NA	NA	NA	NA	NA	NA	nan	2	0.8333			
Gulosibacter faecalis	limited	NA	NA	NA	limited	NA	NA	limited	limited	NA	NA	NA	NA	limited	0.0000	3	0.7500	limited	limited	limited
Erythrobacter colymbi	NA	limited	NA	moderate	limited	NA	NA	limited	NA	NA	NA	NA	limited	limited	0.2000	5	0.5833	moderate	limited	limited
Mycolicibacter engbaekii	moderate	limited	NA	limited	limited	limited	limited	limited	limited	limited	limited	limited	limited	limited	0.0000	11	0.0833	limited	limited	limited
Photobacterium lucens	moderate	moderate	moderate	moderate	limited	limited	limited	limited	NA	limited	NA	NA	moderate	limited	0.4444	9	0.2500	moderate	limited	limited
Phyllobacterium phragmitis	limited	limited	NA	NA	NA	NA	NA	limited	NA	NA	NA	NA	NA	NA	nan	2	0.8333			
Sphingomonas citricola	moderate	limited	moderate	limited	limited	limited	limited	limited	limited	NA	limited	limited	moderate	limited	0.1818	11	0.0833	moderate	limited	limited
Pseudoxanthomonas putridarboris	limited	NA	NA	NA	limited	limited	NA	limited	NA	NA	NA	NA	limited	limited	0.0000	4	0.6667	limited	limited	limited
Acinetobacter silvestris	NA	NA	NA	limited	limited	NA	NA	limited	limited	NA	NA	NA	limited	limited	0.0000	5	0.5833	limited	limited	limited
Myxococcus guangdongensis	moderate	NA	NA	NA	limited	NA	NA	limited	NA	NA	NA	NA	NA	NA	nan	2	0.8333			
Kitasatospora misakiensis	moderate	limited	moderate	NA	limited	NA	NA	limited	limited	limited	NA	NA	limited	limited	0.1429	7	0.4167	moderate	limited	limited
Gordonia zhaorongruii	NA	NA	NA	NA	NA	NA	NA	NA	NA	NA	NA	NA	NA	NA	nan	0	1.0000			
Mesorhizobium ventifaucium	NA	limited	limited	limited	limited	limited	NA	limited	limited	limited	limited	limited	limited	limited	0.0000	11	0.0833	limited	limited	limited
Priestia paraflexa	moderate	NA	NA	NA	limited	NA	NA	limited	NA	NA	NA	limited	NA	limited	0.0000	3	0.7500	limited	limited	limited
Sphingomonas citri	moderate	moderate	moderate	moderate	moderate	limited	limited	limited	limited	NA	limited	limited	moderate	limited	0.4545	11	0.0833	moderate	limited	limited
Bartonella heixiaziensis	limited	limited	NA	NA	NA	NA	NA	limited	NA	NA	NA	NA	limited	limited	0.0000	3	0.7500	limited	limited	limited
Caballeronia peredens	NA	NA	NA	NA	NA	NA	limited	limited	limited	NA	NA	NA	NA	limited	0.0000	3	0.7500	limited	limited	limited
Promicromonospora soli	limited	NA	moderate	limited	limited	limited	NA	limited	NA	NA	NA	NA	NA	limited	0.2000	5	0.5833	moderate	limited	limited
Lentilactobacillus fungorum	moderate	NA	NA	limited	limited	NA	NA	limited	limited	NA	limited	limited	limited	limited	0.0000	7	0.4167	limited	limited	limited
Corynebacterium curieae	NA	NA	NA	NA	limited	NA	NA	NA	NA	NA	NA	NA	NA	NA	nan	1	0.9167			
Acinetobacter amyesii	NA	limited	limited	limited	limited	limited	limited	limited	limited	NA	NA	limited	limited	limited	0.0000	10	0.1667	limited	limited	limited
Xanthomonas cissicola	moderate	limited	moderate	limited	limited	limited	limited	limited	limited	limited	limited	limited	limited	limited	0.0833	12	0.0000	moderate	limited	limited
Agromyces insulae	NA	NA	NA	NA	limited	NA	NA	limited	NA	NA	NA	NA	NA	NA	nan	2	0.8333			
Myxococcus qinghaiensis	moderate	NA	NA	NA	limited	NA	NA	limited	NA	limited	NA	NA	NA	limited	0.0000	3	0.7500	limited	limited	limited
Nonomuraea purpurea	extensive	NA	limited	limited	limited	limited	NA	limited	limited	NA	NA	limited	NA	limited	0.0000	7	0.4167	limited	limited	limited
Pseudoclavibacter alba	limited	limited	NA	limited	limited	NA	NA	limited	limited	NA	NA	NA	NA	limited	0.0000	5	0.5833	limited	limited	limited
Gulosibacter hominis	limited	NA	NA	limited	limited	NA	NA	limited	NA	NA	NA	NA	NA	limited	0.0000	3	0.7500	limited	limited	limited
Sphingobium vulgare	moderate	NA	NA	limited	limited	NA	NA	limited	limited	limited	NA	NA	limited	limited	0.0000	6	0.5000	limited	limited	limited
Myroides oncorhynchi	moderate	limited	limited	limited	limited	limited	limited	limited	limited	limited	limited	limited	limited	limited	0.0000	12	0.0000	limited	limited	limited
Myxococcus dinghuensis	moderate	NA	NA	NA	NA	NA	NA	NA	NA	NA	NA	NA	NA	NA	nan	0	1.0000			
Chryseobacterium solani	limited	limited	moderate	NA	limited	NA	NA	limited	limited	NA	NA	limited	moderate	limited	0.2857	7	0.4167	moderate	limited	limited
Actinophytocola gilvus	limited	NA	NA	NA	limited	NA	NA	limited	NA	NA	NA	NA	NA	NA	nan	2	0.8333			
Rhodococcus lactis	moderate	NA	moderate	NA	limited	limited	NA	limited	limited	NA	limited	limited	limited	limited	0.1250	8	0.3333	moderate	limited	limited
Mycolicibacter nonchromogenicus	extensive	limited	moderate	moderate	limited	limited	limited	limited	limited	limited	limited	limited	moderate	limited	0.2500	12	0.0000	moderate	limited	limited
Roseomonas harenae	limited	NA	NA	NA	limited	NA	NA	limited	limited	NA	NA	NA	limited	limited	0.0000	4	0.6667	limited	limited	limited
Mycolicibacterium vinylchloridicum	NA	limited	moderate	limited	limited	NA	limited	limited	limited	NA	NA	limited	NA	limited	0.1250	8	0.3333	moderate	limited	limited
Actinomadura violacea	moderate	NA	moderate	NA	limited	NA	limited	limited	limited	limited	NA	NA	NA	limited	0.1667	6	0.5000	moderate	limited	limited
Mesorhizobium escarrei	moderate	NA	moderate	limited	limited	NA	NA	limited	NA	NA	limited	NA	limited	limited	0.1667	6	0.5000	moderate	limited	limited
Sphingobium sufflavum	moderate	NA	NA	limited	limited	NA	NA	limited	NA	limited	NA	NA	limited	limited	0.0000	5	0.5833	limited	limited	limited
Bhargavaea ullalensis	limited	NA	NA	NA	limited	NA	NA	NA	NA	NA	NA	NA	NA	NA	nan	1	0.9167			
Streptosporangium algeriense	limited	NA	NA	limited	NA	NA	NA	limited	limited	NA	limited	NA	NA	limited	0.0000	4	0.6667	limited	limited	limited
Hamadaea flava	limited	NA	NA	NA	limited	NA	NA	limited	limited	NA	NA	NA	NA	limited	0.0000	3	0.7500	limited	limited	limited
Qipengyuania gaetbuli	NA	limited	NA	NA	limited	NA	NA	limited	NA	NA	NA	NA	NA	limited	0.0000	3	0.7500	limited	limited	limited
Vibrio floridensis	NA	NA	NA	NA	NA	NA	NA	limited	NA	NA	NA	NA	NA	NA	nan	1	0.9167			
Shewanella septentrionalis	moderate	NA	NA	NA	limited	NA	limited	limited	NA	NA	NA	NA	NA	limited	0.0000	3	0.7500	limited	limited	limited
Pseudaeromonas pectinilytica	moderate	moderate	NA	limited	limited	NA	limited	limited	limited	NA	limited	NA	limited	limited	0.1250	8	0.3333	moderate	limited	limited
Collimonas antrihumi	moderate	NA	NA	limited	limited	limited	NA	limited	NA	NA	limited	NA	limited	limited	0.0000	6	0.5000	limited	limited	limited
Fusobacterium watanabei	moderate	limited	moderate	moderate	limited	limited	limited	limited	limited	limited	NA	limited	moderate	limited	0.2727	11	0.0833	moderate	limited	limited
Natrinema amylolyticum	NA	limited	NA	NA	limited	NA	NA	limited	NA	NA	NA	NA	limited	limited	0.0000	4	0.6667	limited	limited	limited
Actinopolymorpha pittospori	NA	NA	NA	NA	limited	NA	NA	NA	NA	NA	NA	NA	NA	NA	nan	1	0.9167			
Allohumibacter endophyticus	NA	NA	NA	NA	limited	NA	NA	limited	NA	NA	NA	NA	NA	NA	nan	2	0.8333			
Limosilactobacillus caviae	moderate	NA	moderate	limited	limited	NA	limited	limited	limited	NA	NA	limited	limited	limited	0.1250	8	0.3333	moderate	limited	limited
Arenivirga flava	NA	NA	NA	NA	limited	NA	NA	limited	limited	NA	NA	NA	NA	limited	0.0000	3	0.7500	limited	limited	limited
Marinobacterium maritimum	moderate	limited	moderate	moderate	limited	limited	NA	limited	limited	NA	limited	NA	moderate	limited	0.3333	9	0.2500	moderate	limited	limited
Terriglobus aquaticus	limited	NA	NA	limited	limited	limited	NA	limited	NA	NA	NA	NA	NA	limited	0.0000	4	0.6667	limited	limited	limited
Halorubrum salsamenti	limited	NA	moderate	NA	moderate	NA	NA	limited	NA	NA	NA	NA	NA	moderate	0.6667	3	0.7500	moderate	limited	moderate
Cytobacillus citreus	moderate	moderate	moderate	moderate	moderate	limited	limited	limited	limited	limited	limited	moderate	moderate	moderate	0.5000	12	0.0000	moderate	limited	moderate
Novosphingobium album	moderate	limited	moderate	limited	limited	limited	limited	limited	limited	limited	limited	limited	moderate	limited	0.1667	12	0.0000	moderate	limited	limited
Cytobacillus purgationiresistens	limited	NA	NA	NA	limited	limited	NA	limited	limited	limited	NA	limited	limited	limited	0.0000	7	0.4167	limited	limited	limited
Mobilicoccus caccae	limited	NA	NA	NA	limited	NA	NA	limited	limited	NA	NA	NA	NA	limited	0.0000	3	0.7500	limited	limited	limited
Actinophytocola burenkhanensis	NA	NA	NA	NA	limited	NA	NA	NA	NA	NA	NA	NA	NA	NA	nan	1	0.9167			
Chromobacterium sinusclupearum	NA	NA	NA	NA	limited	NA	NA	NA	NA	NA	NA	NA	NA	NA	nan	1	0.9167			
Rouxiella aceris	limited	NA	NA	NA	limited	NA	NA	limited	limited	NA	limited	NA	NA	limited	0.0000	4	0.6667	limited	limited	limited
Chryseobacterium lineare	limited	limited	moderate	limited	limited	limited	limited	limited	limited	NA	limited	limited	moderate	limited	0.1818	11	0.0833	moderate	limited	limited
Dyella halodurans	moderate	NA	NA	NA	limited	NA	NA	limited	NA	NA	NA	NA	NA	NA	nan	2	0.8333			
Corynebacterium evansiae	limited	limited	moderate	NA	NA	NA	NA	limited	limited	NA	NA	limited	limited	limited	0.1667	6	0.5000	moderate	limited	limited
Nonomuraea cypriaca	limited	NA	NA	NA	limited	NA	NA	limited	NA	NA	NA	NA	NA	NA	nan	2	0.8333			
Amycolatopsis silviterrae	NA	NA	NA	NA	limited	NA	NA	limited	NA	NA	NA	NA	NA	NA	nan	2	0.8333			
Promicromonospora callitridis	NA	NA	NA	NA	limited	limited	NA	NA	limited	NA	NA	NA	NA	limited	0.0000	3	0.7500	limited	limited	limited
Imhoffiella bheemlica	NA	NA	NA	NA	NA	NA	NA	NA	NA	NA	NA	NA	NA	NA	nan	0	1.0000			
Halorubrum aethiopicum	moderate	limited	moderate	limited	moderate	limited	NA	limited	limited	limited	NA	NA	limited	limited	0.2222	9	0.2500	moderate	limited	limited
Dokdonia diaphoros	limited	NA	NA	NA	limited	NA	NA	limited	NA	limited	NA	NA	NA	limited	0.0000	3	0.7500	limited	limited	limited
Trinickia mobilis	moderate	NA	NA	moderate	limited	NA	NA	limited	limited	NA	limited	NA	NA	limited	0.2000	5	0.5833	moderate	limited	limited
Nocardia coffeae	NA	limited	moderate	limited	limited	NA	NA	limited	NA	NA	limited	NA	limited	limited	0.1429	7	0.4167	moderate	limited	limited
Halopelagius fulvigenes	NA	NA	NA	NA	NA	NA	NA	NA	NA	NA	NA	NA	NA	NA	nan	0	1.0000			
Metabacillus galliciensis	limited	limited	moderate	NA	limited	limited	NA	limited	limited	NA	NA	limited	moderate	limited	0.2500	8	0.3333	moderate	limited	limited
Trinickia acidisoli	NA	NA	NA	NA	NA	NA	NA	limited	NA	NA	NA	NA	NA	NA	nan	1	0.9167			
Microbacterium allomyrinae	limited	limited	NA	limited	limited	NA	NA	limited	NA	NA	limited	limited	limited	limited	0.0000	7	0.4167	limited	limited	limited
Gordonia zhenghanii	NA	NA	NA	NA	NA	NA	NA	limited	limited	NA	NA	NA	NA	NA	nan	2	0.8333			
Halorubrum trueperi	moderate	moderate	moderate	moderate	moderate	limited	NA	limited	limited	NA	NA	limited	moderate	moderate	0.5556	9	0.2500	moderate	limited	moderate
Neobacillus pocheonensis	limited	NA	NA	limited	limited	NA	NA	limited	limited	NA	NA	NA	limited	limited	0.0000	5	0.5833	limited	limited	limited
Arthrobacter cavernae	moderate	limited	moderate	limited	limited	limited	NA	limited	NA	NA	limited	NA	moderate	limited	0.2500	8	0.3333	moderate	limited	limited
Oricola indica	NA	NA	NA	NA	NA	NA	NA	NA	NA	NA	NA	NA	NA	NA	nan	0	1.0000			
Helicobacter kumamotonensis	moderate	limited	moderate	NA	limited	limited	limited	limited	limited	moderate	NA	NA	moderate	limited	0.3333	9	0.2500	moderate	limited	limited
Gordonia liuliyuniae	NA	NA	NA	NA	NA	NA	NA	limited	NA	NA	NA	NA	NA	NA	nan	1	0.9167			
Dyella subtropica	moderate	NA	NA	limited	limited	NA	NA	limited	limited	NA	limited	NA	NA	limited	0.0000	5	0.5833	limited	limited	limited
Dyella silvatica	limited	limited	NA	limited	limited	limited	NA	limited	NA	NA	limited	NA	NA	limited	0.0000	6	0.5000	limited	limited	limited
Cytobacillus eiseniae	limited	NA	NA	limited	limited	limited	NA	limited	NA	NA	NA	NA	limited	limited	0.0000	5	0.5833	limited	limited	limited
Dyella acidisoli	NA	NA	NA	NA	limited	NA	NA	limited	NA	NA	limited	NA	NA	limited	0.0000	3	0.7500	limited	limited	limited
Solibacillus cecembensis	limited	NA	NA	NA	limited	NA	NA	limited	NA	NA	NA	NA	NA	NA	nan	2	0.8333			
Streptosporangium jomthongense	limited	limited	NA	limited	limited	NA	NA	limited	NA	NA	NA	NA	limited	limited	0.0000	5	0.5833	limited	limited	limited
Streptosporangium terrae	moderate	limited	moderate	NA	limited	limited	NA	limited	limited	NA	NA	limited	NA	limited	0.1429	7	0.4167	moderate	limited	limited
Micromonospora thawaii	limited	limited	moderate	limited	limited	limited	NA	limited	limited	limited	limited	limited	limited	limited	0.0909	11	0.0833	moderate	limited	limited
Chromobacterium alticapitis	NA	NA	NA	NA	limited	NA	NA	limited	NA	NA	NA	NA	limited	limited	0.0000	3	0.7500	limited	limited	limited
Frateuria flava	moderate	limited	limited	limited	limited	limited	limited	limited	limited	limited	limited	NA	limited	limited	0.0000	11	0.0833	limited	limited	limited
Massilia agrisoli	moderate	NA	NA	NA	limited	limited	NA	limited	NA	NA	NA	NA	NA	limited	0.0000	3	0.7500	limited	limited	limited
Helicobacter colisuis	NA	NA	NA	NA	NA	limited	limited	limited	limited	NA	NA	NA	NA	limited	0.0000	4	0.6667	limited	limited	limited
Dyella humicola	moderate	limited	NA	limited	limited	NA	NA	limited	limited	NA	NA	NA	NA	limited	0.0000	5	0.5833	limited	limited	limited
Dyella silvae	NA	NA	NA	NA	limited	limited	NA	limited	NA	NA	limited	NA	limited	limited	0.0000	5	0.5833	limited	limited	limited
Aquaspirillum soli	limited	NA	NA	NA	NA	limited	NA	limited	NA	NA	NA	NA	NA	NA	nan	2	0.8333			
Peribacillus tepidiphilus	moderate	limited	moderate	limited	limited	limited	NA	limited	NA	NA	limited	limited	moderate	limited	0.2222	9	0.2500	moderate	limited	limited
Isoptericola halalbus	limited	NA	NA	NA	limited	limited	NA	limited	NA	NA	NA	NA	NA	limited	0.0000	3	0.7500	limited	limited	limited
Duganella vulcania	NA	NA	NA	NA	NA	NA	NA	NA	NA	NA	NA	NA	NA	NA	nan	0	1.0000			
Schlegelella koreensis	limited	NA	NA	NA	limited	NA	NA	limited	NA	NA	NA	NA	NA	NA	nan	2	0.8333			
Ideonella aquatica	NA	NA	NA	NA	NA	NA	NA	NA	NA	NA	NA	NA	NA	NA	nan	0	1.0000			
Actinomadura parmotrematis	NA	NA	limited	NA	limited	NA	NA	limited	limited	NA	NA	NA	NA	limited	0.0000	4	0.6667	limited	limited	limited
Helicobacter turcicus	moderate	limited	moderate	moderate	moderate	limited	limited	limited	limited	moderate	limited	NA	moderate	limited	0.4545	11	0.0833	moderate	limited	limited
Humibacter soli	NA	NA	NA	NA	limited	NA	NA	NA	NA	NA	NA	NA	NA	NA	nan	1	0.9167			
Daejeonia ginsenosidivorans	NA	NA	NA	NA	NA	NA	NA	NA	NA	NA	NA	NA	NA	NA	nan	0	1.0000			
Microbulbifer flavimaris	moderate	NA	moderate	NA	limited	NA	NA	limited	limited	NA	NA	NA	NA	limited	0.2500	4	0.6667	moderate	limited	limited
Ideonella alba	limited	NA	NA	NA	NA	NA	NA	NA	limited	NA	NA	NA	limited	NA	nan	2	0.8333			
Bradyrhizobium zhengyangense	moderate	limited	moderate	limited	limited	limited	limited	limited	limited	moderate	limited	limited	limited	limited	0.1667	12	0.0000	moderate	limited	limited
Mesobacillus thioparans	limited	NA	NA	limited	limited	NA	NA	limited	NA	NA	NA	limited	limited	limited	0.0000	5	0.5833	limited	limited	limited
Lentibacillus salis	moderate	moderate	moderate	moderate	moderate	limited	NA	limited	limited	limited	NA	limited	moderate	moderate	0.5000	10	0.1667	moderate	limited	moderate
Psychromonas heitensis	NA	NA	NA	NA	limited	NA	NA	limited	NA	NA	NA	NA	NA	NA	nan	2	0.8333			
Dorea amylophila	limited	NA	NA	NA	NA	limited	NA	NA	limited	NA	NA	limited	NA	limited	0.0000	3	0.7500	limited	limited	limited
Mycolicibacterium murale	moderate	limited	moderate	moderate	moderate	limited	limited	limited	limited	limited	limited	limited	moderate	limited	0.3333	12	0.0000	moderate	limited	limited
Pandoraea terrigena	moderate	limited	limited	NA	limited	limited	limited	limited	limited	limited	NA	NA	limited	limited	0.0000	9	0.2500	limited	limited	limited
Mycolicibacterium vulneris	moderate	NA	NA	limited	limited	NA	NA	limited	limited	NA	limited	limited	limited	limited	0.0000	7	0.4167	limited	limited	limited
Piscinibacterium candidicorallinum	NA	NA	NA	NA	NA	NA	NA	NA	NA	NA	NA	NA	NA	NA	nan	0	1.0000			
Phaeochromatium fluminis	NA	NA	NA	NA	NA	NA	NA	NA	NA	NA	NA	NA	NA	NA	nan	0	1.0000			
Kribbella monticola	moderate	NA	moderate	NA	limited	limited	NA	limited	NA	NA	limited	limited	NA	limited	0.1667	6	0.5000	moderate	limited	limited
Rugamonas apoptosis	NA	NA	NA	NA	NA	NA	NA	NA	NA	NA	NA	NA	NA	NA	nan	0	1.0000			
Shewanella metallivivens	moderate	moderate	moderate	moderate	moderate	limited	NA	limited	limited	NA	NA	limited	moderate	moderate	0.5556	9	0.2500	moderate	limited	moderate
Nonomuraea aurantiaca	moderate	limited	NA	NA	limited	limited	NA	limited	limited	NA	NA	NA	NA	limited	0.0000	5	0.5833	limited	limited	limited
Natrinema saccharevitans	NA	NA	NA	NA	moderate	NA	NA	limited	NA	NA	NA	NA	NA	NA	nan	2	0.8333			
Mycoplana azooxidifex	NA	NA	NA	NA	limited	NA	NA	limited	limited	NA	NA	NA	NA	limited	0.0000	3	0.7500	limited	limited	limited
Dyella amyloliquefaciens	NA	NA	NA	NA	limited	limited	NA	limited	limited	NA	limited	NA	limited	limited	0.0000	6	0.5000	limited	limited	limited
Metabacillus iocasae	NA	NA	NA	NA	NA	NA	NA	limited	NA	NA	NA	NA	NA	NA	nan	1	0.9167			
Polynucleobacter paludilacus	limited	NA	NA	NA	limited	NA	NA	limited	limited	NA	NA	NA	NA	limited	0.0000	3	0.7500	limited	limited	limited
Rugamonas brunnea	limited	limited	NA	NA	limited	NA	NA	limited	NA	NA	NA	NA	NA	limited	0.0000	3	0.7500	limited	limited	limited
Chryseobacterium lecithinasegens	limited	limited	moderate	limited	limited	limited	limited	limited	limited	NA	limited	NA	moderate	limited	0.2000	10	0.1667	moderate	limited	limited
Humibacter aquilariae	NA	NA	NA	NA	NA	NA	NA	limited	NA	NA	NA	NA	NA	NA	nan	1	0.9167			
Tsuneonella amylolytica	limited	NA	NA	NA	NA	NA	NA	limited	limited	NA	NA	NA	NA	NA	nan	2	0.8333			
Neobacillus ginsengisoli	moderate	NA	moderate	limited	limited	limited	NA	limited	limited	NA	limited	limited	limited	limited	0.1111	9	0.2500	moderate	limited	limited
Borreliella tanukii	NA	NA	NA	NA	NA	NA	NA	NA	NA	NA	NA	NA	NA	NA	nan	0	1.0000			
Microbulbifer aestuariivivens	limited	NA	NA	NA	limited	NA	NA	limited	NA	NA	limited	NA	NA	limited	0.0000	3	0.7500	limited	limited	limited
Neptuniibacter halophilus	moderate	NA	NA	limited	limited	NA	NA	limited	limited	NA	NA	NA	limited	limited	0.0000	5	0.5833	limited	limited	limited
Alcanivorax xiamenensis	moderate	limited	limited	moderate	limited	limited	NA	limited	NA	NA	NA	NA	limited	limited	0.1429	7	0.4167	moderate	limited	limited
Rugamonas fusca	limited	limited	NA	limited	limited	limited	limited	limited	NA	NA	limited	NA	limited	limited	0.0000	8	0.3333	limited	limited	limited
Sinorhizobium psoraleae	moderate	NA	moderate	limited	limited	limited	limited	limited	limited	NA	limited	limited	moderate	limited	0.2000	10	0.1667	moderate	limited	limited
Halorubrum pallidum	moderate	moderate	moderate	moderate	moderate	limited	NA	limited	limited	NA	NA	NA	moderate	moderate	0.6250	8	0.3333	moderate	limited	moderate
Peribacillus alkalitolerans	moderate	limited	moderate	moderate	limited	NA	limited	limited	limited	NA	limited	limited	moderate	limited	0.3000	10	0.1667	moderate	limited	limited
Paracandidimonas caeni	limited	NA	NA	NA	limited	NA	NA	limited	limited	NA	NA	NA	NA	limited	0.0000	3	0.7500	limited	limited	limited
Arthrobacter ipis	limited	NA	moderate	limited	limited	limited	NA	limited	NA	NA	NA	NA	limited	limited	0.1667	6	0.5000	moderate	limited	limited
Halobellus rarus	limited	NA	NA	NA	limited	NA	NA	limited	NA	NA	NA	NA	NA	NA	nan	2	0.8333			
Novacetimonas maltaceti	NA	NA	NA	NA	NA	NA	NA	NA	NA	NA	NA	NA	NA	NA	nan	0	1.0000			
Mycolicibacterium komossense	moderate	NA	moderate	limited	limited	limited	NA	limited	limited	limited	limited	limited	moderate	limited	0.2000	10	0.1667	moderate	limited	limited
Thermocatellispora soli	limited	NA	NA	NA	limited	NA	NA	limited	NA	NA	NA	NA	NA	NA	nan	2	0.8333			
Nocardiopsis coralli	limited	NA	moderate	NA	limited	limited	NA	limited	NA	NA	limited	limited	limited	limited	0.1429	7	0.4167	moderate	limited	limited
Dyella lutea	moderate	limited	moderate	NA	limited	NA	NA	limited	NA	NA	NA	NA	limited	limited	0.2000	5	0.5833	moderate	limited	limited
Mycolicibacterium lutetiense	moderate	NA	NA	limited	limited	limited	limited	limited	limited	NA	limited	limited	limited	limited	0.0000	9	0.2500	limited	limited	limited
Erythrobacter aurantius	moderate	limited	NA	moderate	limited	NA	NA	limited	limited	NA	NA	NA	limited	limited	0.1667	6	0.5000	moderate	limited	limited
Leptospira andrefontaineae	moderate	moderate	limited	limited	limited	limited	limited	limited	limited	limited	limited	limited	moderate	limited	0.1667	12	0.0000	moderate	limited	limited
Rhodococcus yananensis	NA	limited	moderate	NA	limited	NA	NA	NA	NA	NA	limited	NA	limited	limited	0.2000	5	0.5833	moderate	limited	limited
Pseudarthrobacter humi	moderate	limited	moderate	NA	limited	limited	limited	limited	limited	NA	limited	NA	limited	limited	0.1111	9	0.2500	moderate	limited	limited
Natrinema mahii	moderate	NA	NA	NA	moderate	limited	NA	limited	NA	NA	NA	NA	NA	limited	0.3333	3	0.7500	moderate	limited	limited
Heyndrickxia shackletonii	limited	NA	moderate	NA	limited	NA	NA	limited	limited	NA	NA	NA	moderate	limited	0.4000	5	0.5833	moderate	limited	limited
Actinokineospora guangxiensis	limited	NA	NA	NA	limited	NA	NA	limited	NA	NA	NA	NA	limited	limited	0.0000	3	0.7500	limited	limited	limited
Lentilactobacillus raoultii	moderate	NA	NA	NA	limited	NA	limited	limited	limited	NA	NA	NA	limited	limited	0.0000	5	0.5833	limited	limited	limited
Methylotuvimicrobium japanense	moderate	NA	NA	limited	NA	NA	NA	limited	limited	limited	limited	NA	limited	limited	0.0000	6	0.5000	limited	limited	limited
Mariniflexile aquimaris	NA	NA	NA	NA	limited	NA	NA	limited	NA	NA	NA	NA	NA	NA	nan	2	0.8333			
Pseudaminobacter granuli	moderate	limited	NA	NA	limited	limited	limited	limited	NA	NA	NA	NA	limited	limited	0.0000	6	0.5000	limited	limited	limited
Bacteroides facilis	moderate	limited	moderate	limited	limited	limited	limited	limited	limited	NA	NA	NA	limited	limited	0.1111	9	0.2500	moderate	limited	limited
Pandoraea capi	limited	limited	limited	NA	limited	limited	limited	limited	limited	NA	NA	NA	limited	limited	0.0000	8	0.3333	limited	limited	limited
Pseudorivibacter rhizosphaerae	limited	NA	NA	NA	limited	NA	NA	limited	NA	NA	NA	NA	NA	NA	nan	2	0.8333			
Mesorhizobium hankyongi	moderate	NA	moderate	NA	limited	NA	NA	limited	NA	NA	limited	NA	limited	limited	0.2000	5	0.5833	moderate	limited	limited
Kaistella treverensis	NA	NA	NA	NA	NA	limited	NA	NA	limited	NA	NA	NA	NA	NA	nan	2	0.8333			
Prauserella soli	limited	NA	moderate	limited	limited	limited	NA	limited	NA	NA	limited	NA	NA	limited	0.1667	6	0.5000	moderate	limited	limited
Pandoraea anapnoica	moderate	limited	limited	NA	limited	limited	limited	limited	limited	limited	NA	limited	limited	limited	0.0000	10	0.1667	limited	limited	limited
Paucilactobacillus kaifaensis	moderate	NA	NA	NA	NA	NA	NA	limited	limited	NA	NA	NA	NA	NA	nan	2	0.8333			
Caballeronia ginsengisoli	limited	NA	moderate	NA	NA	limited	NA	limited	NA	NA	limited	NA	NA	limited	0.2500	4	0.6667	moderate	limited	limited
Polynucleobacter kasalickyi	moderate	NA	limited	NA	limited	limited	limited	limited	limited	NA	limited	NA	limited	limited	0.0000	8	0.3333	limited	limited	limited
Mycolicibacterium arcueilense	moderate	limited	limited	limited	limited	limited	NA	limited	limited	limited	limited	limited	moderate	limited	0.0909	11	0.0833	moderate	limited	limited
Niallia endozanthoxylica	NA	NA	NA	NA	NA	NA	NA	limited	NA	NA	NA	NA	NA	NA	nan	1	0.9167			
Metabacillus herbersteinensis	limited	NA	NA	NA	NA	NA	NA	NA	NA	NA	NA	NA	NA	NA	nan	0	1.0000			
Heyndrickxia ginsengihumi	moderate	NA	moderate	limited	limited	NA	NA	limited	limited	NA	NA	NA	moderate	limited	0.3333	6	0.5000	moderate	limited	limited
Epilithonimonas hungarica	limited	limited	moderate	limited	limited	limited	limited	limited	limited	limited	limited	NA	limited	limited	0.0909	11	0.0833	moderate	limited	limited
Metaplanococcus flavidus	NA	NA	NA	NA	NA	NA	NA	NA	NA	NA	NA	NA	NA	NA	nan	0	1.0000			
Agromyces seonyuensis	NA	NA	NA	NA	NA	NA	NA	NA	NA	NA	NA	NA	NA	NA	nan	0	1.0000			
Stutzerimonas xanthomarina	moderate	NA	moderate	moderate	limited	limited	limited	limited	limited	limited	limited	NA	limited	limited	0.2000	10	0.1667	moderate	limited	limited
Qipengyuania xiapuensis	NA	NA	NA	NA	limited	NA	NA	NA	limited	NA	NA	NA	NA	NA	nan	2	0.8333			
Actinokineospora acnipugnans	NA	NA	NA	NA	NA	NA	NA	limited	NA	NA	NA	NA	limited	NA	nan	2	0.8333			
Tsuneonella suprasediminis	moderate	NA	NA	NA	limited	limited	NA	limited	limited	NA	NA	NA	NA	limited	0.0000	4	0.6667	limited	limited	limited
Pandoraea eparura	limited	NA	limited	NA	limited	limited	limited	limited	limited	limited	limited	NA	limited	limited	0.0000	9	0.2500	limited	limited	limited
Pandoraea captiosa	limited	NA	limited	limited	limited	NA	limited	limited	limited	NA	NA	limited	NA	limited	0.0000	7	0.4167	limited	limited	limited
Actinorectispora metalli	NA	NA	NA	NA	limited	NA	NA	NA	NA	NA	NA	NA	NA	NA	nan	1	0.9167			
Saccharomonospora xiaoerkulensis	NA	NA	NA	limited	limited	NA	NA	limited	NA	NA	NA	NA	limited	limited	0.0000	4	0.6667	limited	limited	limited
Leptospira dzoumogneensis	NA	NA	NA	NA	limited	NA	NA	limited	limited	NA	NA	NA	limited	limited	0.0000	4	0.6667	limited	limited	limited
Pusillimonas minor	limited	limited	moderate	limited	limited	limited	NA	limited	limited	limited	NA	limited	limited	limited	0.1000	10	0.1667	moderate	limited	limited
Heyndrickxia acidicola	limited	NA	NA	NA	limited	NA	NA	limited	NA	NA	NA	NA	NA	NA	nan	2	0.8333			
Stutzerimonas nitrititolerans	moderate	limited	moderate	limited	NA	NA	limited	limited	limited	limited	limited	NA	moderate	limited	0.2222	9	0.2500	moderate	limited	limited
Caldimonas caldifontis	limited	NA	NA	NA	limited	limited	NA	NA	NA	NA	NA	NA	limited	limited	0.0000	3	0.7500	limited	limited	limited
Aestuariimicrobium soli	NA	NA	NA	NA	limited	NA	NA	limited	NA	NA	NA	NA	NA	NA	nan	2	0.8333			
Epilithonimonas arachidiradicis	limited	NA	NA	NA	limited	NA	NA	limited	NA	NA	NA	NA	limited	limited	0.0000	3	0.7500	limited	limited	limited
Nonomuraea mangrovi	limited	NA	NA	NA	NA	NA	NA	limited	NA	NA	NA	NA	NA	NA	nan	1	0.9167			
Metamycoplasma buccale	limited	NA	NA	limited	limited	limited	limited	limited	limited	limited	NA	NA	limited	limited	0.0000	8	0.3333	limited	limited	limited
Pandoraea soli	limited	limited	limited	limited	limited	limited	limited	limited	limited	NA	limited	limited	limited	limited	0.0000	11	0.0833	limited	limited	limited
Kaistella solincola	limited	NA	NA	NA	limited	limited	NA	NA	limited	NA	NA	NA	NA	limited	0.0000	3	0.7500	limited	limited	limited
Epilithonimonas mollis	limited	limited	moderate	limited	limited	limited	NA	limited	limited	limited	limited	NA	limited	limited	0.1000	10	0.1667	moderate	limited	limited
Cytobacillus formosensis	limited	NA	NA	NA	limited	NA	NA	limited	limited	NA	NA	NA	NA	limited	0.0000	3	0.7500	limited	limited	limited
Sinorhizobium shofinae	moderate	NA	moderate	limited	NA	NA	limited	limited	NA	NA	limited	NA	limited	limited	0.1667	6	0.5000	moderate	limited	limited
Pandoraea aquatica	moderate	NA	moderate	NA	limited	NA	limited	limited	limited	limited	NA	NA	limited	limited	0.1429	7	0.4167	moderate	limited	limited
Qipengyuania aestuarii	moderate	limited	moderate	NA	limited	limited	NA	limited	limited	limited	limited	NA	NA	limited	0.1250	8	0.3333	moderate	limited	limited
Microbulbifer guangxiensis	moderate	NA	NA	limited	limited	NA	NA	limited	limited	NA	NA	NA	NA	limited	0.0000	4	0.6667	limited	limited	limited
Eoetvoesiella caeni	limited	NA	NA	NA	NA	NA	NA	limited	limited	NA	NA	NA	NA	NA	nan	2	0.8333			
Prescottella soli	limited	NA	NA	NA	NA	NA	NA	NA	limited	NA	NA	NA	NA	NA	nan	1	0.9167			
Niallia oryzisoli	NA	NA	NA	NA	limited	NA	NA	limited	NA	NA	NA	NA	NA	NA	nan	2	0.8333			
Prescottella subtropica	NA	NA	NA	NA	NA	NA	NA	NA	NA	NA	NA	NA	NA	NA	nan	0	1.0000			
Pseudomonas shirazensis	moderate	NA	limited	NA	NA	NA	limited	limited	limited	NA	limited	limited	limited	limited	0.0000	7	0.4167	limited	limited	limited
Pseudomonas azerbaijanoccidentalis	NA	NA	limited	NA	limited	NA	NA	limited	NA	NA	NA	limited	limited	limited	0.0000	5	0.5833	limited	limited	limited
Corynebacterium meitnerae	NA	limited	moderate	NA	limited	NA	NA	limited	NA	NA	NA	limited	limited	limited	0.1667	6	0.5000	moderate	limited	limited
Corynebacterium yonathiae	NA	NA	NA	NA	NA	NA	NA	limited	NA	NA	NA	NA	NA	NA	nan	1	0.9167			
Paracidovorax cattleyae	limited	NA	NA	NA	NA	limited	NA	limited	NA	NA	NA	NA	NA	NA	nan	2	0.8333			
Sinorhizobium glycinis	moderate	moderate	moderate	moderate	limited	NA	limited	limited	limited	moderate	limited	limited	moderate	limited	0.4545	11	0.0833	moderate	limited	limited
Paenacidovorax caeni	moderate	limited	moderate	limited	limited	limited	NA	limited	limited	NA	limited	limited	moderate	limited	0.2000	10	0.1667	moderate	limited	limited
Oleidesulfovibrio vietnamensis	limited	NA	NA	NA	limited	NA	NA	NA	NA	NA	NA	NA	NA	NA	nan	1	0.9167			
Corynebacterium macclintockiae	NA	NA	moderate	limited	limited	NA	NA	limited	limited	NA	NA	limited	limited	limited	0.1429	7	0.4167	moderate	limited	limited
Cryobacterium tagatosivorans	limited	NA	NA	NA	limited	NA	NA	limited	NA	NA	NA	NA	NA	NA	nan	2	0.8333			
Polynucleobacter brandtiae	moderate	NA	moderate	moderate	limited	limited	limited	limited	limited	NA	NA	NA	moderate	limited	0.3750	8	0.3333	moderate	limited	limited
Pseudoduganella namucuonensis	limited	NA	NA	NA	NA	NA	NA	NA	NA	NA	NA	NA	NA	NA	nan	0	1.0000			
Kaistella montana	NA	NA	NA	NA	NA	limited	NA	NA	limited	NA	NA	NA	NA	NA	nan	2	0.8333			
Kaistella anthropi	moderate	NA	NA	NA	limited	limited	limited	limited	limited	NA	NA	limited	NA	limited	0.0000	6	0.5000	limited	limited	limited
Novacetimonas pomaceti	NA	NA	NA	NA	NA	NA	NA	limited	NA	NA	NA	NA	NA	NA	nan	1	0.9167			
Leptospira koniambonensis	NA	NA	limited	limited	limited	NA	limited	limited	NA	NA	NA	NA	limited	limited	0.0000	6	0.5000	limited	limited	limited
Paracidovorax wautersii	NA	NA	NA	NA	NA	NA	NA	limited	NA	NA	NA	NA	NA	NA	nan	1	0.9167			
Mycolicibacterium montmartrense	moderate	limited	limited	limited	limited	limited	limited	limited	limited	limited	limited	limited	moderate	limited	0.0833	12	0.0000	moderate	limited	limited
Pseudomonas akapageensis	moderate	NA	limited	NA	NA	NA	NA	NA	limited	NA	NA	limited	limited	limited	0.0000	4	0.6667	limited	limited	limited
Epilithonimonas pallida	limited	limited	limited	limited	limited	limited	limited	limited	limited	NA	limited	NA	limited	limited	0.0000	10	0.1667	limited	limited	limited
Polynucleobacter alcilacus	limited	NA	NA	NA	limited	NA	limited	limited	limited	NA	NA	NA	NA	limited	0.0000	4	0.6667	limited	limited	limited
Polynucleobacter finlandensis	moderate	NA	moderate	moderate	limited	NA	limited	limited	limited	limited	NA	NA	moderate	limited	0.3750	8	0.3333	moderate	limited	limited
Qipengyuania vesicularis	moderate	NA	moderate	moderate	limited	limited	limited	limited	limited	NA	NA	NA	limited	limited	0.2500	8	0.3333	moderate	limited	limited
Qipengyuania polymorpha	moderate	NA	NA	NA	limited	NA	NA	limited	NA	NA	NA	NA	NA	NA	nan	2	0.8333			
Polynucleobacter hallstattensis	moderate	moderate	moderate	moderate	limited	limited	limited	limited	limited	NA	NA	limited	moderate	limited	0.4000	10	0.1667	moderate	limited	limited
Polynucleobacter bastaniensis	limited	NA	limited	NA	limited	NA	NA	limited	NA	NA	NA	NA	limited	limited	0.0000	4	0.6667	limited	limited	limited
Polynucleobacter nymphae	moderate	NA	moderate	moderate	limited	limited	limited	limited	limited	NA	NA	NA	moderate	limited	0.3750	8	0.3333	moderate	limited	limited
Qipengyuania sphaerica	limited	NA	NA	NA	NA	NA	NA	limited	limited	NA	NA	NA	NA	NA	nan	2	0.8333			
Sphingomonas folli	NA	NA	limited	limited	limited	limited	limited	limited	limited	limited	limited	NA	limited	limited	0.0000	10	0.1667	limited	limited	limited
Qipengyuania xiamenensis	limited	NA	NA	limited	limited	limited	NA	limited	limited	NA	NA	NA	NA	limited	0.0000	5	0.5833	limited	limited	limited
